state,district,market,commodity,variety,grade,arrival_date,min_price,max_price,modal_price,original_price,original_unit,normalized_price,normalized_unit,is_unit_usable
Andaman And Nicobar,North And Middle Andaman,Diglipur Vegetable Market (Subhashgram),Amaranthus,Other,FAQ,2026-09-05,3000.0,6000.0,4500.0,4500.0,quintal,4500.0,₹/quintal,True
Andaman And Nicobar,North And Middle Andaman,Diglipur Vegetable Market (Subhashgram),Ashgourd,Other,FAQ,2026-09-05,2500.0,5000.0,3500.0,3500.0,quintal,3500.0,₹/quintal,True
Andaman And Nicobar,North And Middle Andaman,Diglipur Vegetable Market (Subhashgram),Banana,Banana - Ripe,Local,2026-09-05,3000.0,6000.0,4500.0,4500.0,quintal,4500.0,₹/quintal,True
Andaman And Nicobar,North And Middle Andaman,Diglipur Vegetable Market (Subhashgram),Banana - Green,Other,FAQ,2026-09-05,2500.0,5000.0,3500.0,3500.0,quintal,3500.0,₹/quintal,True
Andaman And Nicobar,North And Middle Andaman,Diglipur Vegetable Market (Subhashgram),Bhindi(Ladies Finger),Other,FAQ,2026-09-05,3000.0,6000.0,4500.0,4500.0,quintal,4500.0,₹/quintal,True
Andaman And Nicobar,North And Middle Andaman,Diglipur Vegetable Market (Subhashgram),Bitter gourd,Other,FAQ,2026-09-05,3000.0,6000.0,4500.0,4500.0,quintal,4500.0,₹/quintal,True
Andaman And Nicobar,North And Middle Andaman,Diglipur Vegetable Market (Subhashgram),Black Gram(Urd Beans)(Whole),Other,FAQ,2026-09-05,8000.0,12000.0,9500.0,9500.0,quintal,9500.0,₹/quintal,True
Andaman And Nicobar,North And Middle Andaman,Diglipur Vegetable Market (Subhashgram),Bottle gourd,Other,FAQ,2026-09-05,2500.0,5000.0,3500.0,3500.0,quintal,3500.0,₹/quintal,True
Andaman And Nicobar,North And Middle Andaman,Diglipur Vegetable Market (Subhashgram),Brinjal,Other,FAQ,2026-09-05,5000.0,10000.0,7000.0,7000.0,quintal,7000.0,₹/quintal,True
Andaman And Nicobar,North And Middle Andaman,Diglipur Vegetable Market (Subhashgram),Coconut,Coconut,FAQ,2026-09-05,20.0,40.0,30.0,30.0,quintal,30.0,₹/quintal,True
Andaman And Nicobar,North And Middle Andaman,Diglipur Vegetable Market (Subhashgram),Coriander(Leaves),Local,FAQ,2026-09-05,20000.0,30000.0,25000.0,25000.0,quintal,25000.0,₹/quintal,True
Andaman And Nicobar,North And Middle Andaman,Diglipur Vegetable Market (Subhashgram),Cowpea(Veg),Cowpea (Veg),FAQ,2026-09-05,2000.0,4000.0,3000.0,3000.0,quintal,3000.0,₹/quintal,True
Andaman And Nicobar,North And Middle Andaman,Diglipur Vegetable Market (Subhashgram),Cucumbar(Kheera),Other,FAQ,2026-09-05,2500.0,5000.0,3500.0,3500.0,quintal,3500.0,₹/quintal,True
Andaman And Nicobar,North And Middle Andaman,Diglipur Vegetable Market (Subhashgram),Drumstick,Other,FAQ,2026-09-05,10000.0,20000.0,15000.0,15000.0,quintal,15000.0,₹/quintal,True
Andaman And Nicobar,North And Middle Andaman,Diglipur Vegetable Market (Subhashgram),Ginger(Green),Other,FAQ,2026-09-05,15000.0,25000.0,20000.0,20000.0,quintal,20000.0,₹/quintal,True
Andaman And Nicobar,North And Middle Andaman,Diglipur Vegetable Market (Subhashgram),Green Chilli,Other,FAQ,2026-09-05,50000.0,60000.0,55000.0,55000.0,quintal,55000.0,₹/quintal,True
Andaman And Nicobar,North And Middle Andaman,Diglipur Vegetable Market (Subhashgram),Green Gram(Moong)(Whole),Other,FAQ,2026-09-05,8000.0,12000.0,9500.0,9500.0,quintal,9500.0,₹/quintal,True
Andaman And Nicobar,North And Middle Andaman,Diglipur Vegetable Market (Subhashgram),Lemon,Other,FAQ,2026-09-05,3.0,7.0,5.0,5.0,quintal,5.0,₹/quintal,True
Andaman And Nicobar,North And Middle Andaman,Diglipur Vegetable Market (Subhashgram),Little gourd(Kundru),Other,FAQ,2026-09-05,2500.0,5000.0,3500.0,3500.0,quintal,3500.0,₹/quintal,True
Andaman And Nicobar,North And Middle Andaman,Diglipur Vegetable Market (Subhashgram),Papaya(Raw),Other,FAQ,2026-09-05,2000.0,4000.0,3000.0,3000.0,quintal,3000.0,₹/quintal,True
Andaman And Nicobar,North And Middle Andaman,Diglipur Vegetable Market (Subhashgram),Pumpkin,Other,FAQ,2026-09-05,4000.0,8000.0,6000.0,6000.0,quintal,6000.0,₹/quintal,True
Andaman And Nicobar,North And Middle Andaman,Diglipur Vegetable Market (Subhashgram),Ridgeguard(Tori),Other,FAQ,2026-09-05,2000.0,4000.0,3000.0,3000.0,quintal,3000.0,₹/quintal,True
Andaman And Nicobar,North And Middle Andaman,Diglipur Vegetable Market (Subhashgram),Snakeguard,Other,FAQ,2026-09-05,2000.0,4000.0,3000.0,3000.0,quintal,3000.0,₹/quintal,True
Andaman And Nicobar,North And Middle Andaman,Diglipur Vegetable Market (Subhashgram),Tender Coconut,Tender Coconut,Medium,2026-09-05,25.0,50.0,35.0,35.0,quintal,35.0,₹/quintal,True
Andaman And Nicobar,North And Middle Andaman,Diglipur Vegetable Market (Subhashgram),Turmeric,Other,FAQ,2026-09-05,20000.0,30000.0,25000.0,25000.0,quintal,25000.0,₹/quintal,True
Andhra Pradesh,Alluri Sitharama Raju,Araku Valley APMC,Turmeric,Finger,Grade Range-1,2026-09-05,11500.0,12000.0,11750.0,11750.0,quintal,11750.0,₹/quintal,True
Andhra Pradesh,Alluri Sitharama Raju,Chintapally APMC,Groundnut,Local,FAQ,2026-09-05,6500.0,7500.0,7000.0,7000.0,quintal,7000.0,₹/quintal,True
Andhra Pradesh,Anakapally,Yellamanchili APMC,Paddy(Common),1001,Local,2026-09-05,2390.0,2450.0,2400.0,2400.0,quintal,2400.0,₹/quintal,True
Andhra Pradesh,Ananthapuramu,Gooti APMC,Cotton,Bramha,Grade Range-1,2026-09-05,5211.0,9961.0,9769.0,9769.0,quintal,9769.0,₹/quintal,True
Andhra Pradesh,Ananthapuramu,Gooti APMC,Groundnut,Local,Grade Range-1,2026-09-05,5499.0,6700.0,5900.0,5900.0,quintal,5900.0,₹/quintal,True
Andhra Pradesh,Ananthapuramu,Gooti APMC,Red gram/Arhar/Tur(whole),Local,Grade Range-1,2026-09-05,4900.0,6500.0,5700.0,5700.0,quintal,5700.0,₹/quintal,True
Andhra Pradesh,Ananthapuramu,Guntakal APMC,Bengal Gram(Gram)(Whole),Gulabi,Local,2026-09-05,6100.0,6300.0,6200.0,6200.0,quintal,6200.0,₹/quintal,True
Andhra Pradesh,Ananthapuramu,Guntakal APMC,Groundnut,Local,Local,2026-09-05,7000.0,8000.0,7500.0,7500.0,quintal,7500.0,₹/quintal,True
Andhra Pradesh,Ananthapuramu,Guntakal APMC,Red gram/Arhar/Tur(whole),Local,Local,2026-09-05,7000.0,8200.0,7500.0,7500.0,quintal,7500.0,₹/quintal,True
Andhra Pradesh,Ananthapuramu,Kalyandurg APMC,Groundnut,Local,Grade Range-1,2026-09-05,8000.0,8500.0,8300.0,8300.0,quintal,8300.0,₹/quintal,True
Andhra Pradesh,Ananthapuramu,Rapthadu APMC,Ground Nut Seed,Ground Nut Seed,Grade Range-1,2026-09-05,9500.0,11500.0,10500.0,10500.0,quintal,10500.0,₹/quintal,True
Andhra Pradesh,Ananthapuramu,Singanamala APMC,Groundnut,Local,Grade Range-1,2026-09-05,6600.0,7800.0,7200.0,7200.0,quintal,7200.0,₹/quintal,True
Andhra Pradesh,Annamayya,Piler APMC,Gur(Jaggery),NO 3,Local,2026-09-05,4500.0,5200.0,4800.0,4800.0,quintal,4800.0,₹/quintal,True
Andhra Pradesh,Bapatla,Bapatla APMC,Groundnut,Local,Local,2026-09-05,8000.0,8500.0,8250.0,8250.0,quintal,8250.0,₹/quintal,True
Andhra Pradesh,Bapatla,Bapatla APMC,Maize,Local,Local,2026-09-05,2200.0,2400.0,2300.0,2300.0,quintal,2300.0,₹/quintal,True
Andhra Pradesh,Bapatla,Bapatla APMC,Paddy(Common),B P T,Local,2026-09-05,3300.0,3500.0,3400.0,3400.0,quintal,3400.0,₹/quintal,True
Andhra Pradesh,Bapatla,Chirala APMC,Paddy(Common),B P T,Local,2026-09-05,2400.0,2500.0,2450.0,2450.0,quintal,2450.0,₹/quintal,True
Andhra Pradesh,Bapatla,Kuchinapudi APMC,Black Gram(Urd Beans)(Whole),Black Gram (Whole),Local,2026-09-05,9800.0,10000.0,9900.0,9900.0,quintal,9900.0,₹/quintal,True
Andhra Pradesh,Bapatla,Kuchinapudi APMC,Maize,Local,Local,2026-09-05,2800.0,3000.0,2900.0,2900.0,quintal,2900.0,₹/quintal,True
Andhra Pradesh,Bapatla,Kuchinapudi APMC,Paddy(Common),B P T,Local,2026-09-05,3300.0,3500.0,3400.0,3400.0,quintal,3400.0,₹/quintal,True
Andhra Pradesh,Chittor,S.R.Puram APMC,Gur(Jaggery),NO 3,Local,2026-09-05,1500.0,1900.0,1700.0,1700.0,quintal,1700.0,₹/quintal,True
Andhra Pradesh,Dr.B.R.A.Konaseema,Alamuru APMC,Paddy(Common),Paddy,FAQ,2026-09-05,2369.0,2389.0,2369.0,2369.0,quintal,2369.0,₹/quintal,True
Andhra Pradesh,Dr.B.R.A.Konaseema,Ramachandrapuram APMC,Paddy(Common),Paddy,FAQ,2026-09-05,2369.0,2380.0,2369.0,2369.0,quintal,2369.0,₹/quintal,True
Andhra Pradesh,East Godavari,Mandapeta APMC,Paddy(Common),1001,FAQ,2026-09-05,2369.0,2400.0,2389.0,2389.0,quintal,2389.0,₹/quintal,True
Andhra Pradesh,Eluru,Chintalapudi APMC,Lemon,Lemon,FAQ,2026-09-05,10000.0,11000.0,10500.0,10500.0,quintal,10500.0,₹/quintal,True
Andhra Pradesh,Eluru,Kaikaluru APMC,Paddy(Common),MTU-1001,Local,2026-09-05,2440.0,2440.0,2440.0,2440.0,quintal,2440.0,₹/quintal,True
Andhra Pradesh,Eluru,Polavaram APMC,Maize,Local,Local,2026-09-05,2415.0,2415.0,2415.0,2415.0,quintal,2415.0,₹/quintal,True
Andhra Pradesh,Eluru,Polavaram APMC,Paddy(Common),1001,Local,2026-09-05,2445.0,2445.0,2445.0,2445.0,quintal,2445.0,₹/quintal,True
Andhra Pradesh,Kakinada,Jaggampet APMC,Paddy(Common),Common,FAQ,2026-09-05,2369.0,2380.0,2369.0,2369.0,quintal,2369.0,₹/quintal,True
Andhra Pradesh,Kakinada,Kakinada (Urban) APMC,Paddy(Common),Common,FAQ,2026-09-05,2369.0,2390.0,2375.0,2375.0,quintal,2375.0,₹/quintal,True
Andhra Pradesh,Kakinada,Karapa APMC,Paddy(Common),1001,FAQ,2026-09-05,2363.0,2369.0,2366.0,2366.0,quintal,2366.0,₹/quintal,True
Andhra Pradesh,Kakinada,Peddapuram APMC,Paddy(Common),1001,FAQ,2026-09-05,2369.0,2390.0,2369.0,2369.0,quintal,2369.0,₹/quintal,True
Andhra Pradesh,Kakinada,Pithapuram APMC,Paddy(Common),1001,FAQ,2026-09-05,2369.0,2389.0,2379.0,2379.0,quintal,2379.0,₹/quintal,True
Andhra Pradesh,Kakinada,Samalkot APMC,Paddy(Common),Paddy,FAQ,2026-09-05,2365.0,2380.0,2369.0,2369.0,quintal,2369.0,₹/quintal,True
Andhra Pradesh,Kakinada,Sampara (Kakinada Rural) APMC,Paddy(Common),1001,FAQ,2026-09-05,2369.0,2389.0,2379.0,2379.0,quintal,2379.0,₹/quintal,True
Andhra Pradesh,Kakinada,Tuni APMC,Cashewnuts,Local(Raw),FAQ,2026-09-05,13000.0,13000.0,13000.0,13000.0,quintal,13000.0,₹/quintal,True
Andhra Pradesh,Krishna,Divi (HQ-Avanigadda) APMC,Black Gram(Urd Beans)(Whole),Desi,FAQ,2026-09-05,8300.0,8800.0,8600.0,8600.0,quintal,8600.0,₹/quintal,True
Andhra Pradesh,Krishna,Divi (HQ-Avanigadda) APMC,Paddy(Common),B P T,FAQ,2026-09-05,3100.0,3400.0,3200.0,3200.0,quintal,3200.0,₹/quintal,True
Andhra Pradesh,Krishna,Gudiwada APMC,Black Gram Dal(Urd Dal),Local,FAQ,2026-09-05,8500.0,8600.0,8550.0,8550.0,quintal,8550.0,₹/quintal,True
Andhra Pradesh,Nandyal,Atmakur (Nandyal District) APMC,Paddy(Common),Sona,FAQ,2026-09-05,2650.0,2650.0,2650.0,2650.0,quintal,2650.0,₹/quintal,True
Andhra Pradesh,Nandyal,Koilkunta APMC,Jowar(Sorghum),Jowar ( White),FAQ,2026-09-05,3000.0,3400.0,3200.0,3200.0,quintal,3200.0,₹/quintal,True
Andhra Pradesh,Palnadu,Gurazala APMC,Chili Red,Red,Local,2026-09-05,15000.0,22500.0,19600.0,19600.0,quintal,19600.0,₹/quintal,True
Andhra Pradesh,Palnadu,Ipur APMC,Maize,Local,FAQ,2026-09-05,1800.0,2100.0,1950.0,1950.0,quintal,1950.0,₹/quintal,True
Andhra Pradesh,Palnadu,Ipur APMC,Paddy(Common),Paddy,FAQ,2026-09-05,2500.0,2720.0,2650.0,2650.0,quintal,2650.0,₹/quintal,True
Andhra Pradesh,Palnadu,Macharla APMC,Cotton,Bunny,Grade Range-1,2026-09-05,9050.0,9050.0,9050.0,9050.0,quintal,9050.0,₹/quintal,True
Andhra Pradesh,Palnadu,Macharla APMC,Paddy(Common),B P T,Grade Range-1,2026-09-05,3200.0,3200.0,3200.0,3200.0,quintal,3200.0,₹/quintal,True
Andhra Pradesh,Palnadu,Macharla APMC,Red gram/Arhar/Tur(whole),Local,Grade Range-1,2026-09-05,8200.0,8200.0,8200.0,8200.0,quintal,8200.0,₹/quintal,True
Andhra Pradesh,Palnadu,Narasaraopet APMC,Bengal Gram(Gram)(Whole),Desi (Whole),FAQ,2026-09-05,6500.0,6500.0,6500.0,6500.0,quintal,6500.0,₹/quintal,True
Andhra Pradesh,Palnadu,Narasaraopet APMC,Black Gram(Urd Beans)(Whole),Black Gram (Whole),FAQ,2026-09-05,8500.0,8500.0,8500.0,8500.0,quintal,8500.0,₹/quintal,True
Andhra Pradesh,Palnadu,Narasaraopet APMC,Cotton,Bunny,FAQ,2026-09-05,8500.0,8500.0,8500.0,8500.0,quintal,8500.0,₹/quintal,True
Andhra Pradesh,Palnadu,Narasaraopet APMC,Green Gram(Moong)(Whole),Local (Whole),FAQ,2026-09-05,7500.0,7500.0,7500.0,7500.0,quintal,7500.0,₹/quintal,True
Andhra Pradesh,Palnadu,Narasaraopet APMC,Paddy(Common),Paddy,FAQ,2026-09-05,3000.0,3000.0,3000.0,3000.0,quintal,3000.0,₹/quintal,True
Andhra Pradesh,Palnadu,Narasaraopet APMC,Red gram/Arhar/Tur(whole),Local,FAQ,2026-09-05,8500.0,8500.0,8500.0,8500.0,quintal,8500.0,₹/quintal,True
Andhra Pradesh,Palnadu,Narasaraopet APMC,Rice,B P T,FAQ,2026-09-05,6000.0,6000.0,6000.0,6000.0,quintal,6000.0,₹/quintal,True
Andhra Pradesh,Palnadu,Rompicherla APMC,Maize,Hybrid/Local,FAQ,2026-09-05,2300.0,2500.0,2500.0,2500.0,quintal,2500.0,₹/quintal,True
Andhra Pradesh,Palnadu,Rompicherla APMC,Paddy(Common),Paddy,FAQ,2026-09-05,2300.0,2500.0,2500.0,2500.0,quintal,2500.0,₹/quintal,True
Andhra Pradesh,Parvathipuram Manyam,Kurupam APMC,Maize,Local,Local,2026-09-05,2400.0,2400.0,2400.0,2400.0,quintal,2400.0,₹/quintal,True
Andhra Pradesh,Parvathipuram Manyam,Parvathipuram APMC,Maize,Local,Local,2026-09-05,2400.0,2400.0,2400.0,2400.0,quintal,2400.0,₹/quintal,True
Andhra Pradesh,Polavaram,Rampachodvaram APMC,Paddy(Common),1001,Grade Range-2,2026-09-05,2369.0,2389.0,2379.0,2379.0,quintal,2379.0,₹/quintal,True
Andhra Pradesh,Prakasam,Darsi APMC,Cotton,Desi,Local,2026-09-05,8100.0,8200.0,8200.0,8200.0,quintal,8200.0,₹/quintal,True
Andhra Pradesh,Prakasam,Darsi APMC,Paddy(Common),B P T,Local,2026-09-05,2500.0,2600.0,2600.0,2600.0,quintal,2600.0,₹/quintal,True
Andhra Pradesh,Prakasam,Maddipadu APMC,Bajra(Pearl Millet/Cumbu),Bold,FAQ,2026-09-05,2750.0,2750.0,2750.0,2750.0,quintal,2750.0,₹/quintal,True
Andhra Pradesh,Prakasam,Maddipadu APMC,Bengal Gram(Gram)(Whole),Gulabi,FAQ,2026-09-05,6000.0,6000.0,6000.0,6000.0,quintal,6000.0,₹/quintal,True
Andhra Pradesh,Prakasam,Maddipadu APMC,Paddy(Common),B P T,FAQ,2026-09-05,2800.0,2800.0,2800.0,2800.0,quintal,2800.0,₹/quintal,True
Andhra Pradesh,Prakasam,Santhamaguluru APMC,Maize,Hybrid,FAQ,2026-09-05,2400.0,2480.0,2450.0,2450.0,quintal,2450.0,₹/quintal,True
Andhra Pradesh,Prakasam,Santhamaguluru APMC,Paddy(Common),B P T,FAQ,2026-09-05,2500.0,2580.0,2550.0,2550.0,quintal,2550.0,₹/quintal,True
Andhra Pradesh,Sri Sathya Sai,Penukonda APMC,Groundnut,Local,FAQ,2026-09-05,7400.0,7600.0,7500.0,7500.0,quintal,7500.0,₹/quintal,True
Andhra Pradesh,Sri Sathya Sai,Penukonda APMC,Maize,Hybrid/Local,FAQ,2026-09-05,2450.0,2550.0,2500.0,2500.0,quintal,2500.0,₹/quintal,True
Andhra Pradesh,Srikakulam,Ichapuram APMC,Paddy(Common),Sannalu,Local,2026-09-05,2369.0,2369.0,2369.0,2369.0,quintal,2369.0,₹/quintal,True
Andhra Pradesh,Srikakulam,Kanchili APMC,Paddy(Common),1001,FAQ,2026-09-05,2400.0,2400.0,2400.0,2400.0,quintal,2400.0,₹/quintal,True
Andhra Pradesh,Srikakulam,Kothabommali APMC,Paddy(Common),Paddy,Local,2026-09-05,3800.0,3800.0,3800.0,3800.0,quintal,3800.0,₹/quintal,True
Andhra Pradesh,Srikakulam,Narasannapet APMC,Paddy(Common),Paddy,FAQ,2026-09-05,2369.0,2369.0,2369.0,2369.0,quintal,2369.0,₹/quintal,True
Andhra Pradesh,Srikakulam,Palasa APMC,Cashewnuts,320 Counts,Local,2026-09-05,14000.0,14000.0,14000.0,14000.0,quintal,14000.0,₹/quintal,True
Andhra Pradesh,Srikakulam,Palasa APMC,Paddy(Common),Common,FAQ,2026-09-05,2369.0,2369.0,2369.0,2369.0,quintal,2369.0,₹/quintal,True
Andhra Pradesh,Tirupathi,Chandragiri APMC,Gur(Jaggery),Black,Local,2026-09-05,1490.42,1490.42,1490.42,1490.42,quintal,1490.42,₹/quintal,True
Andhra Pradesh,Tirupathi,Pakala APMC,Gur(Jaggery),NO 3,Local,2026-09-05,2900.0,2900.0,2900.0,2900.0,quintal,2900.0,₹/quintal,True
Andhra Pradesh,Tirupathi,Srikalahasti APMC,Groundnut,Local,Local,2026-09-05,6500.0,6800.0,6650.0,6650.0,quintal,6650.0,₹/quintal,True
Andhra Pradesh,Tirupathi,Srikalahasti APMC,Paddy(Common),Paddy Medium,Local,2026-09-05,2300.0,2600.0,2450.0,2450.0,quintal,2450.0,₹/quintal,True
Andhra Pradesh,Tirupathi,Vakadu APMC,Paddy(Common),B P T,Local,2026-09-05,2389.0,2410.0,2400.0,2400.0,quintal,2400.0,₹/quintal,True
Andhra Pradesh,Vijayanagaram,Chipurupalli APMC,Maize,Local,FAQ,2026-09-05,4800.0,4800.0,4800.0,4800.0,quintal,4800.0,₹/quintal,True
Andhra Pradesh,Visakhapatnam,Bhimunipatnam APMC,Ragi(Finger Millet),Local,Local,2026-09-05,5000.0,5000.0,5000.0,5000.0,quintal,5000.0,₹/quintal,True
Andhra Pradesh,Ysr Kadapa,Badvel APMC,Paddy(Common),Masuri,Local,2026-09-05,2380.0,2430.0,2400.0,2400.0,quintal,2400.0,₹/quintal,True
Andhra Pradesh,Ysr Kadapa,Mydukur APMC,Paddy(Common),Masuri,Local,2026-09-05,2800.0,3200.0,3000.0,3000.0,quintal,3000.0,₹/quintal,True
Bihar,East Champaran/ Motihari,Raxaul APMC,Bhindi(Ladies Finger),Bhindi,Grade A,2026-09-05,950.0,1100.0,1050.0,1050.0,quintal,1050.0,₹/quintal,True
Bihar,East Champaran/ Motihari,Raxaul APMC,Bitter gourd,Bitter Gourd,Grade A,2026-09-05,1200.0,1400.0,1300.0,1300.0,quintal,1300.0,₹/quintal,True
Bihar,East Champaran/ Motihari,Raxaul APMC,Onion,1st Sort,Grade A,2026-09-05,4200.0,4400.0,4300.0,4300.0,quintal,4300.0,₹/quintal,True
Bihar,East Champaran/ Motihari,Raxaul APMC,Pointed gourd(Parval),Other,Grade A,2026-09-05,2800.0,3000.0,2900.0,2900.0,quintal,2900.0,₹/quintal,True
Bihar,East Champaran/ Motihari,Raxaul APMC,Potato,Red Nanital,Grade A,2026-09-05,1400.0,1600.0,1500.0,1500.0,quintal,1500.0,₹/quintal,True
Gujarat,Amreli,Damnagar APMC,Bhindi(Ladies Finger),Bhindi,Local,2026-09-05,3000.0,3000.0,3000.0,3000.0,quintal,3000.0,₹/quintal,True
Gujarat,Amreli,Damnagar APMC,Bottle gourd,Bottle Gourd,Local,2026-09-05,3500.0,3500.0,3500.0,3500.0,quintal,3500.0,₹/quintal,True
Gujarat,Amreli,Damnagar APMC,Brinjal,Other,Local,2026-09-05,3500.0,3500.0,3500.0,3500.0,quintal,3500.0,₹/quintal,True
Gujarat,Amreli,Damnagar APMC,Cabbage,Cabbage,Local,2026-09-05,3000.0,3000.0,3000.0,3000.0,quintal,3000.0,₹/quintal,True
Gujarat,Amreli,Damnagar APMC,Cauliflower,Cauliflower,Local,2026-09-05,3000.0,3000.0,3000.0,3000.0,quintal,3000.0,₹/quintal,True
Gujarat,Amreli,Damnagar APMC,Coriander(Leaves),Coriander,Local,2026-09-05,5500.0,5500.0,5500.0,5500.0,quintal,5500.0,₹/quintal,True
Gujarat,Amreli,Damnagar APMC,Ginger(Green),Green Ginger,Local,2026-09-05,7500.0,7500.0,7500.0,7500.0,quintal,7500.0,₹/quintal,True
Gujarat,Amreli,Damnagar APMC,Green Chilli,Green Chilly,Local,2026-09-05,4500.0,4500.0,4500.0,4500.0,quintal,4500.0,₹/quintal,True
Gujarat,Amreli,Damnagar APMC,Guar,Gwar,Local,2026-09-05,5000.0,5000.0,5000.0,5000.0,quintal,5000.0,₹/quintal,True
Gujarat,Amreli,Damnagar APMC,Lemon,Lemon,Local,2026-09-05,2500.0,2500.0,2500.0,2500.0,quintal,2500.0,₹/quintal,True
Gujarat,Amreli,Damnagar APMC,Tomato,Local,Local,2026-09-05,4000.0,4000.0,4000.0,4000.0,quintal,4000.0,₹/quintal,True
Gujarat,Surat,Surat APMC,Banana - Green,Other,FAQ,2026-09-05,700.0,1400.0,1050.0,1050.0,quintal,1050.0,₹/quintal,True
Gujarat,Surat,Surat APMC,Beetroot,Other,FAQ,2026-09-05,1500.0,2750.0,2125.0,2125.0,quintal,2125.0,₹/quintal,True
Gujarat,Surat,Surat APMC,Bhindi(Ladies Finger),Bhindi,FAQ,2026-09-05,500.0,2000.0,1250.0,1250.0,quintal,1250.0,₹/quintal,True
Gujarat,Surat,Surat APMC,Bitter gourd,Bitter Gourd,FAQ,2026-09-05,2000.0,3500.0,2750.0,2750.0,quintal,2750.0,₹/quintal,True
Gujarat,Surat,Surat APMC,Bottle gourd,Bottle Gourd,FAQ,2026-09-05,1000.0,3500.0,2250.0,2250.0,quintal,2250.0,₹/quintal,True
Gujarat,Surat,Surat APMC,Brinjal,Brinjal,FAQ,2026-09-05,500.0,2300.0,1400.0,1400.0,quintal,1400.0,₹/quintal,True
Gujarat,Surat,Surat APMC,Cabbage,Cabbage,FAQ,2026-09-05,800.0,2500.0,1650.0,1650.0,quintal,1650.0,₹/quintal,True
Gujarat,Surat,Surat APMC,Capsicum,Other,FAQ,2026-09-05,2000.0,3800.0,2900.0,2900.0,quintal,2900.0,₹/quintal,True
Gujarat,Surat,Surat APMC,Carrot,Carrot,FAQ,2026-09-05,1000.0,2500.0,1750.0,1750.0,quintal,1750.0,₹/quintal,True
Gujarat,Surat,Surat APMC,Cauliflower,Cauliflower,FAQ,2026-09-05,1000.0,2800.0,1900.0,1900.0,quintal,1900.0,₹/quintal,True
Gujarat,Surat,Surat APMC,Cluster beans,Other,FAQ,2026-09-05,3000.0,7000.0,5000.0,5000.0,quintal,5000.0,₹/quintal,True
Gujarat,Surat,Surat APMC,Cowpea(Veg),Cowpea (Veg),FAQ,2026-09-05,2000.0,7000.0,4500.0,4500.0,quintal,4500.0,₹/quintal,True
Gujarat,Surat,Surat APMC,Cucumbar(Kheera),Cucumbar,FAQ,2026-09-05,1000.0,3500.0,2250.0,2250.0,quintal,2250.0,₹/quintal,True
Gujarat,Surat,Surat APMC,Drumstick,Drumstick,FAQ,2026-09-05,3000.0,4500.0,3750.0,3750.0,quintal,3750.0,₹/quintal,True
Gujarat,Surat,Surat APMC,Elephant Yam(Suran)/Amorphophallus,Other,FAQ,2026-09-05,2500.0,3300.0,2900.0,2900.0,quintal,2900.0,₹/quintal,True
Gujarat,Surat,Surat APMC,French Beans(Frasbean),Other,FAQ,2026-09-05,2000.0,3500.0,2750.0,2750.0,quintal,2750.0,₹/quintal,True
Gujarat,Surat,Surat APMC,Ginger(Green),Green Ginger,FAQ,2026-09-05,6000.0,14000.0,10000.0,10000.0,quintal,10000.0,₹/quintal,True
Gujarat,Surat,Surat APMC,Green Chilli,Green Chilly,FAQ,2026-09-05,1500.0,3000.0,2250.0,2250.0,quintal,2250.0,₹/quintal,True
Gujarat,Surat,Surat APMC,Groundnut pods(raw),Other,FAQ,2026-09-05,3000.0,5000.0,4000.0,4000.0,quintal,4000.0,₹/quintal,True
Gujarat,Surat,Surat APMC,Indian Beans(Seam),Other,FAQ,2026-09-05,2000.0,4000.0,3000.0,3000.0,quintal,3000.0,₹/quintal,True
Gujarat,Surat,Surat APMC,Lemon,Other,FAQ,2026-09-05,2000.0,12000.0,6500.0,6500.0,quintal,6500.0,₹/quintal,True
Gujarat,Surat,Surat APMC,Little gourd(Kundru),Other,FAQ,2026-09-05,1500.0,3500.0,2500.0,2500.0,quintal,2500.0,₹/quintal,True
Gujarat,Surat,Surat APMC,Onion,Other,FAQ,2026-09-05,1800.0,5000.0,3400.0,3400.0,quintal,3400.0,₹/quintal,True
Gujarat,Surat,Surat APMC,Papaya(Raw),Other,FAQ,2026-09-05,900.0,1300.0,1100.0,1100.0,quintal,1100.0,₹/quintal,True
Gujarat,Surat,Surat APMC,Pea Pod/Pea Cod/हरी मटर,Other,FAQ,2026-09-05,5000.0,7500.0,6250.0,6250.0,quintal,6250.0,₹/quintal,True
Gujarat,Surat,Surat APMC,Pegeon Pea(Arhar Fali),Other,FAQ,2026-09-05,4000.0,9000.0,6500.0,6500.0,quintal,6500.0,₹/quintal,True
Gujarat,Surat,Surat APMC,Pointed gourd(Parval),Other,FAQ,2026-09-05,2000.0,3500.0,2750.0,2750.0,quintal,2750.0,₹/quintal,True
Gujarat,Surat,Surat APMC,Potato,Other,FAQ,2026-09-05,400.0,1650.0,1025.0,1025.0,quintal,1025.0,₹/quintal,True
Gujarat,Surat,Surat APMC,Pumpkin,Other,FAQ,2026-09-05,700.0,1800.0,1250.0,1250.0,quintal,1250.0,₹/quintal,True
Gujarat,Surat,Surat APMC,Ridgeguard(Tori),Other,FAQ,2026-09-05,1000.0,2500.0,1750.0,1750.0,quintal,1750.0,₹/quintal,True
Gujarat,Surat,Surat APMC,Snakeguard,Other,FAQ,2026-09-05,1000.0,2000.0,1500.0,1500.0,quintal,1500.0,₹/quintal,True
Gujarat,Surat,Surat APMC,"Spiny Gourd / Kartali(Kantola)
",Other,FAQ,2026-09-05,4000.0,10500.0,7250.0,7250.0,quintal,7250.0,₹/quintal,True
Gujarat,Surat,Surat APMC,Sponge gourd,Other,FAQ,2026-09-05,1000.0,2000.0,1500.0,1500.0,quintal,1500.0,₹/quintal,True
Gujarat,Surat,Surat APMC,Surat Beans(Papadi),Other,FAQ,2026-09-05,2000.0,5000.0,3500.0,3500.0,quintal,3500.0,₹/quintal,True
Gujarat,Surat,Surat APMC,Sweet Potato,Other,FAQ,2026-09-05,4000.0,5000.0,4500.0,4500.0,quintal,4500.0,₹/quintal,True
Gujarat,Surat,Surat APMC,Tomato,Other,FAQ,2026-09-05,800.0,3000.0,1900.0,1900.0,quintal,1900.0,₹/quintal,True
Gujarat,Surat,Surat APMC,Yam(Ratalu),Other,FAQ,2026-09-05,10000.0,16000.0,13000.0,13000.0,quintal,13000.0,₹/quintal,True
Haryana,Gurgaon,Gurgaon APMC,Apple,Apple,Grade B,2026-09-05,5000.0,7000.0,6000.0,6000.0,quintal,6000.0,₹/quintal,True
Haryana,Gurgaon,Gurgaon APMC,Banana,Other,Grade B,2026-09-05,2000.0,4000.0,3000.0,3000.0,quintal,3000.0,₹/quintal,True
Haryana,Gurgaon,Gurgaon APMC,Bhindi(Ladies Finger),Other,Grade B,2026-09-05,2000.0,2400.0,2200.0,2200.0,quintal,2200.0,₹/quintal,True
Haryana,Gurgaon,Gurgaon APMC,Bitter gourd,Other,Grade A,2026-09-05,1000.0,2000.0,1500.0,1500.0,quintal,1500.0,₹/quintal,True
Haryana,Gurgaon,Gurgaon APMC,Bottle gourd,Other,Grade A,2026-09-05,900.0,1100.0,1000.0,1000.0,quintal,1000.0,₹/quintal,True
Haryana,Gurgaon,Gurgaon APMC,Brinjal,Brinjal,Grade B,2026-09-05,1000.0,1400.0,1200.0,1200.0,quintal,1200.0,₹/quintal,True
Haryana,Gurgaon,Gurgaon APMC,Guava,Guava,Grade B,2026-09-05,5000.0,7000.0,6000.0,6000.0,quintal,6000.0,₹/quintal,True
Haryana,Gurgaon,Gurgaon APMC,Onion,Other,Grade A,2026-09-05,4000.0,5000.0,4500.0,4500.0,quintal,4500.0,₹/quintal,True
Haryana,Gurgaon,Gurgaon APMC,Pomegranate,Other,Grade C,2026-09-05,5000.0,10000.0,7500.0,7500.0,quintal,7500.0,₹/quintal,True
Haryana,Gurgaon,Gurgaon APMC,Potato,Other,Grade A,2026-09-05,600.0,1000.0,800.0,800.0,quintal,800.0,₹/quintal,True
Haryana,Gurgaon,Gurgaon APMC,Tomato,Other,Grade B,2026-09-05,1000.0,1400.0,1200.0,1200.0,quintal,1200.0,₹/quintal,True
Himachal Pradesh,Kangra,SMY Baijnath,Apple,Apple,Grade B,2026-09-05,5000.0,8000.0,7000.0,7000.0,quintal,7000.0,₹/quintal,True
Himachal Pradesh,Kangra,SMY Baijnath,Bhindi(Ladies Finger),Bhindi,Grade B,2026-09-05,2700.0,2800.0,2800.0,2800.0,quintal,2800.0,₹/quintal,True
Himachal Pradesh,Kangra,SMY Baijnath,Bitter gourd,Bitter Gourd,Grade B,2026-09-05,3200.0,3700.0,3400.0,3400.0,quintal,3400.0,₹/quintal,True
Himachal Pradesh,Kangra,SMY Baijnath,Bottle gourd,Bottle Gourd,Grade B,2026-09-05,2500.0,3200.0,3000.0,3000.0,quintal,3000.0,₹/quintal,True
Himachal Pradesh,Kangra,SMY Baijnath,Brinjal,Brinjal,Grade B,2026-09-05,2600.0,3000.0,2800.0,2800.0,quintal,2800.0,₹/quintal,True
Himachal Pradesh,Kangra,SMY Baijnath,Cabbage,Cabbage,Grade B,2026-09-05,2500.0,3000.0,2800.0,2800.0,quintal,2800.0,₹/quintal,True
Himachal Pradesh,Kangra,SMY Baijnath,Capsicum,Capsicum,Grade B,2026-09-05,5000.0,6000.0,5500.0,5500.0,quintal,5500.0,₹/quintal,True
Himachal Pradesh,Kangra,SMY Baijnath,Carrot,Carrot,Grade B,2026-09-05,3000.0,3200.0,3100.0,3100.0,quintal,3100.0,₹/quintal,True
Himachal Pradesh,Kangra,SMY Baijnath,Cauliflower,Cauliflower,Grade B,2026-09-05,5000.0,5200.0,5100.0,5100.0,quintal,5100.0,₹/quintal,True
Himachal Pradesh,Kangra,SMY Baijnath,Cucumbar(Kheera),Cucumbar,Grade B,2026-09-05,2800.0,3000.0,2900.0,2900.0,quintal,2900.0,₹/quintal,True
Himachal Pradesh,Kangra,SMY Baijnath,Green Chilli,Green Chilly,Grade A,2026-09-05,3800.0,4200.0,4000.0,4000.0,quintal,4000.0,₹/quintal,True
Himachal Pradesh,Kangra,SMY Baijnath,Onion,Onion,Grade B,2026-09-05,5000.0,5500.0,5300.0,5300.0,quintal,5300.0,₹/quintal,True
Himachal Pradesh,Kangra,SMY Baijnath,Potato,Potato,Grade B,2026-09-05,1200.0,2400.0,2000.0,2000.0,quintal,2000.0,₹/quintal,True
Himachal Pradesh,Kangra,SMY Baijnath,Tomato,Local,Grade B,2026-09-05,2400.0,3000.0,2800.0,2800.0,quintal,2800.0,₹/quintal,True
Jammu And Kashmir,Baramulla,Sopore (Nowpora) (F&V),Apple,Delicious,Grade A,2026-09-05,3200.0,3200.0,3200.0,3200.0,quintal,3200.0,₹/quintal,True
Jammu And Kashmir,Baramulla,Sopore (Nowpora) (F&V),Apple,Other,Grade A,2026-09-05,6700.0,6700.0,6700.0,6700.0,quintal,6700.0,₹/quintal,True
Jammu And Kashmir,Rajouri,Rajouri (Phaliana) (F&V),Apple,Apple,Grade B,2026-09-05,5000.0,5000.0,5000.0,5000.0,quintal,5000.0,₹/quintal,True
Jammu And Kashmir,Rajouri,Rajouri (Phaliana) (F&V),Banana,Banana - Ripe,Grade B,2026-09-05,6000.0,6000.0,6000.0,6000.0,quintal,6000.0,₹/quintal,True
Jammu And Kashmir,Rajouri,Rajouri (Phaliana) (F&V),Bhindi(Ladies Finger),Bhindi,Grade B,2026-09-05,3500.0,3500.0,3500.0,3500.0,quintal,3500.0,₹/quintal,True
Jammu And Kashmir,Rajouri,Rajouri (Phaliana) (F&V),Bitter gourd,Bitter Gourd,Grade B,2026-09-05,4000.0,4000.0,4000.0,4000.0,quintal,4000.0,₹/quintal,True
Jammu And Kashmir,Rajouri,Rajouri (Phaliana) (F&V),Bottle gourd,Bottle Gourd,Grade B,2026-09-05,4000.0,4000.0,4000.0,4000.0,quintal,4000.0,₹/quintal,True
Jammu And Kashmir,Rajouri,Rajouri (Phaliana) (F&V),Brinjal,Brinjal,Grade B,2026-09-05,3500.0,3500.0,3500.0,3500.0,quintal,3500.0,₹/quintal,True
Jammu And Kashmir,Rajouri,Rajouri (Phaliana) (F&V),Capsicum,Capsicum,Grade B,2026-09-05,5000.0,5000.0,5000.0,5000.0,quintal,5000.0,₹/quintal,True
Jammu And Kashmir,Rajouri,Rajouri (Phaliana) (F&V),Cucumbar(Kheera),Cucumbar,Grade B,2026-09-05,4000.0,4000.0,4000.0,4000.0,quintal,4000.0,₹/quintal,True
Jammu And Kashmir,Rajouri,Rajouri (Phaliana) (F&V),French Beans(Frasbean),Other,Grade B,2026-09-05,8500.0,8500.0,8500.0,8500.0,quintal,8500.0,₹/quintal,True
Jammu And Kashmir,Rajouri,Rajouri (Phaliana) (F&V),Knool Khol,Knool Khol,Grade B,2026-09-05,3000.0,3000.0,3000.0,3000.0,quintal,3000.0,₹/quintal,True
Jammu And Kashmir,Rajouri,Rajouri (Phaliana) (F&V),Mousambi(Sweet Lime),Mousambi,Grade B,2026-09-05,7000.0,7000.0,7000.0,7000.0,quintal,7000.0,₹/quintal,True
Jammu And Kashmir,Rajouri,Rajouri (Phaliana) (F&V),Onion,Onion,Grade B,2026-09-05,5000.0,5000.0,5000.0,5000.0,quintal,5000.0,₹/quintal,True
Jammu And Kashmir,Rajouri,Rajouri (Phaliana) (F&V),Pomegranate,Pomogranate,Grade B,2026-09-05,12000.0,12000.0,12000.0,12000.0,quintal,12000.0,₹/quintal,True
Jammu And Kashmir,Rajouri,Rajouri (Phaliana) (F&V),Potato,Local,Grade B,2026-09-05,2000.0,2000.0,2000.0,2000.0,quintal,2000.0,₹/quintal,True
Jammu And Kashmir,Rajouri,Rajouri (Phaliana) (F&V),Tomato,Tomato,Grade B,2026-09-05,4000.0,4000.0,4000.0,4000.0,quintal,4000.0,₹/quintal,True
Kerala,Alappuzha,Harippad Market,Amaranthus,Other,FAQ,2026-09-05,5000.0,5500.0,5000.0,5000.0,quintal,5000.0,₹/quintal,True
Kerala,Alappuzha,Harippad Market,Ashgourd,Other,FAQ,2026-09-05,4000.0,4500.0,4000.0,4000.0,quintal,4000.0,₹/quintal,True
Kerala,Alappuzha,Harippad Market,Banana - Green,Other,FAQ,2026-09-05,7000.0,7500.0,7000.0,7000.0,quintal,7000.0,₹/quintal,True
Kerala,Alappuzha,Harippad Market,Beetroot,Beetroot,FAQ,2026-09-05,6000.0,6500.0,6000.0,6000.0,quintal,6000.0,₹/quintal,True
Kerala,Alappuzha,Harippad Market,Bhindi(Ladies Finger),Other,FAQ,2026-09-05,5000.0,5500.0,5000.0,5000.0,quintal,5000.0,₹/quintal,True
Kerala,Alappuzha,Harippad Market,Bitter gourd,Other,FAQ,2026-09-05,7000.0,7500.0,7000.0,7000.0,quintal,7000.0,₹/quintal,True
Kerala,Alappuzha,Harippad Market,Bottle gourd,Other,FAQ,2026-09-05,2500.0,3000.0,2500.0,2500.0,quintal,2500.0,₹/quintal,True
Kerala,Alappuzha,Harippad Market,Brinjal,Brinjal,FAQ,2026-09-05,5000.0,5500.0,5000.0,5000.0,quintal,5000.0,₹/quintal,True
Kerala,Alappuzha,Harippad Market,Cabbage,Cabbage,FAQ,2026-09-05,5000.0,5500.0,5000.0,5000.0,quintal,5000.0,₹/quintal,True
Kerala,Alappuzha,Harippad Market,Capsicum,Capsicum,FAQ,2026-09-05,9000.0,9500.0,9000.0,9000.0,quintal,9000.0,₹/quintal,True
Kerala,Alappuzha,Harippad Market,Carrot,Other,FAQ,2026-09-05,6000.0,6500.0,6000.0,6000.0,quintal,6000.0,₹/quintal,True
Kerala,Ernakulam,Perumbavoor Market,Amaranthus,Amaranthus,Medium,2026-09-05,2000.0,3000.0,2500.0,2500.0,quintal,2500.0,₹/quintal,True
Kerala,Ernakulam,Perumbavoor Market,Ashgourd,Ashgourd,Medium,2026-09-05,1500.0,2500.0,2000.0,2000.0,quintal,2000.0,₹/quintal,True
Kerala,Ernakulam,Perumbavoor Market,Banana,Palayamthodan,Medium,2026-09-05,2500.0,3500.0,3000.0,3000.0,quintal,3000.0,₹/quintal,True
Kerala,Ernakulam,Perumbavoor Market,Banana,Poovan,Medium,2026-09-05,5500.0,6500.0,6000.0,6000.0,quintal,6000.0,₹/quintal,True
Kerala,Ernakulam,Perumbavoor Market,Banana - Green,Banana - Green,Medium,2026-09-05,5400.0,6200.0,5600.0,5600.0,quintal,5600.0,₹/quintal,True
Kerala,Ernakulam,Perumbavoor Market,Beetroot,Beetroot,Medium,2026-09-05,3000.0,3800.0,3400.0,3400.0,quintal,3400.0,₹/quintal,True
Kerala,Ernakulam,Perumbavoor Market,Bhindi(Ladies Finger),Bhindi,Medium,2026-09-05,3500.0,4500.0,4000.0,4000.0,quintal,4000.0,₹/quintal,True
Kerala,Ernakulam,Perumbavoor Market,Bitter gourd,Bitter Gourd,Medium,2026-09-05,5000.0,6000.0,5500.0,5500.0,quintal,5500.0,₹/quintal,True
Kerala,Ernakulam,Perumbavoor Market,Black pepper,Garbled,Grade Range-1,2026-09-05,80000.0,90000.0,85000.0,85000.0,quintal,85000.0,₹/quintal,True
Kerala,Ernakulam,Perumbavoor Market,Bottle gourd,Bottle Gourd,Medium,2026-09-05,3000.0,4000.0,3500.0,3500.0,quintal,3500.0,₹/quintal,True
Kerala,Ernakulam,Perumbavoor Market,Brinjal,Brinjal,Medium,2026-09-05,2000.0,3000.0,2500.0,2500.0,quintal,2500.0,₹/quintal,True
Kerala,Ernakulam,Perumbavoor Market,Cabbage,Cabbage,Medium,2026-09-05,4500.0,5400.0,4900.0,4900.0,quintal,4900.0,₹/quintal,True
Kerala,Ernakulam,Perumbavoor Market,Carrot,Carrot,Medium,2026-09-05,5000.0,6000.0,5500.0,5500.0,quintal,5500.0,₹/quintal,True
Kerala,Ernakulam,Perumbavoor Market,Cauliflower,Cauliflower,Medium,2026-09-05,2500.0,3200.0,2800.0,2800.0,quintal,2800.0,₹/quintal,True
Kerala,Ernakulam,Perumbavoor Market,Colacasia,Other,Medium,2026-09-05,3500.0,4500.0,4000.0,4000.0,quintal,4000.0,₹/quintal,True
Kerala,Ernakulam,Perumbavoor Market,Cowpea(Veg),Cowpea (Veg),Medium,2026-09-05,3200.0,3600.0,3400.0,3400.0,quintal,3400.0,₹/quintal,True
Kerala,Ernakulam,Perumbavoor Market,Cucumbar(Kheera),Cucumbar,Medium,2026-09-05,2000.0,2800.0,2400.0,2400.0,quintal,2400.0,₹/quintal,True
Kerala,Ernakulam,Perumbavoor Market,Drumstick,Drumstick,Large,2026-09-05,2500.0,3500.0,3000.0,3000.0,quintal,3000.0,₹/quintal,True
Kerala,Ernakulam,Perumbavoor Market,Elephant Yam(Suran)/Amorphophallus,Other,Medium,2026-09-05,3200.0,3600.0,3400.0,3400.0,quintal,3400.0,₹/quintal,True
Kerala,Ernakulam,Perumbavoor Market,Field Pea,Field Pea,Medium,2026-09-05,3000.0,3800.0,3400.0,3400.0,quintal,3400.0,₹/quintal,True
Kerala,Ernakulam,Perumbavoor Market,Ginger(Green),Green Ginger,Medium,2026-09-05,10500.0,15000.0,12000.0,12000.0,quintal,12000.0,₹/quintal,True
Kerala,Ernakulam,Perumbavoor Market,Green Chilli,Green Chilly,Medium,2026-09-05,3500.0,4500.0,4000.0,4000.0,quintal,4000.0,₹/quintal,True
Kerala,Ernakulam,Perumbavoor Market,Indian Beans(Seam),Indian Beans (Seam),Medium,2026-09-05,5500.0,6500.0,6000.0,6000.0,quintal,6000.0,₹/quintal,True
Kerala,Ernakulam,Perumbavoor Market,Lemon,Lemon,Medium,2026-09-05,6000.0,7000.0,6500.0,6500.0,quintal,6500.0,₹/quintal,True
Kerala,Ernakulam,Perumbavoor Market,Little gourd(Kundru),Other,Medium,2026-09-05,2500.0,3500.0,3000.0,3000.0,quintal,3000.0,₹/quintal,True
Kerala,Ernakulam,Perumbavoor Market,Mango(Raw-Ripe),Mango - Raw-Ripe,Medium,2026-09-05,5000.0,5800.0,5400.0,5400.0,quintal,5400.0,₹/quintal,True
Kerala,Ernakulam,Perumbavoor Market,Onion,Onion,Medium,2026-09-05,3500.0,4500.0,4000.0,4000.0,quintal,4000.0,₹/quintal,True
Kerala,Ernakulam,Perumbavoor Market,Pineapple,Pine Apple,Medium,2026-09-05,5000.0,5600.0,5200.0,5200.0,quintal,5200.0,₹/quintal,True
Kerala,Ernakulam,Perumbavoor Market,Potato,Potato,Medium,2026-09-05,3000.0,4000.0,3500.0,3500.0,quintal,3500.0,₹/quintal,True
Kerala,Ernakulam,Perumbavoor Market,Pumpkin,Pumpkin,Large,2026-09-05,1200.0,2000.0,1600.0,1600.0,quintal,1600.0,₹/quintal,True
Kerala,Ernakulam,Perumbavoor Market,Snakeguard,Snakeguard,Large,2026-09-05,3000.0,3600.0,3300.0,3300.0,quintal,3300.0,₹/quintal,True
Kerala,Ernakulam,Perumbavoor Market,Tapioca,Tapioca,Medium,2026-09-05,2500.0,3500.0,3000.0,3000.0,quintal,3000.0,₹/quintal,True
Kerala,Ernakulam,Perumbavoor Market,Tomato,Tomato,Medium,2026-09-05,5000.0,6000.0,5500.0,5500.0,quintal,5500.0,₹/quintal,True
Kerala,Kottayam,Athirampuzha Market,Ashgourd,Ashgourd,FAQ,2026-09-05,2200.0,2400.0,2300.0,2300.0,quintal,2300.0,₹/quintal,True
Kerala,Kottayam,Athirampuzha Market,Banana - Green,Banana - Green,FAQ,2026-09-05,6000.0,6200.0,6100.0,6100.0,quintal,6100.0,₹/quintal,True
Kerala,Kottayam,Athirampuzha Market,Beetroot,Beetroot,FAQ,2026-09-05,4800.0,5000.0,4900.0,4900.0,quintal,4900.0,₹/quintal,True
Kerala,Kottayam,Athirampuzha Market,Bhindi(Ladies Finger),Bhindi,FAQ,2026-09-05,3500.0,3700.0,3600.0,3600.0,quintal,3600.0,₹/quintal,True
Kerala,Kottayam,Athirampuzha Market,Bitter gourd,Bitter Gourd,FAQ,2026-09-05,4500.0,4700.0,4600.0,4600.0,quintal,4600.0,₹/quintal,True
Kerala,Kottayam,Pampady Market,Amaranthus,Amaranthus,FAQ,2026-09-05,3000.0,5000.0,4000.0,4000.0,quintal,4000.0,₹/quintal,True
Kerala,Kottayam,Pampady Market,Ashgourd,Ashgourd,FAQ,2026-09-05,2500.0,4000.0,3500.0,3500.0,quintal,3500.0,₹/quintal,True
Kerala,Kottayam,Pampady Market,Banana - Green,Banana - Green,FAQ,2026-09-05,7500.0,8000.0,7800.0,7800.0,quintal,7800.0,₹/quintal,True
Kerala,Kottayam,Pampady Market,Beetroot,Beetroot,FAQ,2026-09-05,4000.0,5500.0,5000.0,5000.0,quintal,5000.0,₹/quintal,True
Kerala,Kottayam,Pampady Market,Bhindi(Ladies Finger),Bhindi,FAQ,2026-09-05,5000.0,6500.0,6000.0,6000.0,quintal,6000.0,₹/quintal,True
Kerala,Kottayam,Pampady Market,Bitter gourd,Bitter Gourd,FAQ,2026-09-05,6000.0,7500.0,7000.0,7000.0,quintal,7000.0,₹/quintal,True
Kerala,Kottayam,Pampady Market,Brinjal,Brinjal,FAQ,2026-09-05,4000.0,5500.0,5000.0,5000.0,quintal,5000.0,₹/quintal,True
Kerala,Kottayam,Pampady Market,Cabbage,Cabbage,FAQ,2026-09-05,2500.0,4000.0,3500.0,3500.0,quintal,3500.0,₹/quintal,True
Kerala,Kottayam,Pampady Market,Cauliflower,Cauliflower,FAQ,2026-09-05,4800.0,6500.0,5000.0,5000.0,quintal,5000.0,₹/quintal,True
Kerala,Kottayam,Pampady Market,Colacasia,Other,FAQ,2026-09-05,6000.0,8000.0,7000.0,7000.0,quintal,7000.0,₹/quintal,True
Kerala,Kottayam,Pampady Market,Cowpea(Veg),Cowpea (Veg),FAQ,2026-09-05,6500.0,8000.0,7500.0,7500.0,quintal,7500.0,₹/quintal,True
Kerala,Kottayam,Pampady Market,Cucumbar(Kheera),Cucumbar,FAQ,2026-09-05,1800.0,2500.0,2000.0,2000.0,quintal,2000.0,₹/quintal,True
Kerala,Kottayam,Pampady Market,Drumstick,Drumstick,FAQ,2026-09-05,3800.0,5000.0,4000.0,4000.0,quintal,4000.0,₹/quintal,True
Kerala,Kottayam,Pampady Market,Elephant Yam(Suran)/Amorphophallus,Other,FAQ,2026-09-05,4000.0,5500.0,5000.0,5000.0,quintal,5000.0,₹/quintal,True
Kerala,Kottayam,Pampady Market,Ginger(Green),Green Ginger,FAQ,2026-09-05,17500.0,37500.0,30000.0,30000.0,quintal,30000.0,₹/quintal,True
Kerala,Kottayam,Pampady Market,Green Chilli,Green Chilly,FAQ,2026-09-05,5000.0,6500.0,6000.0,6000.0,quintal,6000.0,₹/quintal,True
Kerala,Kottayam,Pampady Market,Indian Beans(Seam),Other,FAQ,2026-09-05,6500.0,8000.0,7500.0,7500.0,quintal,7500.0,₹/quintal,True
Kerala,Kottayam,Pampady Market,Little gourd(Kundru),Other,FAQ,2026-09-05,4800.0,6000.0,5000.0,5000.0,quintal,5000.0,₹/quintal,True
Kerala,Kottayam,Pampady Market,Mango(Raw-Ripe),Other,FAQ,2026-09-05,6500.0,8600.0,7500.0,7500.0,quintal,7500.0,₹/quintal,True
Kerala,Kottayam,Pampady Market,Onion,Big,FAQ,2026-09-05,5300.0,6000.0,5500.0,5500.0,quintal,5500.0,₹/quintal,True
Kerala,Kottayam,Pampady Market,Potato,Big,FAQ,2026-09-05,2700.0,4000.0,3500.0,3500.0,quintal,3500.0,₹/quintal,True
Kerala,Kottayam,Pampady Market,Pumpkin,Pumpkin,FAQ,2026-09-05,2500.0,4000.0,3500.0,3500.0,quintal,3500.0,₹/quintal,True
Kerala,Kottayam,Pampady Market,Snakeguard,Snakeguard,FAQ,2026-09-05,3500.0,5000.0,4500.0,4500.0,quintal,4500.0,₹/quintal,True
Kerala,Kottayam,Pampady Market,Tapioca,Tapioca,FAQ,2026-09-05,3500.0,4500.0,4000.0,4000.0,quintal,4000.0,₹/quintal,True
Kerala,Kozhikode,Kallachi Market,Amaranthus,Amaranthus,FAQ,2026-09-05,3400.0,3800.0,3600.0,3600.0,quintal,3600.0,₹/quintal,True
Kerala,Kozhikode,Kallachi Market,Ashgourd,Ashgourd,FAQ,2026-09-05,1800.0,2200.0,2000.0,2000.0,quintal,2000.0,₹/quintal,True
Kerala,Kozhikode,Kallachi Market,Banana - Green,Banana - Green,FAQ,2026-09-05,6200.0,6600.0,6400.0,6400.0,quintal,6400.0,₹/quintal,True
Kerala,Kozhikode,Kallachi Market,Beetroot,Beetroot,FAQ,2026-09-05,4800.0,5200.0,5000.0,5000.0,quintal,5000.0,₹/quintal,True
Kerala,Kozhikode,Kallachi Market,Bhindi(Ladies Finger),Other,FAQ,2026-09-05,3800.0,4200.0,4000.0,4000.0,quintal,4000.0,₹/quintal,True
Kerala,Kozhikode,Kallachi Market,Bitter gourd,Bitter Gourd,FAQ,2026-09-05,5300.0,5700.0,5500.0,5500.0,quintal,5500.0,₹/quintal,True
Kerala,Kozhikode,Kallachi Market,Bottle gourd,Bottle Gourd,FAQ,2026-09-05,3800.0,4200.0,4000.0,4000.0,quintal,4000.0,₹/quintal,True
Kerala,Kozhikode,Kallachi Market,Brinjal,Brinjal,FAQ,2026-09-05,2800.0,3200.0,3000.0,3000.0,quintal,3000.0,₹/quintal,True
Kerala,Kozhikode,Kallachi Market,Cabbage,Cabbage,FAQ,2026-09-05,2200.0,2600.0,2400.0,2400.0,quintal,2400.0,₹/quintal,True
Kerala,Kozhikode,Kallachi Market,Carrot,Carrot,FAQ,2026-09-05,5600.0,6000.0,5800.0,5800.0,quintal,5800.0,₹/quintal,True
Kerala,Kozhikode,Kallachi Market,Cauliflower,Other,FAQ,2026-09-05,3800.0,4200.0,4000.0,4000.0,quintal,4000.0,₹/quintal,True
Kerala,Kozhikode,Kallachi Market,Cluster beans,Cluster Beans,FAQ,2026-09-05,5800.0,6200.0,6000.0,6000.0,quintal,6000.0,₹/quintal,True
Kerala,Kozhikode,Mukkom Market,Amaranthus,Amaranthus,FAQ,2026-09-05,3400.0,3700.0,3600.0,3600.0,quintal,3600.0,₹/quintal,True
Kerala,Kozhikode,Mukkom Market,Apple,Other,Large,2026-09-05,18000.0,19000.0,18500.0,18500.0,quintal,18500.0,₹/quintal,True
Kerala,Kozhikode,Mukkom Market,Ashgourd,Other,FAQ,2026-09-05,2600.0,3000.0,2800.0,2800.0,quintal,2800.0,₹/quintal,True
Kerala,Kozhikode,Mukkom Market,Banana,Other,Large,2026-09-05,6500.0,7500.0,7000.0,7000.0,quintal,7000.0,₹/quintal,True
Kerala,Kozhikode,Mukkom Market,Banana - Green,Banana - Green,FAQ,2026-09-05,5800.0,6200.0,6000.0,6000.0,quintal,6000.0,₹/quintal,True
Kerala,Kozhikode,Mukkom Market,Beetroot,Beetroot,FAQ,2026-09-05,5000.0,5400.0,5200.0,5200.0,quintal,5200.0,₹/quintal,True
Kerala,Kozhikode,Mukkom Market,Bhindi(Ladies Finger),Bhindi,FAQ,2026-09-05,4500.0,4800.0,4600.0,4600.0,quintal,4600.0,₹/quintal,True
Kerala,Kozhikode,Mukkom Market,Bitter gourd,Bitter Gourd,FAQ,2026-09-05,7000.0,7300.0,7200.0,7200.0,quintal,7200.0,₹/quintal,True
Kerala,Kozhikode,Mukkom Market,Bottle gourd,Bottle Gourd,FAQ,2026-09-05,2800.0,3200.0,3000.0,3000.0,quintal,3000.0,₹/quintal,True
Kerala,Kozhikode,Mukkom Market,Brinjal,Brinjal,FAQ,2026-09-05,4400.0,4800.0,4600.0,4600.0,quintal,4600.0,₹/quintal,True
Kerala,Kozhikode,Mukkom Market,Cabbage,Cabbage,FAQ,2026-09-05,2600.0,3000.0,2800.0,2800.0,quintal,2800.0,₹/quintal,True
Kerala,Kozhikode,Mukkom Market,Carrot,Carrot,FAQ,2026-09-05,7000.0,7800.0,7500.0,7500.0,quintal,7500.0,₹/quintal,True
Kerala,Kozhikode,Mukkom Market,Coconut,Other,FAQ,2026-09-05,5800.0,6100.0,6000.0,6000.0,quintal,6000.0,₹/quintal,True
Kerala,Kozhikode,Mukkom Market,Cowpea(Veg),Cowpea (Veg),FAQ,2026-09-05,8400.0,8800.0,8600.0,8600.0,quintal,8600.0,₹/quintal,True
Kerala,Kozhikode,Mukkom Market,Cucumbar(Kheera),Cucumbar,FAQ,2026-09-05,1800.0,2100.0,2000.0,2000.0,quintal,2000.0,₹/quintal,True
Kerala,Kozhikode,Mukkom Market,Drumstick,Drumstick,FAQ,2026-09-05,4000.0,4300.0,4100.0,4100.0,quintal,4100.0,₹/quintal,True
Kerala,Kozhikode,Mukkom Market,Ginger(Green),Green Ginger,FAQ,2026-09-05,16000.0,17000.0,16500.0,16500.0,quintal,16500.0,₹/quintal,True
Kerala,Kozhikode,Mukkom Market,Grapes,Other,Large,2026-09-05,8000.0,9000.0,8500.0,8500.0,quintal,8500.0,₹/quintal,True
Kerala,Kozhikode,Mukkom Market,Green Chilli,Green Chilly,FAQ,2026-09-05,5800.0,6200.0,6000.0,6000.0,quintal,6000.0,₹/quintal,True
Kerala,Kozhikode,Mukkom Market,Onion,Onion,FAQ,2026-09-05,4800.0,5200.0,5000.0,5000.0,quintal,5000.0,₹/quintal,True
Kerala,Kozhikode,Mukkom Market,Orange,Other,Large,2026-09-05,10000.0,11000.0,10500.0,10500.0,quintal,10500.0,₹/quintal,True
Kerala,Kozhikode,Mukkom Market,Pineapple,Other,Large,2026-09-05,7500.0,8500.0,8000.0,8000.0,quintal,8000.0,₹/quintal,True
Kerala,Kozhikode,Mukkom Market,Potato,Potato,FAQ,2026-09-05,2500.0,2800.0,2600.0,2600.0,quintal,2600.0,₹/quintal,True
Kerala,Kozhikode,Mukkom Market,Pumpkin,Pumpkin,FAQ,2026-09-05,1800.0,2100.0,1900.0,1900.0,quintal,1900.0,₹/quintal,True
Kerala,Kozhikode,Mukkom Market,Snakeguard,Snakeguard,FAQ,2026-09-05,3600.0,4000.0,3800.0,3800.0,quintal,3800.0,₹/quintal,True
Kerala,Kozhikode,Mukkom Market,Tomato,Tomato,FAQ,2026-09-05,1900.0,2300.0,2100.0,2100.0,quintal,2100.0,₹/quintal,True
Kerala,Malappuram,Moothedam VFPCK Market,Banana,Nendra Bale,Grade Range-1,2026-09-05,5100.0,5300.0,5200.0,5200.0,quintal,5200.0,₹/quintal,True
Kerala,Pathanamthitta,Enadimangalam VFPCK Market,Banana,Poovan,Grade A,2026-09-05,5000.0,5300.0,5200.0,5200.0,quintal,5200.0,₹/quintal,True
Kerala,Thiruvananthapuram,Parassala Market,Amaranthus,Amaranthus,Local,2026-09-05,8200.0,8600.0,8400.0,8400.0,quintal,8400.0,₹/quintal,True
Kerala,Thiruvananthapuram,Parassala Market,Banana,Red Banana,Local,2026-09-05,6800.0,7200.0,7000.0,7000.0,quintal,7000.0,₹/quintal,True
Kerala,Thiruvananthapuram,Parassala Market,Banana,Nendra Bale,Local,2026-09-05,6800.0,7200.0,7000.0,7000.0,quintal,7000.0,₹/quintal,True
Kerala,Thiruvananthapuram,Parassala Market,Banana,Palayamthodan,Local,2026-09-05,2600.0,3000.0,2800.0,2800.0,quintal,2800.0,₹/quintal,True
Kerala,Thiruvananthapuram,Parassala Market,Beetroot,Beetroot,Local,2026-09-05,3800.0,4200.0,4000.0,4000.0,quintal,4000.0,₹/quintal,True
Kerala,Thiruvananthapuram,Parassala Market,Bhindi(Ladies Finger),Bhindi,Local,2026-09-05,5600.0,6000.0,5800.0,5800.0,quintal,5800.0,₹/quintal,True
Kerala,Thiruvananthapuram,Parassala Market,Brinjal,Round/Long,Local,2026-09-05,3800.0,4200.0,4000.0,4000.0,quintal,4000.0,₹/quintal,True
Kerala,Thiruvananthapuram,Parassala Market,Brinjal,Round,Local,2026-09-05,4800.0,5200.0,5000.0,5000.0,quintal,5000.0,₹/quintal,True
Kerala,Thiruvananthapuram,Parassala Market,Carrot,Carrot,Local,2026-09-05,3800.0,4200.0,4000.0,4000.0,quintal,4000.0,₹/quintal,True
Kerala,Thiruvananthapuram,Parassala Market,Cluster beans,Cluster Beans,Local,2026-09-05,3800.0,4200.0,4000.0,4000.0,quintal,4000.0,₹/quintal,True
Kerala,Thiruvananthapuram,Parassala Market,Colacasia,Colacasia,Local,2026-09-05,6800.0,7200.0,7000.0,7000.0,quintal,7000.0,₹/quintal,True
Kerala,Thiruvananthapuram,Parassala Market,Cowpea(Veg),Cowpea (Veg),Local,2026-09-05,8400.0,8800.0,8600.0,8600.0,quintal,8600.0,₹/quintal,True
Kerala,Thiruvananthapuram,Parassala Market,Cucumbar(Kheera),Cucumbar,Local,2026-09-05,2000.0,2400.0,2200.0,2200.0,quintal,2200.0,₹/quintal,True
Kerala,Thiruvananthapuram,Parassala Market,Drumstick,Drumstick,Local,2026-09-05,2800.0,3200.0,3000.0,3000.0,quintal,3000.0,₹/quintal,True
Kerala,Thiruvananthapuram,Parassala Market,Elephant Yam(Suran)/Amorphophallus,Elephant Yam (Suran),Local,2026-09-05,8600.0,9000.0,8800.0,8800.0,quintal,8800.0,₹/quintal,True
Kerala,Thiruvananthapuram,Parassala Market,Ginger(Green),Green Ginger,Local,2026-09-05,8000.0,8400.0,8200.0,8200.0,quintal,8200.0,₹/quintal,True
Kerala,Thiruvananthapuram,Parassala Market,Green Chilli,Green Chilly,Local,2026-09-05,7600.0,8000.0,7800.0,7800.0,quintal,7800.0,₹/quintal,True
Kerala,Thiruvananthapuram,Parassala Market,Lemon,Lemon,Local,2026-09-05,8800.0,9200.0,9000.0,9000.0,quintal,9000.0,₹/quintal,True
Kerala,Thiruvananthapuram,Parassala Market,Snakeguard,Snakeguard,Local,2026-09-05,2800.0,3200.0,3000.0,3000.0,quintal,3000.0,₹/quintal,True
Kerala,Thiruvananthapuram,Parassala Market,Tomato,Tomato,Local,2026-09-05,2800.0,3200.0,3000.0,3000.0,quintal,3000.0,₹/quintal,True
Madhya Pradesh,Dhar,Kukshi(F&V) APMC,Bhindi(Ladies Finger),Bhindi,Grade A,2026-09-05,700.0,1000.0,800.0,800.0,quintal,800.0,₹/quintal,True
Madhya Pradesh,Dhar,Kukshi(F&V) APMC,Bitter gourd,Bitter Gourd,Grade A,2026-09-05,700.0,1200.0,900.0,900.0,quintal,900.0,₹/quintal,True
Madhya Pradesh,Dhar,Kukshi(F&V) APMC,Bottle gourd,Bottle Gourd,Grade A,2026-09-05,300.0,500.0,400.0,400.0,quintal,400.0,₹/quintal,True
Madhya Pradesh,Dhar,Kukshi(F&V) APMC,Brinjal,Brinjal,Grade A,2026-09-05,400.0,1000.0,700.0,700.0,quintal,700.0,₹/quintal,True
Madhya Pradesh,Dhar,Kukshi(F&V) APMC,Cabbage,Cabbage,Grade A,2026-09-05,300.0,500.0,400.0,400.0,quintal,400.0,₹/quintal,True
Madhya Pradesh,Dhar,Kukshi(F&V) APMC,Cauliflower,Cauliflower,Grade A,2026-09-05,800.0,1800.0,1300.0,1300.0,quintal,1300.0,₹/quintal,True
Madhya Pradesh,Dhar,Kukshi(F&V) APMC,Coriander(Leaves),Coriander,Grade A,2026-09-05,1000.0,1500.0,1200.0,1200.0,quintal,1200.0,₹/quintal,True
Madhya Pradesh,Dhar,Kukshi(F&V) APMC,Green Chilli,Green Chilly,Grade A,2026-09-05,700.0,1400.0,1000.0,1000.0,quintal,1000.0,₹/quintal,True
Madhya Pradesh,Dhar,Kukshi(F&V) APMC,Spinach,Spinach,Grade A,2026-09-05,400.0,800.0,600.0,600.0,quintal,600.0,₹/quintal,True
Madhya Pradesh,Dhar,Kukshi(F&V) APMC,Sponge gourd,Sponge gourd,Grade A,2026-09-05,800.0,1400.0,1100.0,1100.0,quintal,1100.0,₹/quintal,True
Madhya Pradesh,Khargone,Badwaha APMC,Maize,Local,Non-FAQ,2026-09-05,1500.0,1500.0,1500.0,1500.0,quintal,1500.0,₹/quintal,True
Nagaland,Wokha,Baghty APMC,Brinjal,Other,FAQ,2026-09-05,2800.0,3400.0,3100.0,3100.0,quintal,3100.0,₹/quintal,True
Nagaland,Wokha,Baghty APMC,Leafy Vegetable,Other,Local,2026-09-05,2200.0,3000.0,2500.0,2500.0,quintal,2500.0,₹/quintal,True
Nagaland,Wokha,Wokha Town APMC,Brinjal,Brinjal,FAQ,2026-09-05,3800.0,4500.0,4200.0,4200.0,quintal,4200.0,₹/quintal,True
Nagaland,Wokha,Wokha Town APMC,Chow Chow,Chow Chow,Local,2026-09-05,2500.0,3100.0,2800.0,2800.0,quintal,2800.0,₹/quintal,True
Nagaland,Wokha,Wokha Town APMC,Pineapple,Pine Apple,Local,2026-09-05,3000.0,3700.0,3500.0,3500.0,quintal,3500.0,₹/quintal,True
Odisha,Dhenkanal,Hindol APMC,Banana - Green,Other,Grade B,2026-09-05,2700.0,3000.0,2800.0,2800.0,quintal,2800.0,₹/quintal,True
Odisha,Dhenkanal,Hindol APMC,Bhindi(Ladies Finger),Bhindi,Grade B,2026-09-05,4500.0,5000.0,4800.0,4800.0,quintal,4800.0,₹/quintal,True
Odisha,Dhenkanal,Hindol APMC,Bitter gourd,Bitter Gourd,Grade B,2026-09-05,4700.0,5000.0,4800.0,4800.0,quintal,4800.0,₹/quintal,True
Odisha,Dhenkanal,Hindol APMC,Brinjal,Brinjal,Grade B,2026-09-05,5000.0,6000.0,5500.0,5500.0,quintal,5500.0,₹/quintal,True
Odisha,Dhenkanal,Hindol APMC,Cucumbar(Kheera),Cucumbar,Grade B,2026-09-05,4000.0,4500.0,4200.0,4200.0,quintal,4200.0,₹/quintal,True
Odisha,Dhenkanal,Hindol APMC,Onion,Other,Grade B,2026-09-05,4500.0,5000.0,4800.0,4800.0,quintal,4800.0,₹/quintal,True
Odisha,Dhenkanal,Hindol APMC,Pointed gourd(Parval),Other,Grade B,2026-09-05,4600.0,5000.0,4800.0,4800.0,quintal,4800.0,₹/quintal,True
Odisha,Dhenkanal,Hindol APMC,Potato,Potato,Grade B,2026-09-05,1300.0,1500.0,1400.0,1400.0,quintal,1400.0,₹/quintal,True
Odisha,Dhenkanal,Hindol APMC,Pumpkin,Pumpkin,Grade B,2026-09-05,1500.0,1700.0,1600.0,1600.0,quintal,1600.0,₹/quintal,True
Odisha,Dhenkanal,Hindol APMC,Tomato,Tomato,Grade B,2026-09-05,3500.0,4000.0,3800.0,3800.0,quintal,3800.0,₹/quintal,True
Odisha,Kalahandi,Bhawanipatna APMC,Bhindi(Ladies Finger),Bhindi,Local,2026-09-05,2800.0,2800.0,2800.0,2800.0,quintal,2800.0,₹/quintal,True
Odisha,Kalahandi,Bhawanipatna APMC,Cabbage,Cabbage,Local,2026-09-05,2600.0,2600.0,2600.0,2600.0,quintal,2600.0,₹/quintal,True
Odisha,Kalahandi,Bhawanipatna APMC,Pumpkin,Pumpkin,Local,2026-09-05,2100.0,2100.0,2100.0,2100.0,quintal,2100.0,₹/quintal,True
Odisha,Kalahandi,Bhawanipatna APMC,Tomato,Tomato,Large,2026-09-05,3400.0,3400.0,3400.0,3400.0,quintal,3400.0,₹/quintal,True
Punjab,Amritsar,Rayya APMC,Bhindi(Ladies Finger),Bhindi,FAQ,2026-09-05,690.0,690.0,690.0,690.0,quintal,690.0,₹/quintal,True
Punjab,Amritsar,Rayya APMC,Bitter gourd,Bitter Gourd,FAQ,2026-09-05,1360.0,1360.0,1360.0,1360.0,quintal,1360.0,₹/quintal,True
Punjab,Amritsar,Rayya APMC,Brinjal,Brinjal,FAQ,2026-09-05,500.0,500.0,500.0,500.0,quintal,500.0,₹/quintal,True
Punjab,Amritsar,Rayya APMC,Cauliflower,Local,FAQ,2026-09-05,3179.0,3179.0,3179.0,3179.0,quintal,3179.0,₹/quintal,True
Punjab,Amritsar,Rayya APMC,Cucumbar(Kheera),Cucumbar,FAQ,2026-09-05,892.0,892.0,892.0,892.0,quintal,892.0,₹/quintal,True
Punjab,Amritsar,Rayya APMC,Green Chilli,Green Chilly,FAQ,2026-09-05,1067.0,1067.0,1067.0,1067.0,quintal,1067.0,₹/quintal,True
Punjab,Amritsar,Rayya APMC,Onion,Other,FAQ,2026-09-05,1412.0,1412.0,1412.0,1412.0,quintal,1412.0,₹/quintal,True
Punjab,Amritsar,Rayya APMC,Potato,Potato,FAQ,2026-09-05,750.0,750.0,750.0,750.0,quintal,750.0,₹/quintal,True
Punjab,Amritsar,Rayya APMC,Raddish,Other,FAQ,2026-09-05,2248.0,2248.0,2248.0,2248.0,quintal,2248.0,₹/quintal,True
Punjab,Amritsar,Rayya APMC,Ridgeguard(Tori),Other,FAQ,2026-09-05,2051.0,2051.0,2051.0,2051.0,quintal,2051.0,₹/quintal,True
Punjab,Amritsar,Rayya APMC,Tinda,Other,FAQ,2026-09-05,1789.0,1789.0,1789.0,1789.0,quintal,1789.0,₹/quintal,True
Punjab,Amritsar,Rayya APMC,Tomato,Other,FAQ,2026-09-05,720.0,720.0,720.0,720.0,quintal,720.0,₹/quintal,True
Punjab,Fazilka,Abohar APMC,Green Gram(Moong)(Whole),Local,Local,2026-09-05,5880.0,5880.0,5880.0,5880.0,quintal,5880.0,₹/quintal,True
Punjab,Hoshiarpur,Mukerian(Talwara) APMC,Apple,Apple,Medium,2026-09-05,4000.0,10000.0,7000.0,7000.0,quintal,7000.0,₹/quintal,True
Punjab,Hoshiarpur,Mukerian(Talwara) APMC,Banana,Banana - Ripe,Medium,2026-09-05,2800.0,3600.0,3200.0,3200.0,quintal,3200.0,₹/quintal,True
Punjab,Hoshiarpur,Mukerian(Talwara) APMC,Bhindi(Ladies Finger),Bhindi,FAQ,2026-09-05,1000.0,1500.0,1250.0,1250.0,quintal,1250.0,₹/quintal,True
Punjab,Hoshiarpur,Mukerian(Talwara) APMC,Bitter gourd,Bitter Gourd,FAQ,2026-09-05,1400.0,2000.0,1700.0,1700.0,quintal,1700.0,₹/quintal,True
Punjab,Hoshiarpur,Mukerian(Talwara) APMC,Bottle gourd,Bottle Gourd,FAQ,2026-09-05,1000.0,1500.0,1250.0,1250.0,quintal,1250.0,₹/quintal,True
Punjab,Hoshiarpur,Mukerian(Talwara) APMC,Brinjal,Brinjal,FAQ,2026-09-05,1400.0,2000.0,1700.0,1700.0,quintal,1700.0,₹/quintal,True
Punjab,Hoshiarpur,Mukerian(Talwara) APMC,Capsicum,Capsicum,FAQ,2026-09-05,4000.0,5000.0,4500.0,4500.0,quintal,4500.0,₹/quintal,True
Punjab,Hoshiarpur,Mukerian(Talwara) APMC,Cauliflower,Cauliflower,FAQ,2026-09-05,4000.0,5000.0,4500.0,4500.0,quintal,4500.0,₹/quintal,True
Punjab,Hoshiarpur,Mukerian(Talwara) APMC,Cucumbar(Kheera),Cucumbar,FAQ,2026-09-05,1200.0,1600.0,1400.0,1400.0,quintal,1400.0,₹/quintal,True
Punjab,Hoshiarpur,Mukerian(Talwara) APMC,Field Pea,Field Pea,FAQ,2026-09-05,6000.0,8000.0,7000.0,7000.0,quintal,7000.0,₹/quintal,True
Punjab,Hoshiarpur,Mukerian(Talwara) APMC,French Beans(Frasbean),French Beans (Frasbean),FAQ,2026-09-05,4000.0,6000.0,5000.0,5000.0,quintal,5000.0,₹/quintal,True
Punjab,Hoshiarpur,Mukerian(Talwara) APMC,Green Chilli,Green Chilly,FAQ,2026-09-05,2500.0,3500.0,3000.0,3000.0,quintal,3000.0,₹/quintal,True
Punjab,Hoshiarpur,Mukerian(Talwara) APMC,Onion,Onion,FAQ,2026-09-05,4000.0,5000.0,4500.0,4500.0,quintal,4500.0,₹/quintal,True
Punjab,Hoshiarpur,Mukerian(Talwara) APMC,Potato,Potato,FAQ,2026-09-05,800.0,1600.0,1200.0,1200.0,quintal,1200.0,₹/quintal,True
Punjab,Hoshiarpur,Mukerian(Talwara) APMC,Tomato,Tomato,FAQ,2026-09-05,3000.0,4000.0,3500.0,3500.0,quintal,3500.0,₹/quintal,True
Punjab,Hoshiarpur,Tanda Urmur APMC,Apple,Apple,Grade A,2026-09-05,8000.0,9000.0,8500.0,8500.0,quintal,8500.0,₹/quintal,True
Punjab,Hoshiarpur,Tanda Urmur APMC,Bhindi(Ladies Finger),Bhindi,Grade A,2026-09-05,3000.0,4000.0,3500.0,3500.0,quintal,3500.0,₹/quintal,True
Punjab,Hoshiarpur,Tanda Urmur APMC,Bitter gourd,Bitter Gourd,Grade A,2026-09-05,2500.0,3000.0,2800.0,2800.0,quintal,2800.0,₹/quintal,True
Punjab,Hoshiarpur,Tanda Urmur APMC,Bottle gourd,Other,Grade A,2026-09-05,1800.0,2000.0,1900.0,1900.0,quintal,1900.0,₹/quintal,True
Punjab,Hoshiarpur,Tanda Urmur APMC,Brinjal,Brinjal,Grade A,2026-09-05,2500.0,3000.0,2800.0,2800.0,quintal,2800.0,₹/quintal,True
Punjab,Hoshiarpur,Tanda Urmur APMC,Cabbage,Cabbage,Grade A,2026-09-05,2500.0,3000.0,2800.0,2800.0,quintal,2800.0,₹/quintal,True
Punjab,Hoshiarpur,Tanda Urmur APMC,Capsicum,Capsicum,Grade A,2026-09-05,5000.0,6000.0,5500.0,5500.0,quintal,5500.0,₹/quintal,True
Punjab,Hoshiarpur,Tanda Urmur APMC,Cauliflower,Cauliflower,Grade A,2026-09-05,5000.0,6000.0,5500.0,5500.0,quintal,5500.0,₹/quintal,True
Punjab,Hoshiarpur,Tanda Urmur APMC,Cucumbar(Kheera),Cucumbar,Grade A,2026-09-05,3000.0,4000.0,3500.0,3500.0,quintal,3500.0,₹/quintal,True
Punjab,Hoshiarpur,Tanda Urmur APMC,Field Pea,Field Pea,Grade A,2026-09-05,8000.0,9000.0,8500.0,8500.0,quintal,8500.0,₹/quintal,True
Punjab,Hoshiarpur,Tanda Urmur APMC,Garlic,Garlic,Grade Range-1,2026-09-05,12000.0,14000.0,13000.0,13000.0,quintal,13000.0,₹/quintal,True
Punjab,Hoshiarpur,Tanda Urmur APMC,Ginger(Green),Other,Grade A,2026-09-05,10000.0,12000.0,11000.0,11000.0,quintal,11000.0,₹/quintal,True
Punjab,Hoshiarpur,Tanda Urmur APMC,Green Chilli,Green Chilly,Grade A,2026-09-05,2500.0,3000.0,2800.0,2800.0,quintal,2800.0,₹/quintal,True
Punjab,Hoshiarpur,Tanda Urmur APMC,Guava,Guava,Grade A,2026-09-05,6000.0,6500.0,6200.0,6200.0,quintal,6200.0,₹/quintal,True
Punjab,Hoshiarpur,Tanda Urmur APMC,Lemon,Other,Grade A,2026-09-05,6000.0,7000.0,6500.0,6500.0,quintal,6500.0,₹/quintal,True
Punjab,Hoshiarpur,Tanda Urmur APMC,Mousambi(Sweet Lime),Other,Grade A,2026-09-05,4000.0,5000.0,4500.0,4500.0,quintal,4500.0,₹/quintal,True
Punjab,Hoshiarpur,Tanda Urmur APMC,Onion,Nasik,Grade A,2026-09-05,4500.0,5000.0,4800.0,4800.0,quintal,4800.0,₹/quintal,True
Punjab,Hoshiarpur,Tanda Urmur APMC,Papaya,Other,Grade A,2026-09-05,4000.0,5000.0,4500.0,4500.0,quintal,4500.0,₹/quintal,True
Punjab,Hoshiarpur,Tanda Urmur APMC,Pineapple,Other,Grade A,2026-09-05,5000.0,6000.0,5500.0,5500.0,quintal,5500.0,₹/quintal,True
Punjab,Hoshiarpur,Tanda Urmur APMC,Plum,Other,Grade A,2026-09-05,10000.0,12000.0,11000.0,11000.0,quintal,11000.0,₹/quintal,True
Punjab,Hoshiarpur,Tanda Urmur APMC,Potato,Local,Grade A,2026-09-05,1000.0,1200.0,1100.0,1100.0,quintal,1100.0,₹/quintal,True
Punjab,Hoshiarpur,Tanda Urmur APMC,Pumpkin,Pumpkin,Grade A,2026-09-05,1200.0,1500.0,1300.0,1300.0,quintal,1300.0,₹/quintal,True
Punjab,Hoshiarpur,Tanda Urmur APMC,Raddish,Raddish,Grade A,2026-09-05,2200.0,3000.0,2500.0,2500.0,quintal,2500.0,₹/quintal,True
Punjab,Hoshiarpur,Tanda Urmur APMC,Tinda,Tinda,Grade A,2026-09-05,3000.0,3500.0,3200.0,3200.0,quintal,3200.0,₹/quintal,True
Punjab,Hoshiarpur,Tanda Urmur APMC,Tomato,Local,Grade A,2026-09-05,2500.0,3000.0,2800.0,2800.0,quintal,2800.0,₹/quintal,True
Punjab,Ludhiana,Killa Raipur (Jodhan) APMC,Bhindi(Ladies Finger),Other,Grade A,2026-09-05,2250.0,2250.0,2250.0,2250.0,quintal,2250.0,₹/quintal,True
Punjab,Ludhiana,Sahnewal APMC,Bottle gourd,Bottle Gourd,FAQ,2026-09-05,1500.0,1500.0,1500.0,1500.0,quintal,1500.0,₹/quintal,True
Punjab,Ludhiana,Sahnewal APMC,Brinjal,Brinjal,FAQ,2026-09-05,2200.0,2200.0,2200.0,2200.0,quintal,2200.0,₹/quintal,True
Punjab,Ludhiana,Sahnewal APMC,Onion,Onion,FAQ,2026-09-05,4500.0,4500.0,4500.0,4500.0,quintal,4500.0,₹/quintal,True
Punjab,Ludhiana,Sahnewal APMC,Potato,Potato,FAQ,2026-09-05,700.0,700.0,700.0,700.0,quintal,700.0,₹/quintal,True
Punjab,Tarntaran,Patti APMC,Apple,Other,Grade B,2026-09-05,2000.0,2000.0,2000.0,2000.0,quintal,2000.0,₹/quintal,True
Punjab,Tarntaran,Patti APMC,Banana,Other,Grade B,2026-09-05,1.4,1.4,1.4,1.4,quintal,1.4,₹/quintal,True
Punjab,Tarntaran,Patti APMC,Bhindi(Ladies Finger),Other,Local,2026-09-05,0.15,0.15,0.15,0.15,quintal,0.15,₹/quintal,True
Punjab,Tarntaran,Patti APMC,Bitter gourd,Other,Local,2026-09-05,0.12,0.12,0.12,0.12,quintal,0.12,₹/quintal,True
Punjab,Tarntaran,Patti APMC,Bottle gourd,Other,Local,2026-09-05,150.0,150.0,150.0,150.0,quintal,150.0,₹/quintal,True
Punjab,Tarntaran,Patti APMC,Brinjal,Other,Local,2026-09-05,0.15,0.15,0.15,0.15,quintal,0.15,₹/quintal,True
Punjab,Tarntaran,Patti APMC,Carrot,Other,Local,2026-09-05,430.0,430.0,430.0,430.0,quintal,430.0,₹/quintal,True
Punjab,Tarntaran,Patti APMC,Cauliflower,Other,Local,2026-09-05,500.0,500.0,500.0,500.0,quintal,500.0,₹/quintal,True
Punjab,Tarntaran,Patti APMC,Colacasia,Other,Local,2026-09-05,0.12,0.12,0.12,0.12,quintal,0.12,₹/quintal,True
Punjab,Tarntaran,Patti APMC,Cucumbar(Kheera),Cucumbar,Local,2026-09-05,0.16,0.16,0.16,0.16,quintal,0.16,₹/quintal,True
Punjab,Tarntaran,Patti APMC,Garlic,Other,Local,2026-09-05,30.2,30.2,30.2,30.2,quintal,30.2,₹/quintal,True
Punjab,Tarntaran,Patti APMC,Green Chilli,Other,Local,2026-09-05,0.1,0.1,0.1,0.1,quintal,0.1,₹/quintal,True
Punjab,Tarntaran,Patti APMC,Onion,Other,Non-FAQ,2026-09-05,0.18,0.18,0.18,0.18,quintal,0.18,₹/quintal,True
Punjab,Tarntaran,Patti APMC,Pea Pod/Pea Cod/हरी मटर,Other,Local,2026-09-05,4800.0,4800.0,4800.0,4800.0,quintal,4800.0,₹/quintal,True
Punjab,Tarntaran,Patti APMC,Potato,Potato,Local,2026-09-05,0.08,0.08,0.08,0.08,quintal,0.08,₹/quintal,True
Punjab,Tarntaran,Patti APMC,Raddish,Raddish,Local,2026-09-05,18.0,18.0,18.0,18.0,quintal,18.0,₹/quintal,True
Punjab,Tarntaran,Patti APMC,Spinach,Other,Local,2026-09-05,1000.0,1000.0,1000.0,1000.0,quintal,1000.0,₹/quintal,True
Punjab,Tarntaran,Patti APMC,Tomato,Other,Local,2026-09-05,0.1,0.1,0.1,0.1,quintal,0.1,₹/quintal,True
Tamil Nadu,Ariyalur,Ariyalur,Amaranthus,Amaranthus,Local,2026-09-05,3000.0,3500.0,3250.0,3250.0,quintal,3250.0,₹/quintal,True
Tamil Nadu,Ariyalur,Ariyalur,Beans,Beans (Whole),Local,2026-09-05,8000.0,9000.0,8500.0,8500.0,quintal,8500.0,₹/quintal,True
Tamil Nadu,Ariyalur,Ariyalur,Beetroot,Beetroot,Local,2026-09-05,4000.0,4500.0,4250.0,4250.0,quintal,4250.0,₹/quintal,True
Tamil Nadu,Ariyalur,Ariyalur,Bhindi(Ladies Finger),Bhindi,Local,2026-09-05,3000.0,3500.0,3250.0,3250.0,quintal,3250.0,₹/quintal,True
Tamil Nadu,Ariyalur,Ariyalur,Bottle gourd,Bottle Gourd,Local,2026-09-05,2000.0,2500.0,2250.0,2250.0,quintal,2250.0,₹/quintal,True
Tamil Nadu,Ariyalur,Ariyalur,Brinjal,Round,Local,2026-09-05,4500.0,5000.0,4750.0,4750.0,quintal,4750.0,₹/quintal,True
Tamil Nadu,Ariyalur,Ariyalur,Cabbage,Cabbage,Local,2026-09-05,3000.0,3500.0,3250.0,3250.0,quintal,3250.0,₹/quintal,True
Tamil Nadu,Ariyalur,Ariyalur,Carrot,Pusakesar,Local,2026-09-05,7000.0,8000.0,7500.0,7500.0,quintal,7500.0,₹/quintal,True
Tamil Nadu,Ariyalur,Ariyalur,Chow Chow,Chow Chow,Local,2026-09-05,3500.0,4000.0,3750.0,3750.0,quintal,3750.0,₹/quintal,True
Tamil Nadu,Ariyalur,Ariyalur,Cluster beans,Cluster Beans,Local,2026-09-05,3000.0,3500.0,3250.0,3250.0,quintal,3250.0,₹/quintal,True
Tamil Nadu,Ariyalur,Ariyalur,Coconut,Coconut,Local,2026-09-05,6000.0,6500.0,6250.0,6250.0,quintal,6250.0,₹/quintal,True
Tamil Nadu,Ariyalur,Ariyalur,Coriander(Leaves),I Sort,Local,2026-09-05,4500.0,5000.0,4750.0,4750.0,quintal,4750.0,₹/quintal,True
Tamil Nadu,Ariyalur,Ariyalur,Drumstick,Drumstick,Local,2026-09-05,3500.0,4000.0,3750.0,3750.0,quintal,3750.0,₹/quintal,True
Tamil Nadu,Ariyalur,Ariyalur,Ginger(Green),Green Ginger,Local,2026-09-05,16000.0,17000.0,16500.0,16500.0,quintal,16500.0,₹/quintal,True
Tamil Nadu,Ariyalur,Ariyalur,Green Avare(W),Green Avare (W),Local,2026-09-05,7000.0,8000.0,7500.0,7500.0,quintal,7500.0,₹/quintal,True
Tamil Nadu,Ariyalur,Ariyalur,Green Chilli,Green Chilly,Local,2026-09-05,5000.0,5500.0,5250.0,5250.0,quintal,5250.0,₹/quintal,True
Tamil Nadu,Ariyalur,Ariyalur,Lemon,Lemon,Local,2026-09-05,3500.0,4500.0,4000.0,4000.0,quintal,4000.0,₹/quintal,True
Tamil Nadu,Ariyalur,Ariyalur,Mint(Pudina),Mint(Pudina),Local,2026-09-05,5000.0,5500.0,5250.0,5250.0,quintal,5250.0,₹/quintal,True
Tamil Nadu,Ariyalur,Ariyalur,Onion,Bellary,Local,2026-09-05,5500.0,6000.0,5750.0,5750.0,quintal,5750.0,₹/quintal,True
Tamil Nadu,Ariyalur,Ariyalur,Onion Green,Onion Green,Local,2026-09-05,7000.0,8000.0,7500.0,7500.0,quintal,7500.0,₹/quintal,True
Tamil Nadu,Ariyalur,Ariyalur,Potato,Red Nanital,Local,2026-09-05,3500.0,4000.0,3750.0,3750.0,quintal,3750.0,₹/quintal,True
Tamil Nadu,Ariyalur,Ariyalur,Raddish,Raddish,Local,2026-09-05,3500.0,4000.0,3750.0,3750.0,quintal,3750.0,₹/quintal,True
Tamil Nadu,Ariyalur,Ariyalur,Snakeguard,Snakeguard,Local,2026-09-05,3500.0,4000.0,3750.0,3750.0,quintal,3750.0,₹/quintal,True
Tamil Nadu,Ariyalur,Ariyalur,Tomato,Deshi,Local,2026-09-05,2500.0,3000.0,2750.0,2750.0,quintal,2750.0,₹/quintal,True
Tamil Nadu,Ariyalur,Jeyankondam,Brinjal,Round,Local,2026-09-05,4500.0,5000.0,4750.0,4750.0,quintal,4750.0,₹/quintal,True
Tamil Nadu,Ariyalur,Jeyankondam,Onion,Bellary,Local,2026-09-05,5000.0,6000.0,5500.0,5500.0,quintal,5500.0,₹/quintal,True
Tamil Nadu,Ariyalur,Jeyankondam,Onion Green,Onion Green,Local,2026-09-05,7000.0,8000.0,7500.0,7500.0,quintal,7500.0,₹/quintal,True
Tamil Nadu,Ariyalur,Jeyankondam,Raddish,Raddish,Local,2026-09-05,3500.0,4000.0,3750.0,3750.0,quintal,3750.0,₹/quintal,True
Tamil Nadu,Ariyalur,Jeyankondam,Tomato,Deshi,Local,2026-09-05,2500.0,3000.0,2750.0,2750.0,quintal,2750.0,₹/quintal,True
Tamil Nadu,Chengalpattu,Chengalpet,Green Avare(W),Green Avare (W),Local,2026-09-05,6000.0,7000.0,6500.0,6500.0,quintal,6500.0,₹/quintal,True
Tamil Nadu,Chengalpattu,Medavakkam,Ashgourd,Gouard,Local,2026-09-05,2500.0,2500.0,2500.0,2500.0,quintal,2500.0,₹/quintal,True
Tamil Nadu,Chengalpattu,Medavakkam,Banana,Karpura,Local,2026-09-05,6000.0,6000.0,6000.0,6000.0,quintal,6000.0,₹/quintal,True
Tamil Nadu,Chengalpattu,Medavakkam,Banana - Green,Banana - Green,Local,2026-09-05,3500.0,3500.0,3500.0,3500.0,quintal,3500.0,₹/quintal,True
Tamil Nadu,Chengalpattu,Medavakkam,Bhindi(Ladies Finger),Bhindi,Local,2026-09-05,5000.0,5000.0,5000.0,5000.0,quintal,5000.0,₹/quintal,True
Tamil Nadu,Chengalpattu,Medavakkam,Brinjal,Round,Local,2026-09-05,4000.0,4000.0,4000.0,4000.0,quintal,4000.0,₹/quintal,True
Tamil Nadu,Chengalpattu,Medavakkam,Coconut,Coconut,Local,2026-09-05,5000.0,5000.0,5000.0,5000.0,quintal,5000.0,₹/quintal,True
Tamil Nadu,Chengalpattu,Medavakkam,Coriander(Leaves),I Sort,Local,2026-09-05,3000.0,3000.0,3000.0,3000.0,quintal,3000.0,₹/quintal,True
Tamil Nadu,Chengalpattu,Medavakkam,Garlic,Garlic,Local,2026-09-05,20000.0,25000.0,22500.0,22500.0,quintal,22500.0,₹/quintal,True
Tamil Nadu,Chengalpattu,Medavakkam,Ginger(Green),Green Ginger,Local,2026-09-05,10000.0,20000.0,15000.0,15000.0,quintal,15000.0,₹/quintal,True
Tamil Nadu,Chengalpattu,Medavakkam,Green Avare(W),Other,Local,2026-09-05,5000.0,5000.0,5000.0,5000.0,quintal,5000.0,₹/quintal,True
Tamil Nadu,Chengalpattu,Medavakkam,Green Chilli,Green Chilly,Local,2026-09-05,6000.0,6000.0,6000.0,6000.0,quintal,6000.0,₹/quintal,True
Tamil Nadu,Chengalpattu,Medavakkam,Groundnut,Big (With Shell),Local,2026-09-05,6000.0,7000.0,6500.0,6500.0,quintal,6500.0,₹/quintal,True
Tamil Nadu,Chengalpattu,Medavakkam,Lemon,Lemon,Local,2026-09-05,10000.0,15000.0,12500.0,12500.0,quintal,12500.0,₹/quintal,True
Tamil Nadu,Chengalpattu,Medavakkam,Marigold(Calcutta),Marigold(Calcutta),Local,2026-09-05,10000.0,16000.0,13000.0,13000.0,quintal,13000.0,₹/quintal,True
Tamil Nadu,Chengalpattu,Medavakkam,Mint(Pudina),Mint(Pudina),Local,2026-09-05,3000.0,3000.0,3000.0,3000.0,quintal,3000.0,₹/quintal,True
Tamil Nadu,Chengalpattu,Medavakkam,Onion,Bellary,Local,2026-09-05,6000.0,6000.0,6000.0,6000.0,quintal,6000.0,₹/quintal,True
Tamil Nadu,Chengalpattu,Medavakkam,Papaya,Papaya,Local,2026-09-05,4000.0,4000.0,4000.0,4000.0,quintal,4000.0,₹/quintal,True
Tamil Nadu,Chengalpattu,Medavakkam,Potato,Other,Local,2026-09-05,3500.0,3500.0,3500.0,3500.0,quintal,3500.0,₹/quintal,True
Tamil Nadu,Chengalpattu,Medavakkam,Rose(Local),Rose (Local),Local,2026-09-05,10000.0,20000.0,15000.0,15000.0,quintal,15000.0,₹/quintal,True
Tamil Nadu,Chengalpattu,Medavakkam,Tender Coconut,Tender Coconut,Local,2026-09-05,5000.0,5000.0,5000.0,5000.0,quintal,5000.0,₹/quintal,True
Tamil Nadu,Chengalpattu,Medavakkam,Tomato,Other,Local,2026-09-05,2000.0,2500.0,2250.0,2250.0,quintal,2250.0,₹/quintal,True
Tamil Nadu,Coimbatore,Kurichi,Amaranthus,Amaranthus,Local,2026-09-05,5000.0,6500.0,5750.0,5750.0,quintal,5750.0,₹/quintal,True
Tamil Nadu,Coimbatore,Kurichi,Ashgourd,Gouard,Local,2026-09-05,1800.0,2000.0,1900.0,1900.0,quintal,1900.0,₹/quintal,True
Tamil Nadu,Coimbatore,Kurichi,Banana,Red Banana,Local,2026-09-05,7000.0,8000.0,7500.0,7500.0,quintal,7500.0,₹/quintal,True
Tamil Nadu,Coimbatore,Kurichi,Banana - Green,Banana - Green,Local,2026-09-05,4000.0,4500.0,4250.0,4250.0,quintal,4250.0,₹/quintal,True
Tamil Nadu,Coimbatore,Kurichi,Bhindi(Ladies Finger),Bhindi,Local,2026-09-05,4000.0,4500.0,4250.0,4250.0,quintal,4250.0,₹/quintal,True
Tamil Nadu,Coimbatore,Kurichi,Bitter gourd,Other,Local,2026-09-05,4000.0,4500.0,4250.0,4250.0,quintal,4250.0,₹/quintal,True
Tamil Nadu,Coimbatore,Kurichi,Bottle gourd,Bottle Gourd,Local,2026-09-05,3000.0,3500.0,3250.0,3250.0,quintal,3250.0,₹/quintal,True
Tamil Nadu,Coimbatore,Kurichi,Brinjal,Round,Local,2026-09-05,4500.0,5000.0,4750.0,4750.0,quintal,4750.0,₹/quintal,True
Tamil Nadu,Coimbatore,Kurichi,Cluster beans,Cluster Beans,Local,2026-09-05,3500.0,4000.0,3750.0,3750.0,quintal,3750.0,₹/quintal,True
Tamil Nadu,Coimbatore,Kurichi,Coconut,Coconut,Local,2026-09-05,5500.0,6000.0,5750.0,5750.0,quintal,5750.0,₹/quintal,True
Tamil Nadu,Coimbatore,Kurichi,Coriander(Leaves),I Sort,Local,2026-09-05,3500.0,4000.0,3750.0,3750.0,quintal,3750.0,₹/quintal,True
Tamil Nadu,Coimbatore,Kurichi,Cucumbar(Kheera),Cucumbar,Local,2026-09-05,3500.0,4000.0,3750.0,3750.0,quintal,3750.0,₹/quintal,True
Tamil Nadu,Coimbatore,Kurichi,Drumstick,Drumstick,Local,2026-09-05,3000.0,3500.0,3250.0,3250.0,quintal,3250.0,₹/quintal,True
Tamil Nadu,Coimbatore,Kurichi,Elephant Yam(Suran)/Amorphophallus,Elephant Yam (Suran),Local,2026-09-05,3500.0,4000.0,3750.0,3750.0,quintal,3750.0,₹/quintal,True
Tamil Nadu,Coimbatore,Kurichi,Green Avare(W),Green Avare (W),Local,2026-09-05,5000.0,5600.0,5300.0,5300.0,quintal,5300.0,₹/quintal,True
Tamil Nadu,Coimbatore,Kurichi,Green Chilli,Green Chilly,Local,2026-09-05,4000.0,4500.0,4250.0,4250.0,quintal,4250.0,₹/quintal,True
Tamil Nadu,Coimbatore,Kurichi,Guava,Guava Allahabad,Local,2026-09-05,5500.0,6000.0,5750.0,5750.0,quintal,5750.0,₹/quintal,True
Tamil Nadu,Coimbatore,Kurichi,Lemon,Lemon,Local,2026-09-05,19000.0,20000.0,19500.0,19500.0,quintal,19500.0,₹/quintal,True
Tamil Nadu,Coimbatore,Kurichi,Mint(Pudina),Mint(Pudina),Local,2026-09-05,4500.0,5000.0,4750.0,4750.0,quintal,4750.0,₹/quintal,True
Tamil Nadu,Coimbatore,Kurichi,Onion,Bellary,Local,2026-09-05,5200.0,5800.0,5500.0,5500.0,quintal,5500.0,₹/quintal,True
Tamil Nadu,Coimbatore,Kurichi,Onion Green,Onion Green,Local,2026-09-05,7500.0,8000.0,7750.0,7750.0,quintal,7750.0,₹/quintal,True
Tamil Nadu,Coimbatore,Kurichi,Papaya,Papaya,Local,2026-09-05,4000.0,4500.0,4250.0,4250.0,quintal,4250.0,₹/quintal,True
Tamil Nadu,Coimbatore,Kurichi,Pumpkin,Pumpkin,Local,2026-09-05,1800.0,2000.0,1900.0,1900.0,quintal,1900.0,₹/quintal,True
Tamil Nadu,Coimbatore,Kurichi,Raddish,Raddish,Local,2026-09-05,3000.0,3500.0,3250.0,3250.0,quintal,3250.0,₹/quintal,True
Tamil Nadu,Coimbatore,Kurichi,Ridgeguard(Tori),Ridgeguard(Tori),Local,2026-09-05,4000.0,4500.0,4250.0,4250.0,quintal,4250.0,₹/quintal,True
Tamil Nadu,Coimbatore,Kurichi,Snakeguard,Snakeguard,Local,2026-09-05,3500.0,4000.0,3750.0,3750.0,quintal,3750.0,₹/quintal,True
Tamil Nadu,Coimbatore,Kurichi,Sweet Potato,Hosur Red,Local,2026-09-05,4500.0,5000.0,4750.0,4750.0,quintal,4750.0,₹/quintal,True
Tamil Nadu,Coimbatore,Kurichi,Tapioca,Tapioca,Local,2026-09-05,3000.0,3500.0,3250.0,3250.0,quintal,3250.0,₹/quintal,True
Tamil Nadu,Coimbatore,Kurichi,Thondekai,Thondekai,Local,2026-09-05,4000.0,4500.0,4250.0,4250.0,quintal,4250.0,₹/quintal,True
Tamil Nadu,Coimbatore,Kurichi,Tomato,Local,Local,2026-09-05,2500.0,3000.0,2750.0,2750.0,quintal,2750.0,₹/quintal,True
Tamil Nadu,Coimbatore,Mettupalayam,Amaranthus,Amaranthus,Local,2026-09-05,3000.0,4000.0,3500.0,3500.0,quintal,3500.0,₹/quintal,True
Tamil Nadu,Coimbatore,Mettupalayam,Amla(Nelli Kai),Amla,Local,2026-09-05,8000.0,9000.0,8500.0,8500.0,quintal,8500.0,₹/quintal,True
Tamil Nadu,Coimbatore,Mettupalayam,Ashgourd,Gouard,Local,2026-09-05,1500.0,1800.0,1650.0,1650.0,quintal,1650.0,₹/quintal,True
Tamil Nadu,Coimbatore,Mettupalayam,Baby Corn,Baby Corn,Grade A,2026-09-05,2500.0,3000.0,2750.0,2750.0,quintal,2750.0,₹/quintal,True
Tamil Nadu,Coimbatore,Mettupalayam,Banana,Besrai,Local,2026-09-05,4000.0,8000.0,6000.0,6000.0,quintal,6000.0,₹/quintal,True
Tamil Nadu,Coimbatore,Mettupalayam,Banana - Green,Banana - Green,Local,2026-09-05,4500.0,5000.0,4750.0,4750.0,quintal,4750.0,₹/quintal,True
Tamil Nadu,Coimbatore,Mettupalayam,Beans,Beans (Whole),Local,2026-09-05,6500.0,7500.0,7000.0,7000.0,quintal,7000.0,₹/quintal,True
Tamil Nadu,Coimbatore,Mettupalayam,Beetroot,Beetroot,Local,2026-09-05,5000.0,6000.0,5500.0,5500.0,quintal,5500.0,₹/quintal,True
Tamil Nadu,Coimbatore,Mettupalayam,Bhindi(Ladies Finger),Bhindi,Local,2026-09-05,3500.0,4000.0,3750.0,3750.0,quintal,3750.0,₹/quintal,True
Tamil Nadu,Coimbatore,Mettupalayam,Bitter gourd,Bitter Gourd,Local,2026-09-05,4500.0,5000.0,4750.0,4750.0,quintal,4750.0,₹/quintal,True
Tamil Nadu,Coimbatore,Mettupalayam,Bottle gourd,Bottle Gourd,Local,2026-09-05,2000.0,3000.0,2500.0,2500.0,quintal,2500.0,₹/quintal,True
Tamil Nadu,Coimbatore,Mettupalayam,Brinjal,Round,Local,2026-09-05,3000.0,3500.0,3250.0,3250.0,quintal,3250.0,₹/quintal,True
Tamil Nadu,Coimbatore,Mettupalayam,Cabbage,Cabbage,Local,2026-09-05,3000.0,3500.0,3250.0,3250.0,quintal,3250.0,₹/quintal,True
Tamil Nadu,Coimbatore,Mettupalayam,Capsicum,Capsicum,Local,2026-09-05,6000.0,7000.0,6500.0,6500.0,quintal,6500.0,₹/quintal,True
Tamil Nadu,Coimbatore,Mettupalayam,Carrot,Pusakesar,Local,2026-09-05,5400.0,5800.0,5600.0,5600.0,quintal,5600.0,₹/quintal,True
Tamil Nadu,Coimbatore,Mettupalayam,Cauliflower,Ranchi,Local,2026-09-05,4000.0,4500.0,4250.0,4250.0,quintal,4250.0,₹/quintal,True
Tamil Nadu,Coimbatore,Mettupalayam,Chikoos(Sapota),Sapota,Local,2026-09-05,4500.0,5000.0,4750.0,4750.0,quintal,4750.0,₹/quintal,True
Tamil Nadu,Coimbatore,Mettupalayam,Chow Chow,Chow Chow,Local,2026-09-05,3500.0,4000.0,3750.0,3750.0,quintal,3750.0,₹/quintal,True
Tamil Nadu,Coimbatore,Mettupalayam,Cluster beans,Cluster Beans,Local,2026-09-05,3000.0,3500.0,3250.0,3250.0,quintal,3250.0,₹/quintal,True
Tamil Nadu,Coimbatore,Mettupalayam,Coconut,Coconut,Local,2026-09-05,5500.0,6000.0,5750.0,5750.0,quintal,5750.0,₹/quintal,True
Tamil Nadu,Coimbatore,Mettupalayam,Coriander(Leaves),I Sort,Local,2026-09-05,4000.0,4500.0,4250.0,4250.0,quintal,4250.0,₹/quintal,True
Tamil Nadu,Coimbatore,Mettupalayam,Cowpea(Veg),Cowpea (Veg),Local,2026-09-05,3000.0,3500.0,3250.0,3250.0,quintal,3250.0,₹/quintal,True
Tamil Nadu,Coimbatore,Mettupalayam,Cucumbar(Kheera),Cucumbar,Local,2026-09-05,3000.0,4000.0,3500.0,3500.0,quintal,3500.0,₹/quintal,True
Tamil Nadu,Coimbatore,Mettupalayam,Drumstick,Drumstick,Local,2026-09-05,2400.0,2800.0,2600.0,2600.0,quintal,2600.0,₹/quintal,True
Tamil Nadu,Coimbatore,Mettupalayam,Elephant Yam(Suran)/Amorphophallus,Elephant Yam (Suran),Local,2026-09-05,3500.0,4000.0,3750.0,3750.0,quintal,3750.0,₹/quintal,True
Tamil Nadu,Coimbatore,Mettupalayam,Garlic,Garlic,Local,2026-09-05,16000.0,18000.0,17000.0,17000.0,quintal,17000.0,₹/quintal,True
Tamil Nadu,Coimbatore,Mettupalayam,Ginger(Green),Green Ginger,Local,2026-09-05,7500.0,15000.0,11250.0,11250.0,quintal,11250.0,₹/quintal,True
Tamil Nadu,Coimbatore,Mettupalayam,Green Avare(W),Green Avare (W),Local,2026-09-05,5000.0,5500.0,5250.0,5250.0,quintal,5250.0,₹/quintal,True
Tamil Nadu,Coimbatore,Mettupalayam,Green Chilli,Green Chilly,Local,2026-09-05,3500.0,4200.0,3850.0,3850.0,quintal,3850.0,₹/quintal,True
Tamil Nadu,Coimbatore,Mettupalayam,Green Peas,Green Peas,Local,2026-09-05,12000.0,15000.0,13500.0,13500.0,quintal,13500.0,₹/quintal,True
Tamil Nadu,Coimbatore,Mettupalayam,Groundnut,Big (With Shell),Local,2026-09-05,7000.0,8000.0,7500.0,7500.0,quintal,7500.0,₹/quintal,True
Tamil Nadu,Coimbatore,Mettupalayam,Guava,Guava Allahabad,Local,2026-09-05,5000.0,6000.0,5500.0,5500.0,quintal,5500.0,₹/quintal,True
Tamil Nadu,Coimbatore,Mettupalayam,Jack Fruit(Ripe),Jack Fruit,Local,2026-09-05,3500.0,4000.0,3750.0,3750.0,quintal,3750.0,₹/quintal,True
Tamil Nadu,Coimbatore,Mettupalayam,Knool Khol,Knool Khol,Local,2026-09-05,5000.0,6000.0,5500.0,5500.0,quintal,5500.0,₹/quintal,True
Tamil Nadu,Coimbatore,Mettupalayam,Lemon,Lemon,Local,2026-09-05,16000.0,19000.0,17500.0,17500.0,quintal,17500.0,₹/quintal,True
Tamil Nadu,Coimbatore,Mettupalayam,Lime,Lime,Local,2026-09-05,10000.0,12000.0,11000.0,11000.0,quintal,11000.0,₹/quintal,True
Tamil Nadu,Coimbatore,Mettupalayam,Mango(Raw-Ripe),Mango - Raw-Ripe,Local,2026-09-05,6000.0,7000.0,6500.0,6500.0,quintal,6500.0,₹/quintal,True
Tamil Nadu,Coimbatore,Mettupalayam,Mashrooms,Mashrooms,Local,2026-09-05,16000.0,20000.0,18000.0,18000.0,quintal,18000.0,₹/quintal,True
Tamil Nadu,Coimbatore,Mettupalayam,Mint(Pudina),Mint(Pudina),Local,2026-09-05,5000.0,6000.0,5500.0,5500.0,quintal,5500.0,₹/quintal,True
Tamil Nadu,Coimbatore,Mettupalayam,Mousambi(Sweet Lime),Mousambi,Local,2026-09-05,4500.0,5000.0,4750.0,4750.0,quintal,4750.0,₹/quintal,True
Tamil Nadu,Coimbatore,Mettupalayam,Onion,Bellary,Local,2026-09-05,5500.0,6200.0,5850.0,5850.0,quintal,5850.0,₹/quintal,True
Tamil Nadu,Coimbatore,Mettupalayam,Onion Green,Onion Green,Local,2026-09-05,7000.0,7500.0,7250.0,7250.0,quintal,7250.0,₹/quintal,True
Tamil Nadu,Coimbatore,Mettupalayam,Papaya,Papaya,Local,2026-09-05,3500.0,4000.0,3750.0,3750.0,quintal,3750.0,₹/quintal,True
Tamil Nadu,Coimbatore,Mettupalayam,Pomegranate,Pomogranate,Local,2026-09-05,12000.0,15000.0,13500.0,13500.0,quintal,13500.0,₹/quintal,True
Tamil Nadu,Coimbatore,Mettupalayam,Potato,Red Nanital,Local,2026-09-05,3500.0,5500.0,4500.0,4500.0,quintal,4500.0,₹/quintal,True
Tamil Nadu,Coimbatore,Mettupalayam,Pumpkin,Pumpkin,Local,2026-09-05,1500.0,1800.0,1650.0,1650.0,quintal,1650.0,₹/quintal,True
Tamil Nadu,Coimbatore,Mettupalayam,Raddish,Raddish,Local,2026-09-05,2500.0,3000.0,2750.0,2750.0,quintal,2750.0,₹/quintal,True
Tamil Nadu,Coimbatore,Mettupalayam,Ridgeguard(Tori),Ridgeguard(Tori),Local,2026-09-05,3500.0,4500.0,4000.0,4000.0,quintal,4000.0,₹/quintal,True
Tamil Nadu,Coimbatore,Mettupalayam,Snakeguard,Snakeguard,Local,2026-09-05,3500.0,4000.0,3750.0,3750.0,quintal,3750.0,₹/quintal,True
Tamil Nadu,Coimbatore,Mettupalayam,Sweet Corn ,Sweet Corn ,Local,2026-09-05,3500.0,4000.0,3750.0,3750.0,quintal,3750.0,₹/quintal,True
Tamil Nadu,Coimbatore,Mettupalayam,Sweet Potato,Hosur Red,Local,2026-09-05,3500.0,4000.0,3750.0,3750.0,quintal,3750.0,₹/quintal,True
Tamil Nadu,Coimbatore,Mettupalayam,Tapioca,Tapioca,Local,2026-09-05,3000.0,3500.0,3250.0,3250.0,quintal,3250.0,₹/quintal,True
Tamil Nadu,Coimbatore,Mettupalayam,Tender Coconut,Tender Coconut,Local,2026-09-05,3500.0,4000.0,3750.0,3750.0,quintal,3750.0,₹/quintal,True
Tamil Nadu,Coimbatore,Mettupalayam,Thondekai,Thondekai,Local,2026-09-05,3200.0,4000.0,3600.0,3600.0,quintal,3600.0,₹/quintal,True
Tamil Nadu,Coimbatore,Mettupalayam,Tomato,Deshi,Local,2026-09-05,2400.0,2800.0,2600.0,2600.0,quintal,2600.0,₹/quintal,True
Tamil Nadu,Coimbatore,Mettupalayam,Turnip,Turnip,Local,2026-09-05,4500.0,5000.0,4750.0,4750.0,quintal,4750.0,₹/quintal,True
Tamil Nadu,Coimbatore,Mettupalayam,Water Melon,Water Melon,Local,2026-09-05,2000.0,2500.0,2250.0,2250.0,quintal,2250.0,₹/quintal,True
Tamil Nadu,Coimbatore,Pollachi,Amaranthus,Amaranthus,Local,2026-09-05,3000.0,4000.0,3500.0,3500.0,quintal,3500.0,₹/quintal,True
Tamil Nadu,Coimbatore,Pollachi,Amla(Nelli Kai),Amla,Local,2026-09-05,7000.0,8000.0,7500.0,7500.0,quintal,7500.0,₹/quintal,True
Tamil Nadu,Coimbatore,Pollachi,Ashgourd,Gouard,Local,2026-09-05,1800.0,2200.0,2000.0,2000.0,quintal,2000.0,₹/quintal,True
Tamil Nadu,Coimbatore,Pollachi,Banana,Besrai,Local,2026-09-05,4000.0,9000.0,6500.0,6500.0,quintal,6500.0,₹/quintal,True
Tamil Nadu,Coimbatore,Pollachi,Banana - Green,Banana - Green,Local,2026-09-05,4000.0,4500.0,4250.0,4250.0,quintal,4250.0,₹/quintal,True
Tamil Nadu,Coimbatore,Pollachi,Beans,Beans (Whole),Local,2026-09-05,7000.0,8000.0,7500.0,7500.0,quintal,7500.0,₹/quintal,True
Tamil Nadu,Coimbatore,Pollachi,Beetroot,Beetroot,Local,2026-09-05,4500.0,7000.0,5750.0,5750.0,quintal,5750.0,₹/quintal,True
Tamil Nadu,Coimbatore,Pollachi,Bhindi(Ladies Finger),Bhindi,Local,2026-09-05,4500.0,5000.0,4750.0,4750.0,quintal,4750.0,₹/quintal,True
Tamil Nadu,Coimbatore,Pollachi,Bitter gourd,Bitter Gourd,Local,2026-09-05,5500.0,6000.0,5750.0,5750.0,quintal,5750.0,₹/quintal,True
Tamil Nadu,Coimbatore,Pollachi,Bottle gourd,Bottle Gourd,Local,2026-09-05,3000.0,3500.0,3250.0,3250.0,quintal,3250.0,₹/quintal,True
Tamil Nadu,Coimbatore,Pollachi,Brinjal,Round,Local,2026-09-05,4500.0,6000.0,5250.0,5250.0,quintal,5250.0,₹/quintal,True
Tamil Nadu,Coimbatore,Pollachi,Cabbage,Cabbage,Local,2026-09-05,3000.0,3500.0,3250.0,3250.0,quintal,3250.0,₹/quintal,True
Tamil Nadu,Coimbatore,Pollachi,Carrot,Pusakesar,Local,2026-09-05,6000.0,6500.0,6250.0,6250.0,quintal,6250.0,₹/quintal,True
Tamil Nadu,Coimbatore,Pollachi,Cauliflower,Ranchi,Local,2026-09-05,4500.0,5000.0,4750.0,4750.0,quintal,4750.0,₹/quintal,True
Tamil Nadu,Coimbatore,Pollachi,Chow Chow,Chow Chow,Local,2026-09-05,3500.0,4000.0,3750.0,3750.0,quintal,3750.0,₹/quintal,True
Tamil Nadu,Coimbatore,Pollachi,Cluster beans,Cluster Beans,Local,2026-09-05,4000.0,4500.0,4250.0,4250.0,quintal,4250.0,₹/quintal,True
Tamil Nadu,Coimbatore,Pollachi,Coconut,Coconut,Local,2026-09-05,5500.0,6000.0,5750.0,5750.0,quintal,5750.0,₹/quintal,True
Tamil Nadu,Coimbatore,Pollachi,Coriander(Leaves),I Sort,Local,2026-09-05,4500.0,5000.0,4750.0,4750.0,quintal,4750.0,₹/quintal,True
Tamil Nadu,Coimbatore,Pollachi,Cowpea(Veg),Cowpea (Veg),Local,2026-09-05,4000.0,4500.0,4250.0,4250.0,quintal,4250.0,₹/quintal,True
Tamil Nadu,Coimbatore,Pollachi,Drumstick,Drumstick,Local,2026-09-05,3000.0,3500.0,3250.0,3250.0,quintal,3250.0,₹/quintal,True
Tamil Nadu,Coimbatore,Pollachi,Elephant Yam(Suran)/Amorphophallus,Elephant Yam (Suran),Local,2026-09-05,3500.0,4000.0,3750.0,3750.0,quintal,3750.0,₹/quintal,True
Tamil Nadu,Coimbatore,Pollachi,Garlic,Garlic,Local,2026-09-05,18000.0,22000.0,20000.0,20000.0,quintal,20000.0,₹/quintal,True
Tamil Nadu,Coimbatore,Pollachi,Ginger(Green),Green Ginger,Local,2026-09-05,20000.0,22000.0,21000.0,21000.0,quintal,21000.0,₹/quintal,True
Tamil Nadu,Coimbatore,Pollachi,Green Avare(W),Green Avare (W),Local,2026-09-05,5500.0,6000.0,5750.0,5750.0,quintal,5750.0,₹/quintal,True
Tamil Nadu,Coimbatore,Pollachi,Green Chilli,Green Chilly,Local,2026-09-05,4500.0,5000.0,4750.0,4750.0,quintal,4750.0,₹/quintal,True
Tamil Nadu,Coimbatore,Pollachi,Lemon,Lemon,Local,2026-09-05,12000.0,14000.0,13000.0,13000.0,quintal,13000.0,₹/quintal,True
Tamil Nadu,Coimbatore,Pollachi,Mashrooms,Mashrooms,Local,2026-09-05,18000.0,20000.0,19000.0,19000.0,quintal,19000.0,₹/quintal,True
Tamil Nadu,Coimbatore,Pollachi,Mint(Pudina),Mint(Pudina),Local,2026-09-05,5000.0,6000.0,5500.0,5500.0,quintal,5500.0,₹/quintal,True
Tamil Nadu,Coimbatore,Pollachi,Onion,Bellary,Local,2026-09-05,5000.0,6000.0,5500.0,5500.0,quintal,5500.0,₹/quintal,True
Tamil Nadu,Coimbatore,Pollachi,Onion Green,Onion Green,Local,2026-09-05,7000.0,8000.0,7500.0,7500.0,quintal,7500.0,₹/quintal,True
Tamil Nadu,Coimbatore,Pollachi,Papaya,Papaya,Local,2026-09-05,4000.0,4500.0,4250.0,4250.0,quintal,4250.0,₹/quintal,True
Tamil Nadu,Coimbatore,Pollachi,Potato,Red Nanital,Local,2026-09-05,4000.0,6500.0,5250.0,5250.0,quintal,5250.0,₹/quintal,True
Tamil Nadu,Coimbatore,Pollachi,Pumpkin,Pumpkin,Local,2026-09-05,2000.0,2500.0,2250.0,2250.0,quintal,2250.0,₹/quintal,True
Tamil Nadu,Coimbatore,Pollachi,Raddish,Raddish,Local,2026-09-05,3500.0,4000.0,3750.0,3750.0,quintal,3750.0,₹/quintal,True
Tamil Nadu,Coimbatore,Pollachi,Ridgeguard(Tori),Ridgeguard(Tori),Local,2026-09-05,4500.0,5000.0,4750.0,4750.0,quintal,4750.0,₹/quintal,True
Tamil Nadu,Coimbatore,Pollachi,Snakeguard,Snakeguard,Local,2026-09-05,3500.0,4000.0,3750.0,3750.0,quintal,3750.0,₹/quintal,True
Tamil Nadu,Coimbatore,Pollachi,Tender Coconut,Tender Coconut,Local,2026-09-05,3500.0,4000.0,3750.0,3750.0,quintal,3750.0,₹/quintal,True
Tamil Nadu,Coimbatore,Pollachi,Thondekai,Thondekai,Local,2026-09-05,3500.0,4000.0,3750.0,3750.0,quintal,3750.0,₹/quintal,True
Tamil Nadu,Coimbatore,Pollachi,Tomato,Deshi,Local,2026-09-05,2500.0,3000.0,2750.0,2750.0,quintal,2750.0,₹/quintal,True
Tamil Nadu,Coimbatore,Pollachi,Yam(Ratalu),Yam (Ratalu),Local,2026-09-05,5000.0,6000.0,5500.0,5500.0,quintal,5500.0,₹/quintal,True
Tamil Nadu,Coimbatore,RSPuram,Amaranthus,Amaranthus,Local,2026-09-05,5600.0,6500.0,6050.0,6050.0,quintal,6050.0,₹/quintal,True
Tamil Nadu,Coimbatore,RSPuram,Amla(Nelli Kai),Amla,Local,2026-09-05,8500.0,9000.0,8750.0,8750.0,quintal,8750.0,₹/quintal,True
Tamil Nadu,Coimbatore,RSPuram,Apple,American,Local,2026-09-05,20000.0,28000.0,24000.0,24000.0,quintal,24000.0,₹/quintal,True
Tamil Nadu,Coimbatore,RSPuram,Ashgourd,Gouard,Local,2026-09-05,1800.0,2000.0,1900.0,1900.0,quintal,1900.0,₹/quintal,True
Tamil Nadu,Coimbatore,RSPuram,Baby Corn,Baby Corn,Grade A,2026-09-05,2200.0,2600.0,2400.0,2400.0,quintal,2400.0,₹/quintal,True
Tamil Nadu,Coimbatore,RSPuram,Banana,Red Banana,Local,2026-09-05,8000.0,8600.0,8300.0,8300.0,quintal,8300.0,₹/quintal,True
Tamil Nadu,Coimbatore,RSPuram,Banana - Green,Banana - Green,Local,2026-09-05,3600.0,4200.0,3900.0,3900.0,quintal,3900.0,₹/quintal,True
Tamil Nadu,Coimbatore,RSPuram,Beans,Beans (Whole),Local,2026-09-05,6500.0,7000.0,6750.0,6750.0,quintal,6750.0,₹/quintal,True
Tamil Nadu,Coimbatore,RSPuram,Beetroot,Beetroot,Local,2026-09-05,5400.0,5800.0,5600.0,5600.0,quintal,5600.0,₹/quintal,True
Tamil Nadu,Coimbatore,RSPuram,Bhindi(Ladies Finger),Bhindi,Local,2026-09-05,3400.0,3800.0,3600.0,3600.0,quintal,3600.0,₹/quintal,True
Tamil Nadu,Coimbatore,RSPuram,Bitter gourd,Other,Local,2026-09-05,4000.0,4400.0,4200.0,4200.0,quintal,4200.0,₹/quintal,True
Tamil Nadu,Coimbatore,RSPuram,Bottle gourd,Bottle Gourd,Local,2026-09-05,2600.0,3000.0,2800.0,2800.0,quintal,2800.0,₹/quintal,True
Tamil Nadu,Coimbatore,RSPuram,Brinjal,Other,Local,2026-09-05,3200.0,3500.0,3350.0,3350.0,quintal,3350.0,₹/quintal,True
Tamil Nadu,Coimbatore,RSPuram,Cabbage,Cabbage,Local,2026-09-05,2000.0,2200.0,2100.0,2100.0,quintal,2100.0,₹/quintal,True
Tamil Nadu,Coimbatore,RSPuram,Carrot,Pusakesar,Local,2026-09-05,4500.0,5000.0,4750.0,4750.0,quintal,4750.0,₹/quintal,True
Tamil Nadu,Coimbatore,RSPuram,Cauliflower,Ranchi,Local,2026-09-05,4500.0,4800.0,4650.0,4650.0,quintal,4650.0,₹/quintal,True
Tamil Nadu,Coimbatore,RSPuram,Chow Chow,Chow Chow,Local,2026-09-05,3000.0,3200.0,3100.0,3100.0,quintal,3100.0,₹/quintal,True
Tamil Nadu,Coimbatore,RSPuram,Cluster beans,Cluster Beans,Local,2026-09-05,3200.0,3600.0,3400.0,3400.0,quintal,3400.0,₹/quintal,True
Tamil Nadu,Coimbatore,RSPuram,Coconut,Coconut,Local,2026-09-05,5400.0,5800.0,5600.0,5600.0,quintal,5600.0,₹/quintal,True
Tamil Nadu,Coimbatore,RSPuram,Colacasia,Colacasia,Local,2026-09-05,4500.0,5000.0,4750.0,4750.0,quintal,4750.0,₹/quintal,True
Tamil Nadu,Coimbatore,RSPuram,Coriander(Leaves),I Sort,Local,2026-09-05,3500.0,4000.0,3750.0,3750.0,quintal,3750.0,₹/quintal,True
Tamil Nadu,Coimbatore,RSPuram,Cowpea(Veg),Cowpea (Veg),Local,2026-09-05,3400.0,4000.0,3700.0,3700.0,quintal,3700.0,₹/quintal,True
Tamil Nadu,Coimbatore,RSPuram,Cucumbar(Kheera),Cucumbar,Local,2026-09-05,3400.0,3800.0,3600.0,3600.0,quintal,3600.0,₹/quintal,True
Tamil Nadu,Coimbatore,RSPuram,Custard Apple(Sharifa),Custard Apple(Sharifa),Local,2026-09-05,5000.0,6000.0,5500.0,5500.0,quintal,5500.0,₹/quintal,True
Tamil Nadu,Coimbatore,RSPuram,Drumstick,Drumstick,Local,2026-09-05,2400.0,2800.0,2600.0,2600.0,quintal,2600.0,₹/quintal,True
Tamil Nadu,Coimbatore,RSPuram,Elephant Yam(Suran)/Amorphophallus,Elephant Yam (Suran),Local,2026-09-05,3400.0,3800.0,3600.0,3600.0,quintal,3600.0,₹/quintal,True
Tamil Nadu,Coimbatore,RSPuram,Garlic,Garlic,Local,2026-09-05,22000.0,23600.0,22800.0,22800.0,quintal,22800.0,₹/quintal,True
Tamil Nadu,Coimbatore,RSPuram,Ginger(Green),Green Ginger,Local,2026-09-05,14500.0,15500.0,15000.0,15000.0,quintal,15000.0,₹/quintal,True
Tamil Nadu,Coimbatore,RSPuram,Grapes,Annabesahai,Local,2026-09-05,9000.0,10000.0,9500.0,9500.0,quintal,9500.0,₹/quintal,True
Tamil Nadu,Coimbatore,RSPuram,Green Avare(W),Other,Local,2026-09-05,5000.0,5500.0,5250.0,5250.0,quintal,5250.0,₹/quintal,True
Tamil Nadu,Coimbatore,RSPuram,Green Chilli,Green Chilly,Local,2026-09-05,3800.0,4400.0,4100.0,4100.0,quintal,4100.0,₹/quintal,True
Tamil Nadu,Coimbatore,RSPuram,Green Peas,Green Peas,Local,2026-09-05,20000.0,21000.0,20500.0,20500.0,quintal,20500.0,₹/quintal,True
Tamil Nadu,Coimbatore,RSPuram,Groundnut,Big (With Shell),Local,2026-09-05,6500.0,7000.0,6750.0,6750.0,quintal,6750.0,₹/quintal,True
Tamil Nadu,Coimbatore,RSPuram,Guava,Guava Allahabad,Local,2026-09-05,4500.0,5500.0,5000.0,5000.0,quintal,5000.0,₹/quintal,True
Tamil Nadu,Coimbatore,RSPuram,Indian Beans(Seam),Indian Beans (Seam),Local,2026-09-05,4500.0,5000.0,4750.0,4750.0,quintal,4750.0,₹/quintal,True
Tamil Nadu,Coimbatore,RSPuram,Karbuja(Musk Melon),Karbhuja,Local,2026-09-05,3500.0,4000.0,3750.0,3750.0,quintal,3750.0,₹/quintal,True
Tamil Nadu,Coimbatore,RSPuram,Knool Khol,Knool Khol,Local,2026-09-05,3200.0,3600.0,3400.0,3400.0,quintal,3400.0,₹/quintal,True
Tamil Nadu,Coimbatore,RSPuram,Lemon,Lemon,Local,2026-09-05,18500.0,19500.0,19000.0,19000.0,quintal,19000.0,₹/quintal,True
Tamil Nadu,Coimbatore,RSPuram,Mashrooms,Mashrooms,Local,2026-09-05,20000.0,25000.0,22500.0,22500.0,quintal,22500.0,₹/quintal,True
Tamil Nadu,Coimbatore,RSPuram,Mint(Pudina),Mint(Pudina),Local,2026-09-05,4800.0,5200.0,5000.0,5000.0,quintal,5000.0,₹/quintal,True
Tamil Nadu,Coimbatore,RSPuram,Mousambi(Sweet Lime),Mousambi,Local,2026-09-05,4000.0,5000.0,4500.0,4500.0,quintal,4500.0,₹/quintal,True
Tamil Nadu,Coimbatore,RSPuram,Onion,Bellary,Local,2026-09-05,5200.0,5500.0,5350.0,5350.0,quintal,5350.0,₹/quintal,True
Tamil Nadu,Coimbatore,RSPuram,Onion Green,Onion Green,Local,2026-09-05,8000.0,8300.0,8150.0,8150.0,quintal,8150.0,₹/quintal,True
Tamil Nadu,Coimbatore,RSPuram,Orange,Darjeeling,Local,2026-09-05,14000.0,17000.0,15500.0,15500.0,quintal,15500.0,₹/quintal,True
Tamil Nadu,Coimbatore,RSPuram,Papaya,Papaya,Local,2026-09-05,4500.0,5000.0,4750.0,4750.0,quintal,4750.0,₹/quintal,True
Tamil Nadu,Coimbatore,RSPuram,Pear(Marasebu),Pears,Local,2026-09-05,14000.0,15000.0,14500.0,14500.0,quintal,14500.0,₹/quintal,True
Tamil Nadu,Coimbatore,RSPuram,Pomegranate,Pomogranate,Local,2026-09-05,10000.0,14000.0,12000.0,12000.0,quintal,12000.0,₹/quintal,True
Tamil Nadu,Coimbatore,RSPuram,Potato,Other,Local,2026-09-05,4000.0,5000.0,4500.0,4500.0,quintal,4500.0,₹/quintal,True
Tamil Nadu,Coimbatore,RSPuram,Pumpkin,Pumpkin,Local,2026-09-05,1600.0,1800.0,1700.0,1700.0,quintal,1700.0,₹/quintal,True
Tamil Nadu,Coimbatore,RSPuram,Raddish,Raddish,Local,2026-09-05,2500.0,2800.0,2650.0,2650.0,quintal,2650.0,₹/quintal,True
Tamil Nadu,Coimbatore,RSPuram,Ridgeguard(Tori),Ridgeguard(Tori),Local,2026-09-05,3400.0,3800.0,3600.0,3600.0,quintal,3600.0,₹/quintal,True
Tamil Nadu,Coimbatore,RSPuram,Snakeguard,Snakeguard,Local,2026-09-05,2200.0,2600.0,2400.0,2400.0,quintal,2400.0,₹/quintal,True
Tamil Nadu,Coimbatore,RSPuram,Sweet Corn ,Sweet Corn ,Local,2026-09-05,3500.0,4000.0,3750.0,3750.0,quintal,3750.0,₹/quintal,True
Tamil Nadu,Coimbatore,RSPuram,Tapioca,Tapioca,Local,2026-09-05,2800.0,3200.0,3000.0,3000.0,quintal,3000.0,₹/quintal,True
Tamil Nadu,Coimbatore,RSPuram,Tender Coconut,Tender Coconut,Local,2026-09-05,4000.0,4500.0,4250.0,4250.0,quintal,4250.0,₹/quintal,True
Tamil Nadu,Coimbatore,RSPuram,Thondekai,Thondekai,Local,2026-09-05,3200.0,3600.0,3400.0,3400.0,quintal,3400.0,₹/quintal,True
Tamil Nadu,Coimbatore,RSPuram,Tomato,Local,Local,2026-09-05,2200.0,2500.0,2350.0,2350.0,quintal,2350.0,₹/quintal,True
Tamil Nadu,Coimbatore,RSPuram,Water Melon,Water Melon,Local,2026-09-05,1500.0,2000.0,1750.0,1750.0,quintal,1750.0,₹/quintal,True
Tamil Nadu,Coimbatore,RSPuram,Yam(Ratalu),Yam (Ratalu),Local,2026-09-05,7500.0,8000.0,7750.0,7750.0,quintal,7750.0,₹/quintal,True
Tamil Nadu,Coimbatore,Singanallur,Amaranthus,Amaranthus,Local,2026-09-05,4500.0,5000.0,4750.0,4750.0,quintal,4750.0,₹/quintal,True
Tamil Nadu,Coimbatore,Singanallur,Amla(Nelli Kai),Amla,Local,2026-09-05,8000.0,9000.0,8500.0,8500.0,quintal,8500.0,₹/quintal,True
Tamil Nadu,Coimbatore,Singanallur,Apple,American,Local,2026-09-05,27000.0,28000.0,27500.0,27500.0,quintal,27500.0,₹/quintal,True
Tamil Nadu,Coimbatore,Singanallur,Ashgourd,Gouard,Local,2026-09-05,1800.0,2000.0,1900.0,1900.0,quintal,1900.0,₹/quintal,True
Tamil Nadu,Coimbatore,Singanallur,Banana,Karpura,Local,2026-09-05,5000.0,8600.0,6800.0,6800.0,quintal,6800.0,₹/quintal,True
Tamil Nadu,Coimbatore,Singanallur,Banana - Green,Banana - Green,Local,2026-09-05,4000.0,4500.0,4250.0,4250.0,quintal,4250.0,₹/quintal,True
Tamil Nadu,Coimbatore,Singanallur,Beans,Beans (Whole),Local,2026-09-05,6500.0,7000.0,6750.0,6750.0,quintal,6750.0,₹/quintal,True
Tamil Nadu,Coimbatore,Singanallur,Beetroot,Beetroot,Local,2026-09-05,5000.0,6000.0,5500.0,5500.0,quintal,5500.0,₹/quintal,True
Tamil Nadu,Coimbatore,Singanallur,Betal Leaves,Mysore,Local,2026-09-05,20000.0,21000.0,20500.0,20500.0,quintal,20500.0,₹/quintal,True
Tamil Nadu,Coimbatore,Singanallur,Bhindi(Ladies Finger),Bhindi,Local,2026-09-05,4000.0,4500.0,4250.0,4250.0,quintal,4250.0,₹/quintal,True
Tamil Nadu,Coimbatore,Singanallur,Bitter gourd,Bitter Gourd,Local,2026-09-05,4000.0,4500.0,4250.0,4250.0,quintal,4250.0,₹/quintal,True
Tamil Nadu,Coimbatore,Singanallur,Bottle gourd,Bottle Gourd,Local,2026-09-05,2800.0,3200.0,3000.0,3000.0,quintal,3000.0,₹/quintal,True
Tamil Nadu,Coimbatore,Singanallur,Brinjal,Round,Local,2026-09-05,4000.0,5000.0,4500.0,4500.0,quintal,4500.0,₹/quintal,True
Tamil Nadu,Coimbatore,Singanallur,Cabbage,Cabbage,Local,2026-09-05,2500.0,3000.0,2750.0,2750.0,quintal,2750.0,₹/quintal,True
Tamil Nadu,Coimbatore,Singanallur,Capsicum,Capsicum,Local,2026-09-05,4500.0,5000.0,4750.0,4750.0,quintal,4750.0,₹/quintal,True
Tamil Nadu,Coimbatore,Singanallur,Carrot,Pusakesar,Local,2026-09-05,5500.0,6000.0,5750.0,5750.0,quintal,5750.0,₹/quintal,True
Tamil Nadu,Coimbatore,Singanallur,Cauliflower,Ranchi,Local,2026-09-05,4500.0,5000.0,4750.0,4750.0,quintal,4750.0,₹/quintal,True
Tamil Nadu,Coimbatore,Singanallur,Chikoos(Sapota),Sapota,Local,2026-09-05,4000.0,4500.0,4250.0,4250.0,quintal,4250.0,₹/quintal,True
Tamil Nadu,Coimbatore,Singanallur,Chow Chow,Chow Chow,Local,2026-09-05,3200.0,3600.0,3400.0,3400.0,quintal,3400.0,₹/quintal,True
Tamil Nadu,Coimbatore,Singanallur,Cluster beans,Cluster Beans,Local,2026-09-05,3000.0,3500.0,3250.0,3250.0,quintal,3250.0,₹/quintal,True
Tamil Nadu,Coimbatore,Singanallur,Coconut,Coconut,Local,2026-09-05,5500.0,6000.0,5750.0,5750.0,quintal,5750.0,₹/quintal,True
Tamil Nadu,Coimbatore,Singanallur,Colacasia,Colacasia,Local,2026-09-05,4500.0,5000.0,4750.0,4750.0,quintal,4750.0,₹/quintal,True
Tamil Nadu,Coimbatore,Singanallur,Coriander(Leaves),I Sort,Local,2026-09-05,3500.0,4000.0,3750.0,3750.0,quintal,3750.0,₹/quintal,True
Tamil Nadu,Coimbatore,Singanallur,Cowpea(Veg),Cowpea (Veg),Local,2026-09-05,3500.0,4000.0,3750.0,3750.0,quintal,3750.0,₹/quintal,True
Tamil Nadu,Coimbatore,Singanallur,Cucumbar(Kheera),Cucumbar,Local,2026-09-05,4000.0,4500.0,4250.0,4250.0,quintal,4250.0,₹/quintal,True
Tamil Nadu,Coimbatore,Singanallur,Drumstick,Drumstick,Local,2026-09-05,2800.0,3200.0,3000.0,3000.0,quintal,3000.0,₹/quintal,True
Tamil Nadu,Coimbatore,Singanallur,Elephant Yam(Suran)/Amorphophallus,Elephant Yam (Suran),Local,2026-09-05,3500.0,4000.0,3750.0,3750.0,quintal,3750.0,₹/quintal,True
Tamil Nadu,Coimbatore,Singanallur,Garlic,Garlic,Local,2026-09-05,23000.0,24000.0,23500.0,23500.0,quintal,23500.0,₹/quintal,True
Tamil Nadu,Coimbatore,Singanallur,Ginger(Green),Green Ginger,Local,2026-09-05,15000.0,16000.0,15500.0,15500.0,quintal,15500.0,₹/quintal,True
Tamil Nadu,Coimbatore,Singanallur,Grapes,Annabesahai,Local,2026-09-05,8000.0,9000.0,8500.0,8500.0,quintal,8500.0,₹/quintal,True
Tamil Nadu,Coimbatore,Singanallur,Green Avare(W),Green Avare (W),Local,2026-09-05,5000.0,5500.0,5250.0,5250.0,quintal,5250.0,₹/quintal,True
Tamil Nadu,Coimbatore,Singanallur,Green Chilli,Green Chilly,Local,2026-09-05,4000.0,4500.0,4250.0,4250.0,quintal,4250.0,₹/quintal,True
Tamil Nadu,Coimbatore,Singanallur,Green Peas,Green Peas,Local,2026-09-05,23000.0,24000.0,23500.0,23500.0,quintal,23500.0,₹/quintal,True
Tamil Nadu,Coimbatore,Singanallur,Guava,Guava Allahabad,Local,2026-09-05,5500.0,6000.0,5750.0,5750.0,quintal,5750.0,₹/quintal,True
Tamil Nadu,Coimbatore,Singanallur,Knool Khol,Knool Khol,Local,2026-09-05,3500.0,4000.0,3750.0,3750.0,quintal,3750.0,₹/quintal,True
Tamil Nadu,Coimbatore,Singanallur,Lemon,Lemon,Local,2026-09-05,18000.0,19000.0,18500.0,18500.0,quintal,18500.0,₹/quintal,True
Tamil Nadu,Coimbatore,Singanallur,Mango(Raw-Ripe),Mango - Raw-Ripe,Local,2026-09-05,5500.0,6000.0,5750.0,5750.0,quintal,5750.0,₹/quintal,True
Tamil Nadu,Coimbatore,Singanallur,Mint(Pudina),Mint(Pudina),Local,2026-09-05,4500.0,5000.0,4750.0,4750.0,quintal,4750.0,₹/quintal,True
Tamil Nadu,Coimbatore,Singanallur,Onion,Bellary,Local,2026-09-05,5000.0,5500.0,5250.0,5250.0,quintal,5250.0,₹/quintal,True
Tamil Nadu,Coimbatore,Singanallur,Onion Green,Onion Green,Local,2026-09-05,7500.0,8000.0,7750.0,7750.0,quintal,7750.0,₹/quintal,True
Tamil Nadu,Coimbatore,Singanallur,Orange,Darjeeling,Local,2026-09-05,13000.0,14000.0,13500.0,13500.0,quintal,13500.0,₹/quintal,True
Tamil Nadu,Coimbatore,Singanallur,Papaya,Papaya,Local,2026-09-05,4400.0,4800.0,4600.0,4600.0,quintal,4600.0,₹/quintal,True
Tamil Nadu,Coimbatore,Singanallur,Pomegranate,Pomogranate,Local,2026-09-05,13000.0,14000.0,13500.0,13500.0,quintal,13500.0,₹/quintal,True
Tamil Nadu,Coimbatore,Singanallur,Potato,Other,Local,2026-09-05,5000.0,5500.0,5250.0,5250.0,quintal,5250.0,₹/quintal,True
Tamil Nadu,Coimbatore,Singanallur,Pumpkin,Pumpkin,Local,2026-09-05,1800.0,2000.0,1900.0,1900.0,quintal,1900.0,₹/quintal,True
Tamil Nadu,Coimbatore,Singanallur,Raddish,Raddish,Local,2026-09-05,2800.0,3200.0,3000.0,3000.0,quintal,3000.0,₹/quintal,True
Tamil Nadu,Coimbatore,Singanallur,Ridgeguard(Tori),Ridgeguard(Tori),Local,2026-09-05,3800.0,4200.0,4000.0,4000.0,quintal,4000.0,₹/quintal,True
Tamil Nadu,Coimbatore,Singanallur,Snakeguard,Snakeguard,Local,2026-09-05,2800.0,3200.0,3000.0,3000.0,quintal,3000.0,₹/quintal,True
Tamil Nadu,Coimbatore,Singanallur,Sweet Potato,Hosur Red,Local,2026-09-05,4500.0,5000.0,4750.0,4750.0,quintal,4750.0,₹/quintal,True
Tamil Nadu,Coimbatore,Singanallur,Tapioca,Tapioca,Local,2026-09-05,3200.0,3600.0,3400.0,3400.0,quintal,3400.0,₹/quintal,True
Tamil Nadu,Coimbatore,Singanallur,Thondekai,Thondekai,Local,2026-09-05,3500.0,4000.0,3750.0,3750.0,quintal,3750.0,₹/quintal,True
Tamil Nadu,Coimbatore,Singanallur,Tomato,Deshi,Local,2026-09-05,2000.0,2500.0,2250.0,2250.0,quintal,2250.0,₹/quintal,True
Tamil Nadu,Coimbatore,Singanallur,Turnip,Turnip,Local,2026-09-05,6500.0,7000.0,6750.0,6750.0,quintal,6750.0,₹/quintal,True
Tamil Nadu,Coimbatore,Singanallur,Yam(Ratalu),Yam (Ratalu),Local,2026-09-05,7500.0,8000.0,7750.0,7750.0,quintal,7750.0,₹/quintal,True
Tamil Nadu,Coimbatore,Sulur,Amaranthus,Amaranthus,Local,2026-09-05,4500.0,5000.0,4750.0,4750.0,quintal,4750.0,₹/quintal,True
Tamil Nadu,Coimbatore,Sulur,Amla(Nelli Kai),Amla,Local,2026-09-05,8000.0,9000.0,8500.0,8500.0,quintal,8500.0,₹/quintal,True
Tamil Nadu,Coimbatore,Sulur,Ashgourd,Gouard,Local,2026-09-05,1800.0,2000.0,1900.0,1900.0,quintal,1900.0,₹/quintal,True
Tamil Nadu,Coimbatore,Sulur,Banana,Karpura,Local,2026-09-05,5000.0,8600.0,6800.0,6800.0,quintal,6800.0,₹/quintal,True
Tamil Nadu,Coimbatore,Sulur,Banana - Green,Banana - Green,Local,2026-09-05,4000.0,4500.0,4250.0,4250.0,quintal,4250.0,₹/quintal,True
Tamil Nadu,Coimbatore,Sulur,Beans,Beans (Whole),Local,2026-09-05,6500.0,7000.0,6750.0,6750.0,quintal,6750.0,₹/quintal,True
Tamil Nadu,Coimbatore,Sulur,Beetroot,Beetroot,Local,2026-09-05,5000.0,6000.0,5500.0,5500.0,quintal,5500.0,₹/quintal,True
Tamil Nadu,Coimbatore,Sulur,Bhindi(Ladies Finger),Bhindi,Local,2026-09-05,4000.0,4500.0,4250.0,4250.0,quintal,4250.0,₹/quintal,True
Tamil Nadu,Coimbatore,Sulur,Bitter gourd,Bitter Gourd,Local,2026-09-05,4000.0,4500.0,4250.0,4250.0,quintal,4250.0,₹/quintal,True
Tamil Nadu,Coimbatore,Sulur,Bottle gourd,Bottle Gourd,Local,2026-09-05,2800.0,3200.0,3000.0,3000.0,quintal,3000.0,₹/quintal,True
Tamil Nadu,Coimbatore,Sulur,Brinjal,Round,Local,2026-09-05,4000.0,5000.0,4500.0,4500.0,quintal,4500.0,₹/quintal,True
Tamil Nadu,Coimbatore,Sulur,Cabbage,Cabbage,Local,2026-09-05,2500.0,3000.0,2750.0,2750.0,quintal,2750.0,₹/quintal,True
Tamil Nadu,Coimbatore,Sulur,Capsicum,Capsicum,Local,2026-09-05,4500.0,5000.0,4750.0,4750.0,quintal,4750.0,₹/quintal,True
Tamil Nadu,Coimbatore,Sulur,Carrot,Pusakesar,Local,2026-09-05,5500.0,6000.0,5750.0,5750.0,quintal,5750.0,₹/quintal,True
Tamil Nadu,Coimbatore,Sulur,Cauliflower,Ranchi,Local,2026-09-05,4500.0,5000.0,4750.0,4750.0,quintal,4750.0,₹/quintal,True
Tamil Nadu,Coimbatore,Sulur,Chow Chow,Chow Chow,Local,2026-09-05,3200.0,3600.0,3400.0,3400.0,quintal,3400.0,₹/quintal,True
Tamil Nadu,Coimbatore,Sulur,Cluster beans,Cluster Beans,Local,2026-09-05,3000.0,3500.0,3250.0,3250.0,quintal,3250.0,₹/quintal,True
Tamil Nadu,Coimbatore,Sulur,Coconut,Coconut,Local,2026-09-05,5500.0,6000.0,5750.0,5750.0,quintal,5750.0,₹/quintal,True
Tamil Nadu,Coimbatore,Sulur,Coriander(Leaves),I Sort,Local,2026-09-05,3500.0,4000.0,3750.0,3750.0,quintal,3750.0,₹/quintal,True
Tamil Nadu,Coimbatore,Sulur,Cowpea(Veg),Cowpea (Veg),Local,2026-09-05,3500.0,4000.0,3750.0,3750.0,quintal,3750.0,₹/quintal,True
Tamil Nadu,Coimbatore,Sulur,Cucumbar(Kheera),Cucumbar,Local,2026-09-05,4000.0,4500.0,4250.0,4250.0,quintal,4250.0,₹/quintal,True
Tamil Nadu,Coimbatore,Sulur,Drumstick,Drumstick,Local,2026-09-05,2800.0,3200.0,3000.0,3000.0,quintal,3000.0,₹/quintal,True
Tamil Nadu,Coimbatore,Sulur,Elephant Yam(Suran)/Amorphophallus,Elephant Yam (Suran),Local,2026-09-05,3500.0,4000.0,3750.0,3750.0,quintal,3750.0,₹/quintal,True
Tamil Nadu,Coimbatore,Sulur,Garlic,Garlic,Local,2026-09-05,23000.0,24000.0,23500.0,23500.0,quintal,23500.0,₹/quintal,True
Tamil Nadu,Coimbatore,Sulur,Ginger(Green),Green Ginger,Local,2026-09-05,15000.0,16000.0,15500.0,15500.0,quintal,15500.0,₹/quintal,True
Tamil Nadu,Coimbatore,Sulur,Green Avare(W),Green Avare (W),Local,2026-09-05,5000.0,5500.0,5250.0,5250.0,quintal,5250.0,₹/quintal,True
Tamil Nadu,Coimbatore,Sulur,Green Chilli,Green Chilly,Local,2026-09-05,4000.0,4500.0,4250.0,4250.0,quintal,4250.0,₹/quintal,True
Tamil Nadu,Coimbatore,Sulur,Guava,Guava Allahabad,Local,2026-09-05,5500.0,6000.0,5750.0,5750.0,quintal,5750.0,₹/quintal,True
Tamil Nadu,Coimbatore,Sulur,Lemon,Lemon,Local,2026-09-05,18000.0,19000.0,18500.0,18500.0,quintal,18500.0,₹/quintal,True
Tamil Nadu,Coimbatore,Sulur,Mango(Raw-Ripe),Mango - Raw-Ripe,Local,2026-09-05,5500.0,6000.0,5750.0,5750.0,quintal,5750.0,₹/quintal,True
Tamil Nadu,Coimbatore,Sulur,Mint(Pudina),Mint(Pudina),Local,2026-09-05,4500.0,5000.0,4750.0,4750.0,quintal,4750.0,₹/quintal,True
Tamil Nadu,Coimbatore,Sulur,Onion,Bellary,Local,2026-09-05,5000.0,5500.0,5250.0,5250.0,quintal,5250.0,₹/quintal,True
Tamil Nadu,Coimbatore,Sulur,Onion Green,Onion Green,Local,2026-09-05,7500.0,8000.0,7750.0,7750.0,quintal,7750.0,₹/quintal,True
Tamil Nadu,Coimbatore,Sulur,Papaya,Papaya,Local,2026-09-05,4400.0,4800.0,4600.0,4600.0,quintal,4600.0,₹/quintal,True
Tamil Nadu,Coimbatore,Sulur,Potato,Other,Local,2026-09-05,5000.0,5500.0,5250.0,5250.0,quintal,5250.0,₹/quintal,True
Tamil Nadu,Coimbatore,Sulur,Pumpkin,Pumpkin,Local,2026-09-05,1800.0,2000.0,1900.0,1900.0,quintal,1900.0,₹/quintal,True
Tamil Nadu,Coimbatore,Sulur,Raddish,Raddish,Local,2026-09-05,2800.0,3200.0,3000.0,3000.0,quintal,3000.0,₹/quintal,True
Tamil Nadu,Coimbatore,Sulur,Ridgeguard(Tori),Ridgeguard(Tori),Local,2026-09-05,3800.0,4200.0,4000.0,4000.0,quintal,4000.0,₹/quintal,True
Tamil Nadu,Coimbatore,Sulur,Snakeguard,Snakeguard,Local,2026-09-05,2800.0,3200.0,3000.0,3000.0,quintal,3000.0,₹/quintal,True
Tamil Nadu,Coimbatore,Sulur,Tapioca,Tapioca,Local,2026-09-05,3200.0,3600.0,3400.0,3400.0,quintal,3400.0,₹/quintal,True
Tamil Nadu,Coimbatore,Sulur,Thondekai,Thondekai,Local,2026-09-05,3500.0,4000.0,3750.0,3750.0,quintal,3750.0,₹/quintal,True
Tamil Nadu,Coimbatore,Sulur,Tomato,Deshi,Local,2026-09-05,2000.0,2500.0,2250.0,2250.0,quintal,2250.0,₹/quintal,True
Tamil Nadu,Coimbatore,Sundarapuram,Amaranthus,Amaranthus,Local,2026-09-05,5000.0,6500.0,5750.0,5750.0,quintal,5750.0,₹/quintal,True
Tamil Nadu,Coimbatore,Sundarapuram,Amla(Nelli Kai),Amla,Local,2026-09-05,8000.0,9000.0,8500.0,8500.0,quintal,8500.0,₹/quintal,True
Tamil Nadu,Coimbatore,Sundarapuram,Ashgourd,Gouard,Local,2026-09-05,1600.0,1800.0,1700.0,1700.0,quintal,1700.0,₹/quintal,True
Tamil Nadu,Coimbatore,Sundarapuram,Banana,Red Banana,Local,2026-09-05,7000.0,8000.0,7500.0,7500.0,quintal,7500.0,₹/quintal,True
Tamil Nadu,Coimbatore,Sundarapuram,Banana - Green,Banana - Green,Local,2026-09-05,4000.0,4500.0,4250.0,4250.0,quintal,4250.0,₹/quintal,True
Tamil Nadu,Coimbatore,Sundarapuram,Beans,Beans (Whole),Local,2026-09-05,6500.0,7000.0,6750.0,6750.0,quintal,6750.0,₹/quintal,True
Tamil Nadu,Coimbatore,Sundarapuram,Beetroot,Beetroot,Local,2026-09-05,5800.0,6200.0,6000.0,6000.0,quintal,6000.0,₹/quintal,True
Tamil Nadu,Coimbatore,Sundarapuram,Bhindi(Ladies Finger),Bhindi,Local,2026-09-05,4000.0,4500.0,4250.0,4250.0,quintal,4250.0,₹/quintal,True
Tamil Nadu,Coimbatore,Sundarapuram,Bitter gourd,Other,Local,2026-09-05,4000.0,4500.0,4250.0,4250.0,quintal,4250.0,₹/quintal,True
Tamil Nadu,Coimbatore,Sundarapuram,Bottle gourd,Bottle Gourd,Local,2026-09-05,3000.0,3500.0,3250.0,3250.0,quintal,3250.0,₹/quintal,True
Tamil Nadu,Coimbatore,Sundarapuram,Brinjal,Other,Local,2026-09-05,3500.0,4000.0,3750.0,3750.0,quintal,3750.0,₹/quintal,True
Tamil Nadu,Coimbatore,Sundarapuram,Cabbage,Cabbage,Local,2026-09-05,2500.0,3000.0,2750.0,2750.0,quintal,2750.0,₹/quintal,True
Tamil Nadu,Coimbatore,Sundarapuram,Capsicum,Capsicum,Local,2026-09-05,5500.0,6000.0,5750.0,5750.0,quintal,5750.0,₹/quintal,True
Tamil Nadu,Coimbatore,Sundarapuram,Carrot,Pusakesar,Local,2026-09-05,5500.0,6000.0,5750.0,5750.0,quintal,5750.0,₹/quintal,True
Tamil Nadu,Coimbatore,Sundarapuram,Cauliflower,Ranchi,Local,2026-09-05,4500.0,5000.0,4750.0,4750.0,quintal,4750.0,₹/quintal,True
Tamil Nadu,Coimbatore,Sundarapuram,Chow Chow,Chow Chow,Local,2026-09-05,3200.0,3800.0,3500.0,3500.0,quintal,3500.0,₹/quintal,True
Tamil Nadu,Coimbatore,Sundarapuram,Cluster beans,Cluster Beans,Local,2026-09-05,3500.0,4000.0,3750.0,3750.0,quintal,3750.0,₹/quintal,True
Tamil Nadu,Coimbatore,Sundarapuram,Coconut,Coconut,Local,2026-09-05,5700.0,6000.0,5850.0,5850.0,quintal,5850.0,₹/quintal,True
Tamil Nadu,Coimbatore,Sundarapuram,Coriander(Leaves),I Sort,Local,2026-09-05,3500.0,4000.0,3750.0,3750.0,quintal,3750.0,₹/quintal,True
Tamil Nadu,Coimbatore,Sundarapuram,Cowpea(Veg),Cowpea (Veg),Local,2026-09-05,3500.0,4000.0,3750.0,3750.0,quintal,3750.0,₹/quintal,True
Tamil Nadu,Coimbatore,Sundarapuram,Cucumbar(Kheera),Cucumbar,Local,2026-09-05,3500.0,4000.0,3750.0,3750.0,quintal,3750.0,₹/quintal,True
Tamil Nadu,Coimbatore,Sundarapuram,Drumstick,Drumstick,Local,2026-09-05,3000.0,3500.0,3250.0,3250.0,quintal,3250.0,₹/quintal,True
Tamil Nadu,Coimbatore,Sundarapuram,Elephant Yam(Suran)/Amorphophallus,Elephant Yam (Suran),Local,2026-09-05,3500.0,4000.0,3750.0,3750.0,quintal,3750.0,₹/quintal,True
Tamil Nadu,Coimbatore,Sundarapuram,Garlic,Garlic,Local,2026-09-05,23000.0,24000.0,23500.0,23500.0,quintal,23500.0,₹/quintal,True
Tamil Nadu,Coimbatore,Sundarapuram,Ginger(Green),Green Ginger,Local,2026-09-05,15000.0,16000.0,15500.0,15500.0,quintal,15500.0,₹/quintal,True
Tamil Nadu,Coimbatore,Sundarapuram,Green Avare(W),Green Avare (W),Local,2026-09-05,5000.0,5600.0,5300.0,5300.0,quintal,5300.0,₹/quintal,True
Tamil Nadu,Coimbatore,Sundarapuram,Green Chilli,Green Chilly,Local,2026-09-05,4000.0,4500.0,4250.0,4250.0,quintal,4250.0,₹/quintal,True
Tamil Nadu,Coimbatore,Sundarapuram,Green Peas,Green Peas,Local,2026-09-05,23000.0,24000.0,23500.0,23500.0,quintal,23500.0,₹/quintal,True
Tamil Nadu,Coimbatore,Sundarapuram,Guava,Guava Allahabad,Local,2026-09-05,5500.0,6000.0,5750.0,5750.0,quintal,5750.0,₹/quintal,True
Tamil Nadu,Coimbatore,Sundarapuram,Lemon,Lemon,Local,2026-09-05,19000.0,20000.0,19500.0,19500.0,quintal,19500.0,₹/quintal,True
Tamil Nadu,Coimbatore,Sundarapuram,Mango(Raw-Ripe),Mango - Raw-Ripe,Local,2026-09-05,6000.0,6500.0,6250.0,6250.0,quintal,6250.0,₹/quintal,True
Tamil Nadu,Coimbatore,Sundarapuram,Mint(Pudina),Mint(Pudina),Local,2026-09-05,4500.0,5000.0,4750.0,4750.0,quintal,4750.0,₹/quintal,True
Tamil Nadu,Coimbatore,Sundarapuram,Onion,Bellary,Local,2026-09-05,5200.0,5800.0,5500.0,5500.0,quintal,5500.0,₹/quintal,True
Tamil Nadu,Coimbatore,Sundarapuram,Onion Green,Onion Green,Local,2026-09-05,8000.0,8500.0,8250.0,8250.0,quintal,8250.0,₹/quintal,True
Tamil Nadu,Coimbatore,Sundarapuram,Papaya,Papaya,Local,2026-09-05,4000.0,4500.0,4250.0,4250.0,quintal,4250.0,₹/quintal,True
Tamil Nadu,Coimbatore,Sundarapuram,Potato,Other,Local,2026-09-05,5000.0,5500.0,5250.0,5250.0,quintal,5250.0,₹/quintal,True
Tamil Nadu,Coimbatore,Sundarapuram,Pumpkin,Pumpkin,Local,2026-09-05,1600.0,1800.0,1700.0,1700.0,quintal,1700.0,₹/quintal,True
Tamil Nadu,Coimbatore,Sundarapuram,Raddish,Raddish,Local,2026-09-05,3000.0,3500.0,3250.0,3250.0,quintal,3250.0,₹/quintal,True
Tamil Nadu,Coimbatore,Sundarapuram,Ridgeguard(Tori),Ridgeguard(Tori),Local,2026-09-05,4000.0,4500.0,4250.0,4250.0,quintal,4250.0,₹/quintal,True
Tamil Nadu,Coimbatore,Sundarapuram,Snakeguard,Snakeguard,Local,2026-09-05,3000.0,3500.0,3250.0,3250.0,quintal,3250.0,₹/quintal,True
Tamil Nadu,Coimbatore,Sundarapuram,Sweet Corn ,Sweet Corn ,Local,2026-09-05,3500.0,4000.0,3750.0,3750.0,quintal,3750.0,₹/quintal,True
Tamil Nadu,Coimbatore,Sundarapuram,Sweet Potato,Hosur Red,Local,2026-09-05,4500.0,5000.0,4750.0,4750.0,quintal,4750.0,₹/quintal,True
Tamil Nadu,Coimbatore,Sundarapuram,Tapioca,Tapioca,Local,2026-09-05,3000.0,3500.0,3250.0,3250.0,quintal,3250.0,₹/quintal,True
Tamil Nadu,Coimbatore,Sundarapuram,Thondekai,Thondekai,Local,2026-09-05,4000.0,4500.0,4250.0,4250.0,quintal,4250.0,₹/quintal,True
Tamil Nadu,Coimbatore,Sundarapuram,Tomato,Local,Local,2026-09-05,2300.0,2800.0,2550.0,2550.0,quintal,2550.0,₹/quintal,True
Tamil Nadu,Coimbatore,Vadavalli,Amaranthus,Amaranthus,Local,2026-09-05,5400.0,6200.0,5800.0,5800.0,quintal,5800.0,₹/quintal,True
Tamil Nadu,Coimbatore,Vadavalli,Amla(Nelli Kai),Amla,Local,2026-09-05,8500.0,9000.0,8750.0,8750.0,quintal,8750.0,₹/quintal,True
Tamil Nadu,Coimbatore,Vadavalli,Apple,American,Local,2026-09-05,20000.0,28000.0,24000.0,24000.0,quintal,24000.0,₹/quintal,True
Tamil Nadu,Coimbatore,Vadavalli,Ashgourd,Gouard,Local,2026-09-05,1800.0,2000.0,1900.0,1900.0,quintal,1900.0,₹/quintal,True
Tamil Nadu,Coimbatore,Vadavalli,Baby Corn,Baby Corn,Grade A,2026-09-05,2200.0,2600.0,2400.0,2400.0,quintal,2400.0,₹/quintal,True
Tamil Nadu,Coimbatore,Vadavalli,Banana,Red Banana,Local,2026-09-05,8000.0,8600.0,8300.0,8300.0,quintal,8300.0,₹/quintal,True
Tamil Nadu,Coimbatore,Vadavalli,Banana - Green,Banana - Green,Local,2026-09-05,3600.0,4200.0,3900.0,3900.0,quintal,3900.0,₹/quintal,True
Tamil Nadu,Coimbatore,Vadavalli,Beans,Beans (Whole),Local,2026-09-05,6500.0,7000.0,6750.0,6750.0,quintal,6750.0,₹/quintal,True
Tamil Nadu,Coimbatore,Vadavalli,Beetroot,Beetroot,Local,2026-09-05,5400.0,6000.0,5700.0,5700.0,quintal,5700.0,₹/quintal,True
Tamil Nadu,Coimbatore,Vadavalli,Bhindi(Ladies Finger),Bhindi,Local,2026-09-05,4000.0,4500.0,4250.0,4250.0,quintal,4250.0,₹/quintal,True
Tamil Nadu,Coimbatore,Vadavalli,Bitter gourd,Bitter Gourd,Local,2026-09-05,4400.0,4800.0,4600.0,4600.0,quintal,4600.0,₹/quintal,True
Tamil Nadu,Coimbatore,Vadavalli,Bottle gourd,Bottle Gourd,Local,2026-09-05,2800.0,3200.0,3000.0,3000.0,quintal,3000.0,₹/quintal,True
Tamil Nadu,Coimbatore,Vadavalli,Brinjal,Other,Local,2026-09-05,3000.0,3500.0,3250.0,3250.0,quintal,3250.0,₹/quintal,True
Tamil Nadu,Coimbatore,Vadavalli,Cabbage,Cabbage,Local,2026-09-05,2000.0,2600.0,2300.0,2300.0,quintal,2300.0,₹/quintal,True
Tamil Nadu,Coimbatore,Vadavalli,Capsicum,Capsicum,Local,2026-09-05,4500.0,5000.0,4750.0,4750.0,quintal,4750.0,₹/quintal,True
Tamil Nadu,Coimbatore,Vadavalli,Carrot,Pusakesar,Local,2026-09-05,5200.0,5500.0,5350.0,5350.0,quintal,5350.0,₹/quintal,True
Tamil Nadu,Coimbatore,Vadavalli,Cauliflower,Ranchi,Local,2026-09-05,4500.0,5000.0,4750.0,4750.0,quintal,4750.0,₹/quintal,True
Tamil Nadu,Coimbatore,Vadavalli,Chow Chow,Chow Chow,Local,2026-09-05,3000.0,3400.0,3200.0,3200.0,quintal,3200.0,₹/quintal,True
Tamil Nadu,Coimbatore,Vadavalli,Cluster beans,Cluster Beans,Local,2026-09-05,3200.0,3600.0,3400.0,3400.0,quintal,3400.0,₹/quintal,True
Tamil Nadu,Coimbatore,Vadavalli,Coconut,Coconut,Local,2026-09-05,5600.0,6000.0,5800.0,5800.0,quintal,5800.0,₹/quintal,True
Tamil Nadu,Coimbatore,Vadavalli,Coriander(Leaves),I Sort,Local,2026-09-05,3500.0,4000.0,3750.0,3750.0,quintal,3750.0,₹/quintal,True
Tamil Nadu,Coimbatore,Vadavalli,Cucumbar(Kheera),Cucumbar,Local,2026-09-05,3400.0,3800.0,3600.0,3600.0,quintal,3600.0,₹/quintal,True
Tamil Nadu,Coimbatore,Vadavalli,Drumstick,Drumstick,Local,2026-09-05,2400.0,2800.0,2600.0,2600.0,quintal,2600.0,₹/quintal,True
Tamil Nadu,Coimbatore,Vadavalli,Elephant Yam(Suran)/Amorphophallus,Elephant Yam (Suran),Local,2026-09-05,3600.0,4000.0,3800.0,3800.0,quintal,3800.0,₹/quintal,True
Tamil Nadu,Coimbatore,Vadavalli,Garlic,Garlic,Local,2026-09-05,22000.0,23600.0,22800.0,22800.0,quintal,22800.0,₹/quintal,True
Tamil Nadu,Coimbatore,Vadavalli,Ginger(Green),Green Ginger,Local,2026-09-05,14500.0,15500.0,15000.0,15000.0,quintal,15000.0,₹/quintal,True
Tamil Nadu,Coimbatore,Vadavalli,Grapes,Annabesahai,Local,2026-09-05,9000.0,10000.0,9500.0,9500.0,quintal,9500.0,₹/quintal,True
Tamil Nadu,Coimbatore,Vadavalli,Green Avare(W),Other,Local,2026-09-05,5500.0,6000.0,5750.0,5750.0,quintal,5750.0,₹/quintal,True
Tamil Nadu,Coimbatore,Vadavalli,Green Chilli,Green Chilly,Local,2026-09-05,3600.0,4000.0,3800.0,3800.0,quintal,3800.0,₹/quintal,True
Tamil Nadu,Coimbatore,Vadavalli,Groundnut,Big (With Shell),Local,2026-09-05,6500.0,7000.0,6750.0,6750.0,quintal,6750.0,₹/quintal,True
Tamil Nadu,Coimbatore,Vadavalli,Guava,Guava Allahabad,Local,2026-09-05,4500.0,5500.0,5000.0,5000.0,quintal,5000.0,₹/quintal,True
Tamil Nadu,Coimbatore,Vadavalli,Karbuja(Musk Melon),Karbhuja,Local,2026-09-05,3500.0,4000.0,3750.0,3750.0,quintal,3750.0,₹/quintal,True
Tamil Nadu,Coimbatore,Vadavalli,Knool Khol,Knool Khol,Local,2026-09-05,3200.0,3600.0,3400.0,3400.0,quintal,3400.0,₹/quintal,True
Tamil Nadu,Coimbatore,Vadavalli,Lemon,Lemon,Local,2026-09-05,18000.0,19500.0,18750.0,18750.0,quintal,18750.0,₹/quintal,True
Tamil Nadu,Coimbatore,Vadavalli,Mint(Pudina),Mint(Pudina),Local,2026-09-05,4500.0,5000.0,4750.0,4750.0,quintal,4750.0,₹/quintal,True
Tamil Nadu,Coimbatore,Vadavalli,Mousambi(Sweet Lime),Mousambi,Local,2026-09-05,4000.0,5000.0,4500.0,4500.0,quintal,4500.0,₹/quintal,True
Tamil Nadu,Coimbatore,Vadavalli,Onion,Bellary,Local,2026-09-05,5200.0,5500.0,5350.0,5350.0,quintal,5350.0,₹/quintal,True
Tamil Nadu,Coimbatore,Vadavalli,Onion Green,Onion Green,Local,2026-09-05,7500.0,8300.0,7900.0,7900.0,quintal,7900.0,₹/quintal,True
Tamil Nadu,Coimbatore,Vadavalli,Orange,Darjeeling,Local,2026-09-05,14000.0,17000.0,15500.0,15500.0,quintal,15500.0,₹/quintal,True
Tamil Nadu,Coimbatore,Vadavalli,Papaya,Papaya,Local,2026-09-05,4500.0,5000.0,4750.0,4750.0,quintal,4750.0,₹/quintal,True
Tamil Nadu,Coimbatore,Vadavalli,Pomegranate,Pomogranate,Local,2026-09-05,10000.0,14000.0,12000.0,12000.0,quintal,12000.0,₹/quintal,True
Tamil Nadu,Coimbatore,Vadavalli,Potato,Other,Local,2026-09-05,4000.0,5000.0,4500.0,4500.0,quintal,4500.0,₹/quintal,True
Tamil Nadu,Coimbatore,Vadavalli,Pumpkin,Pumpkin,Local,2026-09-05,1600.0,1800.0,1700.0,1700.0,quintal,1700.0,₹/quintal,True
Tamil Nadu,Coimbatore,Vadavalli,Raddish,Raddish,Local,2026-09-05,2500.0,3000.0,2750.0,2750.0,quintal,2750.0,₹/quintal,True
Tamil Nadu,Coimbatore,Vadavalli,Ridgeguard(Tori),Ridgeguard(Tori),Local,2026-09-05,3500.0,4200.0,3850.0,3850.0,quintal,3850.0,₹/quintal,True
Tamil Nadu,Coimbatore,Vadavalli,Snakeguard,Snakeguard,Local,2026-09-05,2800.0,3200.0,3000.0,3000.0,quintal,3000.0,₹/quintal,True
Tamil Nadu,Coimbatore,Vadavalli,Sweet Corn ,Sweet Corn ,Local,2026-09-05,3500.0,4000.0,3750.0,3750.0,quintal,3750.0,₹/quintal,True
Tamil Nadu,Coimbatore,Vadavalli,Sweet Potato,Hosur Red,Local,2026-09-05,4500.0,5000.0,4750.0,4750.0,quintal,4750.0,₹/quintal,True
Tamil Nadu,Coimbatore,Vadavalli,Tapioca,Tapioca,Local,2026-09-05,2800.0,3200.0,3000.0,3000.0,quintal,3000.0,₹/quintal,True
Tamil Nadu,Coimbatore,Vadavalli,Tomato,Local,Local,2026-09-05,2200.0,2500.0,2350.0,2350.0,quintal,2350.0,₹/quintal,True
Tamil Nadu,Coimbatore,Vadavalli,Water Melon,Water Melon,Local,2026-09-05,1500.0,2000.0,1750.0,1750.0,quintal,1750.0,₹/quintal,True
Tamil Nadu,Cuddalore,Cuddalore,Amaranthus,Amaranthus,Local,2026-09-05,2000.0,3000.0,2500.0,2500.0,quintal,2500.0,₹/quintal,True
Tamil Nadu,Cuddalore,Cuddalore,Amla(Nelli Kai),Amla,Local,2026-09-05,12000.0,12000.0,12000.0,12000.0,quintal,12000.0,₹/quintal,True
Tamil Nadu,Cuddalore,Cuddalore,Ashgourd,Gouard,Local,2026-09-05,3000.0,3000.0,3000.0,3000.0,quintal,3000.0,₹/quintal,True
Tamil Nadu,Cuddalore,Cuddalore,Banana,Besrai,Local,2026-09-05,4000.0,8000.0,6000.0,6000.0,quintal,6000.0,₹/quintal,True
Tamil Nadu,Cuddalore,Cuddalore,Banana - Green,Banana - Green,Local,2026-09-05,2000.0,3000.0,2500.0,2500.0,quintal,2500.0,₹/quintal,True
Tamil Nadu,Cuddalore,Cuddalore,Beans,Beans (Whole),Local,2026-09-05,9000.0,9000.0,9000.0,9000.0,quintal,9000.0,₹/quintal,True
Tamil Nadu,Cuddalore,Cuddalore,Beetroot,Beetroot,Local,2026-09-05,5000.0,5000.0,5000.0,5000.0,quintal,5000.0,₹/quintal,True
Tamil Nadu,Cuddalore,Cuddalore,Bhindi(Ladies Finger),Bhindi,Local,2026-09-05,4000.0,4000.0,4000.0,4000.0,quintal,4000.0,₹/quintal,True
Tamil Nadu,Cuddalore,Cuddalore,Bitter gourd,Bitter Gourd,Local,2026-09-05,6000.0,7000.0,6500.0,6500.0,quintal,6500.0,₹/quintal,True
Tamil Nadu,Cuddalore,Cuddalore,Bottle gourd,Bottle Gourd,Local,2026-09-05,2500.0,3000.0,2750.0,2750.0,quintal,2750.0,₹/quintal,True
Tamil Nadu,Cuddalore,Cuddalore,Brinjal,Round,Local,2026-09-05,5000.0,6000.0,5500.0,5500.0,quintal,5500.0,₹/quintal,True
Tamil Nadu,Cuddalore,Cuddalore,Cabbage,Cabbage,Local,2026-09-05,3000.0,3000.0,3000.0,3000.0,quintal,3000.0,₹/quintal,True
Tamil Nadu,Cuddalore,Cuddalore,Capsicum,Capsicum,Local,2026-09-05,6000.0,6000.0,6000.0,6000.0,quintal,6000.0,₹/quintal,True
Tamil Nadu,Cuddalore,Cuddalore,Carrot,Pusakesar,Local,2026-09-05,5000.0,5000.0,5000.0,5000.0,quintal,5000.0,₹/quintal,True
Tamil Nadu,Cuddalore,Cuddalore,Cauliflower,Ranchi,Local,2026-09-05,4000.0,4000.0,4000.0,4000.0,quintal,4000.0,₹/quintal,True
Tamil Nadu,Cuddalore,Cuddalore,Chow Chow,Chow Chow,Local,2026-09-05,4000.0,4000.0,4000.0,4000.0,quintal,4000.0,₹/quintal,True
Tamil Nadu,Cuddalore,Cuddalore,Cluster beans,Cluster Beans,Local,2026-09-05,3500.0,3500.0,3500.0,3500.0,quintal,3500.0,₹/quintal,True
Tamil Nadu,Cuddalore,Cuddalore,Coconut,Coconut,Local,2026-09-05,6000.0,6000.0,6000.0,6000.0,quintal,6000.0,₹/quintal,True
Tamil Nadu,Cuddalore,Cuddalore,Colacasia,Colacasia,Local,2026-09-05,6000.0,6000.0,6000.0,6000.0,quintal,6000.0,₹/quintal,True
Tamil Nadu,Cuddalore,Cuddalore,Coriander(Leaves),I Sort,Local,2026-09-05,5000.0,5000.0,5000.0,5000.0,quintal,5000.0,₹/quintal,True
Tamil Nadu,Cuddalore,Cuddalore,Drumstick,Drumstick,Local,2026-09-05,4000.0,4000.0,4000.0,4000.0,quintal,4000.0,₹/quintal,True
Tamil Nadu,Cuddalore,Cuddalore,Ginger(Green),Green Ginger,Local,2026-09-05,17000.0,17000.0,17000.0,17000.0,quintal,17000.0,₹/quintal,True
Tamil Nadu,Cuddalore,Cuddalore,Green Avare(W),Green Avare (W),Local,2026-09-05,6000.0,6000.0,6000.0,6000.0,quintal,6000.0,₹/quintal,True
Tamil Nadu,Cuddalore,Cuddalore,Green Chilli,Green Chilly,Local,2026-09-05,4000.0,5000.0,4500.0,4500.0,quintal,4500.0,₹/quintal,True
Tamil Nadu,Cuddalore,Cuddalore,Groundnut,Big (With Shell),Local,2026-09-05,8000.0,8000.0,8000.0,8000.0,quintal,8000.0,₹/quintal,True
Tamil Nadu,Cuddalore,Cuddalore,Guava,Guava Allahabad,Local,2026-09-05,4000.0,5000.0,4500.0,4500.0,quintal,4500.0,₹/quintal,True
Tamil Nadu,Cuddalore,Cuddalore,Knool Khol,Knool Khol,Local,2026-09-05,3000.0,3000.0,3000.0,3000.0,quintal,3000.0,₹/quintal,True
Tamil Nadu,Cuddalore,Cuddalore,Lemon,Lemon,Local,2026-09-05,18000.0,20000.0,19000.0,19000.0,quintal,19000.0,₹/quintal,True
Tamil Nadu,Cuddalore,Cuddalore,Mango(Raw-Ripe),Mango - Raw-Ripe,Local,2026-09-05,9000.0,9000.0,9000.0,9000.0,quintal,9000.0,₹/quintal,True
Tamil Nadu,Cuddalore,Cuddalore,Mint(Pudina),Mint(Pudina),Local,2026-09-05,5000.0,5000.0,5000.0,5000.0,quintal,5000.0,₹/quintal,True
Tamil Nadu,Cuddalore,Cuddalore,Onion,Bellary,Local,2026-09-05,5000.0,6000.0,5500.0,5500.0,quintal,5500.0,₹/quintal,True
Tamil Nadu,Cuddalore,Cuddalore,Onion Green,Onion Green,Local,2026-09-05,7000.0,8000.0,7500.0,7500.0,quintal,7500.0,₹/quintal,True
Tamil Nadu,Cuddalore,Cuddalore,Papaya,Papaya,Local,2026-09-05,4000.0,4000.0,4000.0,4000.0,quintal,4000.0,₹/quintal,True
Tamil Nadu,Cuddalore,Cuddalore,Potato,Red Nanital,Local,2026-09-05,4000.0,4000.0,4000.0,4000.0,quintal,4000.0,₹/quintal,True
Tamil Nadu,Cuddalore,Cuddalore,Pumpkin,Pumpkin,Local,2026-09-05,2000.0,2000.0,2000.0,2000.0,quintal,2000.0,₹/quintal,True
Tamil Nadu,Cuddalore,Cuddalore,Raddish,Raddish,Local,2026-09-05,2500.0,3000.0,2750.0,2750.0,quintal,2750.0,₹/quintal,True
Tamil Nadu,Cuddalore,Cuddalore,Ridgeguard(Tori),Ridgeguard(Tori),Local,2026-09-05,6000.0,7000.0,6500.0,6500.0,quintal,6500.0,₹/quintal,True
Tamil Nadu,Cuddalore,Cuddalore,Snakeguard,Snakeguard,Local,2026-09-05,3000.0,3000.0,3000.0,3000.0,quintal,3000.0,₹/quintal,True
Tamil Nadu,Cuddalore,Cuddalore,Sweet Potato,Hosur Red,Local,2026-09-05,8000.0,10000.0,9000.0,9000.0,quintal,9000.0,₹/quintal,True
Tamil Nadu,Cuddalore,Cuddalore,Tapioca,Tapioca,Local,2026-09-05,5000.0,6000.0,5500.0,5500.0,quintal,5500.0,₹/quintal,True
Tamil Nadu,Cuddalore,Cuddalore,Tomato,Deshi,Local,2026-09-05,2600.0,2600.0,2600.0,2600.0,quintal,2600.0,₹/quintal,True
Tamil Nadu,Cuddalore,Cuddalore,Yam(Ratalu),Yam (Ratalu),Local,2026-09-05,6000.0,6000.0,6000.0,6000.0,quintal,6000.0,₹/quintal,True
Tamil Nadu,Cuddalore,Panruti,Amaranthus,Amaranthus,Local,2026-09-05,2000.0,2000.0,2000.0,2000.0,quintal,2000.0,₹/quintal,True
Tamil Nadu,Cuddalore,Panruti,Ashgourd,Gouard,Local,2026-09-05,3000.0,3000.0,3000.0,3000.0,quintal,3000.0,₹/quintal,True
Tamil Nadu,Cuddalore,Panruti,Banana,Besrai,Local,2026-09-05,4000.0,8000.0,6000.0,6000.0,quintal,6000.0,₹/quintal,True
Tamil Nadu,Cuddalore,Panruti,Banana - Green,Banana - Green,Local,2026-09-05,2500.0,2500.0,2500.0,2500.0,quintal,2500.0,₹/quintal,True
Tamil Nadu,Cuddalore,Panruti,Bhindi(Ladies Finger),Bhindi,Local,2026-09-05,3000.0,3000.0,3000.0,3000.0,quintal,3000.0,₹/quintal,True
Tamil Nadu,Cuddalore,Panruti,Bitter gourd,Bitter Gourd,Local,2026-09-05,5000.0,5000.0,5000.0,5000.0,quintal,5000.0,₹/quintal,True
Tamil Nadu,Cuddalore,Panruti,Bottle gourd,Bottle Gourd,Local,2026-09-05,2500.0,2500.0,2500.0,2500.0,quintal,2500.0,₹/quintal,True
Tamil Nadu,Cuddalore,Panruti,Brinjal,Round,Local,2026-09-05,4000.0,5000.0,4500.0,4500.0,quintal,4500.0,₹/quintal,True
Tamil Nadu,Cuddalore,Panruti,Cluster beans,Cluster Beans,Local,2026-09-05,3500.0,3500.0,3500.0,3500.0,quintal,3500.0,₹/quintal,True
Tamil Nadu,Cuddalore,Panruti,Coconut,Coconut,Local,2026-09-05,6000.0,6000.0,6000.0,6000.0,quintal,6000.0,₹/quintal,True
Tamil Nadu,Cuddalore,Panruti,Coriander(Leaves),I Sort,Local,2026-09-05,5000.0,5000.0,5000.0,5000.0,quintal,5000.0,₹/quintal,True
Tamil Nadu,Cuddalore,Panruti,Drumstick,Drumstick,Local,2026-09-05,3500.0,3500.0,3500.0,3500.0,quintal,3500.0,₹/quintal,True
Tamil Nadu,Cuddalore,Panruti,Green Avare(W),Green Avare (W),Local,2026-09-05,6000.0,6000.0,6000.0,6000.0,quintal,6000.0,₹/quintal,True
Tamil Nadu,Cuddalore,Panruti,Green Chilli,Green Chilly,Local,2026-09-05,5000.0,5000.0,5000.0,5000.0,quintal,5000.0,₹/quintal,True
Tamil Nadu,Cuddalore,Panruti,Guava,Guava Allahabad,Local,2026-09-05,5000.0,5000.0,5000.0,5000.0,quintal,5000.0,₹/quintal,True
Tamil Nadu,Cuddalore,Panruti,Jack Fruit(Ripe),Jack Fruit,Local,2026-09-05,10000.0,10000.0,10000.0,10000.0,quintal,10000.0,₹/quintal,True
Tamil Nadu,Cuddalore,Panruti,Lemon,Lemon,Local,2026-09-05,12000.0,12000.0,12000.0,12000.0,quintal,12000.0,₹/quintal,True
Tamil Nadu,Cuddalore,Panruti,Mango(Raw-Ripe),Mango - Raw-Ripe,Local,2026-09-05,9000.0,9000.0,9000.0,9000.0,quintal,9000.0,₹/quintal,True
Tamil Nadu,Cuddalore,Panruti,Mint(Pudina),Mint(Pudina),Local,2026-09-05,5000.0,5000.0,5000.0,5000.0,quintal,5000.0,₹/quintal,True
Tamil Nadu,Cuddalore,Panruti,Onion,Bellary,Local,2026-09-05,5000.0,5000.0,5000.0,5000.0,quintal,5000.0,₹/quintal,True
Tamil Nadu,Cuddalore,Panruti,Onion Green,Onion Green,Local,2026-09-05,7000.0,8000.0,7500.0,7500.0,quintal,7500.0,₹/quintal,True
Tamil Nadu,Cuddalore,Panruti,Papaya,Papaya,Local,2026-09-05,4000.0,4000.0,4000.0,4000.0,quintal,4000.0,₹/quintal,True
Tamil Nadu,Cuddalore,Panruti,Potato,Red Nanital,Local,2026-09-05,4000.0,4000.0,4000.0,4000.0,quintal,4000.0,₹/quintal,True
Tamil Nadu,Cuddalore,Panruti,Raddish,Raddish,Local,2026-09-05,3000.0,3000.0,3000.0,3000.0,quintal,3000.0,₹/quintal,True
Tamil Nadu,Cuddalore,Panruti,Ridgeguard(Tori),Ridgeguard(Tori),Local,2026-09-05,6000.0,6000.0,6000.0,6000.0,quintal,6000.0,₹/quintal,True
Tamil Nadu,Cuddalore,Panruti,Snakeguard,Snakeguard,Local,2026-09-05,3000.0,3000.0,3000.0,3000.0,quintal,3000.0,₹/quintal,True
Tamil Nadu,Cuddalore,Panruti,Tomato,Deshi,Local,2026-09-05,2000.0,2000.0,2000.0,2000.0,quintal,2000.0,₹/quintal,True
Tamil Nadu,Cuddalore,Vadalur,Amaranthus,Amaranthus,Local,2026-09-05,3000.0,3500.0,3250.0,3250.0,quintal,3250.0,₹/quintal,True
Tamil Nadu,Cuddalore,Vadalur,Ashgourd,Gouard,Local,2026-09-05,2000.0,2000.0,2000.0,2000.0,quintal,2000.0,₹/quintal,True
Tamil Nadu,Cuddalore,Vadalur,Banana,Red Banana,Local,2026-09-05,8000.0,8000.0,8000.0,8000.0,quintal,8000.0,₹/quintal,True
Tamil Nadu,Cuddalore,Vadalur,Banana - Green,Banana - Green,Local,2026-09-05,3000.0,3000.0,3000.0,3000.0,quintal,3000.0,₹/quintal,True
Tamil Nadu,Cuddalore,Vadalur,Beans,Beans (Whole),Local,2026-09-05,7000.0,7000.0,7000.0,7000.0,quintal,7000.0,₹/quintal,True
Tamil Nadu,Cuddalore,Vadalur,Beetroot,Beetroot,Local,2026-09-05,4000.0,5000.0,4500.0,4500.0,quintal,4500.0,₹/quintal,True
Tamil Nadu,Cuddalore,Vadalur,Bhindi(Ladies Finger),Bhindi,Local,2026-09-05,3000.0,3000.0,3000.0,3000.0,quintal,3000.0,₹/quintal,True
Tamil Nadu,Cuddalore,Vadalur,Bottle gourd,Bottle Gourd,Local,2026-09-05,2500.0,2500.0,2500.0,2500.0,quintal,2500.0,₹/quintal,True
Tamil Nadu,Cuddalore,Vadalur,Brinjal,Other,Local,2026-09-05,4000.0,4000.0,4000.0,4000.0,quintal,4000.0,₹/quintal,True
Tamil Nadu,Cuddalore,Vadalur,Cabbage,Cabbage,Local,2026-09-05,3500.0,3500.0,3500.0,3500.0,quintal,3500.0,₹/quintal,True
Tamil Nadu,Cuddalore,Vadalur,Carrot,Pusakesar,Local,2026-09-05,5000.0,6000.0,5500.0,5500.0,quintal,5500.0,₹/quintal,True
Tamil Nadu,Cuddalore,Vadalur,Chow Chow,Chow Chow,Local,2026-09-05,4000.0,4000.0,4000.0,4000.0,quintal,4000.0,₹/quintal,True
Tamil Nadu,Cuddalore,Vadalur,Cluster beans,Cluster Beans,Local,2026-09-05,5000.0,5000.0,5000.0,5000.0,quintal,5000.0,₹/quintal,True
Tamil Nadu,Cuddalore,Vadalur,Coconut,Coconut,Local,2026-09-05,5000.0,6000.0,5500.0,5500.0,quintal,5500.0,₹/quintal,True
Tamil Nadu,Cuddalore,Vadalur,Coriander(Leaves),I Sort,Local,2026-09-05,4000.0,4000.0,4000.0,4000.0,quintal,4000.0,₹/quintal,True
Tamil Nadu,Cuddalore,Vadalur,Cucumbar(Kheera),Cucumbar,Local,2026-09-05,4000.0,4000.0,4000.0,4000.0,quintal,4000.0,₹/quintal,True
Tamil Nadu,Cuddalore,Vadalur,Drumstick,Drumstick,Local,2026-09-05,3000.0,3000.0,3000.0,3000.0,quintal,3000.0,₹/quintal,True
Tamil Nadu,Cuddalore,Vadalur,Garlic,Garlic,Local,2026-09-05,16000.0,20000.0,18000.0,18000.0,quintal,18000.0,₹/quintal,True
Tamil Nadu,Cuddalore,Vadalur,Green Avare(W),Other,Local,2026-09-05,6000.0,6000.0,6000.0,6000.0,quintal,6000.0,₹/quintal,True
Tamil Nadu,Cuddalore,Vadalur,Green Chilli,Green Chilly,Local,2026-09-05,5000.0,5000.0,5000.0,5000.0,quintal,5000.0,₹/quintal,True
Tamil Nadu,Cuddalore,Vadalur,Knool Khol,Knool Khol,Local,2026-09-05,3000.0,3000.0,3000.0,3000.0,quintal,3000.0,₹/quintal,True
Tamil Nadu,Cuddalore,Vadalur,Lemon,Lemon,Local,2026-09-05,9000.0,10000.0,9500.0,9500.0,quintal,9500.0,₹/quintal,True
Tamil Nadu,Cuddalore,Vadalur,Mango(Raw-Ripe),Mango - Raw-Ripe,Local,2026-09-05,5000.0,5000.0,5000.0,5000.0,quintal,5000.0,₹/quintal,True
Tamil Nadu,Cuddalore,Vadalur,Mint(Pudina),Mint(Pudina),Local,2026-09-05,4000.0,4000.0,4000.0,4000.0,quintal,4000.0,₹/quintal,True
Tamil Nadu,Cuddalore,Vadalur,Onion,Bellary,Local,2026-09-05,4500.0,5000.0,4750.0,4750.0,quintal,4750.0,₹/quintal,True
Tamil Nadu,Cuddalore,Vadalur,Onion Green,Onion Green,Local,2026-09-05,8000.0,8000.0,8000.0,8000.0,quintal,8000.0,₹/quintal,True
Tamil Nadu,Cuddalore,Vadalur,Potato,Other,Local,2026-09-05,4000.0,4000.0,4000.0,4000.0,quintal,4000.0,₹/quintal,True
Tamil Nadu,Cuddalore,Vadalur,Pumpkin,Pumpkin,Local,2026-09-05,2500.0,2500.0,2500.0,2500.0,quintal,2500.0,₹/quintal,True
Tamil Nadu,Cuddalore,Vadalur,Raddish,Raddish,Local,2026-09-05,3000.0,3000.0,3000.0,3000.0,quintal,3000.0,₹/quintal,True
Tamil Nadu,Cuddalore,Vadalur,Ridgeguard(Tori),Ridgeguard(Tori),Local,2026-09-05,6000.0,6000.0,6000.0,6000.0,quintal,6000.0,₹/quintal,True
Tamil Nadu,Cuddalore,Vadalur,Snakeguard,Snakeguard,Local,2026-09-05,2500.0,2500.0,2500.0,2500.0,quintal,2500.0,₹/quintal,True
Tamil Nadu,Cuddalore,Vadalur,Tender Coconut,Tender Coconut,Local,2026-09-05,2500.0,3000.0,2750.0,2750.0,quintal,2750.0,₹/quintal,True
Tamil Nadu,Cuddalore,Vadalur,Thondekai,Thondekai,Local,2026-09-05,5000.0,5000.0,5000.0,5000.0,quintal,5000.0,₹/quintal,True
Tamil Nadu,Cuddalore,Vadalur,Tomato,Local,Local,2026-09-05,2500.0,2500.0,2500.0,2500.0,quintal,2500.0,₹/quintal,True
Tamil Nadu,Cuddalore,Viruthachalam,Amaranthus,Amaranthus,Local,2026-09-05,2000.0,2500.0,2250.0,2250.0,quintal,2250.0,₹/quintal,True
Tamil Nadu,Cuddalore,Viruthachalam,Ashgourd,Gouard,Local,2026-09-05,2000.0,2000.0,2000.0,2000.0,quintal,2000.0,₹/quintal,True
Tamil Nadu,Cuddalore,Viruthachalam,Banana,Besrai,Local,2026-09-05,4000.0,7000.0,5500.0,5500.0,quintal,5500.0,₹/quintal,True
Tamil Nadu,Cuddalore,Viruthachalam,Banana - Green,Banana - Green,Local,2026-09-05,2500.0,3000.0,2750.0,2750.0,quintal,2750.0,₹/quintal,True
Tamil Nadu,Cuddalore,Viruthachalam,Beans,Beans (Whole),Local,2026-09-05,7000.0,7000.0,7000.0,7000.0,quintal,7000.0,₹/quintal,True
Tamil Nadu,Cuddalore,Viruthachalam,Beetroot,Beetroot,Local,2026-09-05,5000.0,5000.0,5000.0,5000.0,quintal,5000.0,₹/quintal,True
Tamil Nadu,Cuddalore,Viruthachalam,Bhindi(Ladies Finger),Bhindi,Local,2026-09-05,2000.0,2000.0,2000.0,2000.0,quintal,2000.0,₹/quintal,True
Tamil Nadu,Cuddalore,Viruthachalam,Bitter gourd,Bitter Gourd,Local,2026-09-05,6000.0,6000.0,6000.0,6000.0,quintal,6000.0,₹/quintal,True
Tamil Nadu,Cuddalore,Viruthachalam,Bottle gourd,Bottle Gourd,Local,2026-09-05,3000.0,3000.0,3000.0,3000.0,quintal,3000.0,₹/quintal,True
Tamil Nadu,Cuddalore,Viruthachalam,Brinjal,Round,Local,2026-09-05,5000.0,5000.0,5000.0,5000.0,quintal,5000.0,₹/quintal,True
Tamil Nadu,Cuddalore,Viruthachalam,Cabbage,Cabbage,Local,2026-09-05,3000.0,3000.0,3000.0,3000.0,quintal,3000.0,₹/quintal,True
Tamil Nadu,Cuddalore,Viruthachalam,Carrot,Pusakesar,Local,2026-09-05,9000.0,9000.0,9000.0,9000.0,quintal,9000.0,₹/quintal,True
Tamil Nadu,Cuddalore,Viruthachalam,Chow Chow,Chow Chow,Local,2026-09-05,4000.0,4000.0,4000.0,4000.0,quintal,4000.0,₹/quintal,True
Tamil Nadu,Cuddalore,Viruthachalam,Cluster beans,Cluster Beans,Local,2026-09-05,3000.0,3000.0,3000.0,3000.0,quintal,3000.0,₹/quintal,True
Tamil Nadu,Cuddalore,Viruthachalam,Coconut,Coconut,Local,2026-09-05,6000.0,6000.0,6000.0,6000.0,quintal,6000.0,₹/quintal,True
Tamil Nadu,Cuddalore,Viruthachalam,Coriander(Leaves),I Sort,Local,2026-09-05,5000.0,5000.0,5000.0,5000.0,quintal,5000.0,₹/quintal,True
Tamil Nadu,Cuddalore,Viruthachalam,Drumstick,Drumstick,Local,2026-09-05,3000.0,3000.0,3000.0,3000.0,quintal,3000.0,₹/quintal,True
Tamil Nadu,Cuddalore,Viruthachalam,Ginger(Green),Green Ginger,Local,2026-09-05,8000.0,16000.0,12000.0,12000.0,quintal,12000.0,₹/quintal,True
Tamil Nadu,Cuddalore,Viruthachalam,Green Avare(W),Green Avare (W),Local,2026-09-05,7000.0,10000.0,8500.0,8500.0,quintal,8500.0,₹/quintal,True
Tamil Nadu,Cuddalore,Viruthachalam,Green Chilli,Green Chilly,Local,2026-09-05,5000.0,5000.0,5000.0,5000.0,quintal,5000.0,₹/quintal,True
Tamil Nadu,Cuddalore,Viruthachalam,Lemon,Lemon,Local,2026-09-05,10000.0,10000.0,10000.0,10000.0,quintal,10000.0,₹/quintal,True
Tamil Nadu,Cuddalore,Viruthachalam,Mango(Raw-Ripe),Mango - Raw-Ripe,Local,2026-09-05,10000.0,10000.0,10000.0,10000.0,quintal,10000.0,₹/quintal,True
Tamil Nadu,Cuddalore,Viruthachalam,Mint(Pudina),Mint(Pudina),Local,2026-09-05,5000.0,5000.0,5000.0,5000.0,quintal,5000.0,₹/quintal,True
Tamil Nadu,Cuddalore,Viruthachalam,Onion,Bellary,Local,2026-09-05,5000.0,5000.0,5000.0,5000.0,quintal,5000.0,₹/quintal,True
Tamil Nadu,Cuddalore,Viruthachalam,Onion Green,Onion Green,Local,2026-09-05,9000.0,9000.0,9000.0,9000.0,quintal,9000.0,₹/quintal,True
Tamil Nadu,Cuddalore,Viruthachalam,Papaya,Papaya,Local,2026-09-05,4000.0,4500.0,4250.0,4250.0,quintal,4250.0,₹/quintal,True
Tamil Nadu,Cuddalore,Viruthachalam,Potato,Red Nanital,Local,2026-09-05,4000.0,4500.0,4250.0,4250.0,quintal,4250.0,₹/quintal,True
Tamil Nadu,Cuddalore,Viruthachalam,Pumpkin,Pumpkin,Local,2026-09-05,2000.0,2000.0,2000.0,2000.0,quintal,2000.0,₹/quintal,True
Tamil Nadu,Cuddalore,Viruthachalam,Raddish,Raddish,Local,2026-09-05,3000.0,3000.0,3000.0,3000.0,quintal,3000.0,₹/quintal,True
Tamil Nadu,Cuddalore,Viruthachalam,Ridgeguard(Tori),Ridgeguard(Tori),Local,2026-09-05,5000.0,5000.0,5000.0,5000.0,quintal,5000.0,₹/quintal,True
Tamil Nadu,Cuddalore,Viruthachalam,Snakeguard,Snakeguard,Local,2026-09-05,2000.0,3000.0,2500.0,2500.0,quintal,2500.0,₹/quintal,True
Tamil Nadu,Cuddalore,Viruthachalam,Tomato,Deshi,Local,2026-09-05,2500.0,2500.0,2500.0,2500.0,quintal,2500.0,₹/quintal,True
Tamil Nadu,Dharmapuri,AJattihalli,Amaranthus,Amaranthus,Local,2026-09-05,2000.0,2500.0,2250.0,2250.0,quintal,2250.0,₹/quintal,True
Tamil Nadu,Dharmapuri,AJattihalli,Banana,Red Banana,Local,2026-09-05,8000.0,8000.0,8000.0,8000.0,quintal,8000.0,₹/quintal,True
Tamil Nadu,Dharmapuri,AJattihalli,Banana - Green,Banana - Green,Local,2026-09-05,2500.0,2500.0,2500.0,2500.0,quintal,2500.0,₹/quintal,True
Tamil Nadu,Dharmapuri,AJattihalli,Beans,Beans (Whole),Local,2026-09-05,11000.0,11000.0,11000.0,11000.0,quintal,11000.0,₹/quintal,True
Tamil Nadu,Dharmapuri,AJattihalli,Beetroot,Beetroot,Local,2026-09-05,5000.0,5600.0,5300.0,5300.0,quintal,5300.0,₹/quintal,True
Tamil Nadu,Dharmapuri,AJattihalli,Bhindi(Ladies Finger),Bhindi,Local,2026-09-05,2000.0,2400.0,2200.0,2200.0,quintal,2200.0,₹/quintal,True
Tamil Nadu,Dharmapuri,AJattihalli,Bitter gourd,Other,Local,2026-09-05,3000.0,3000.0,3000.0,3000.0,quintal,3000.0,₹/quintal,True
Tamil Nadu,Dharmapuri,AJattihalli,Bottle gourd,Bottle Gourd,Local,2026-09-05,1600.0,1600.0,1600.0,1600.0,quintal,1600.0,₹/quintal,True
Tamil Nadu,Dharmapuri,AJattihalli,Brinjal,Other,Local,2026-09-05,2000.0,2200.0,2100.0,2100.0,quintal,2100.0,₹/quintal,True
Tamil Nadu,Dharmapuri,AJattihalli,Cabbage,Cabbage,Local,2026-09-05,3000.0,3400.0,3200.0,3200.0,quintal,3200.0,₹/quintal,True
Tamil Nadu,Dharmapuri,AJattihalli,Capsicum,Capsicum,Local,2026-09-05,8000.0,8000.0,8000.0,8000.0,quintal,8000.0,₹/quintal,True
Tamil Nadu,Dharmapuri,AJattihalli,Carrot,Pusakesar,Local,2026-09-05,6000.0,6400.0,6200.0,6200.0,quintal,6200.0,₹/quintal,True
Tamil Nadu,Dharmapuri,AJattihalli,Cauliflower,Ranchi,Local,2026-09-05,3500.0,3500.0,3500.0,3500.0,quintal,3500.0,₹/quintal,True
Tamil Nadu,Dharmapuri,AJattihalli,Chow Chow,Chow Chow,Local,2026-09-05,4800.0,4800.0,4800.0,4800.0,quintal,4800.0,₹/quintal,True
Tamil Nadu,Dharmapuri,AJattihalli,Cluster beans,Cluster Beans,Local,2026-09-05,2400.0,2400.0,2400.0,2400.0,quintal,2400.0,₹/quintal,True
Tamil Nadu,Dharmapuri,AJattihalli,Coconut,Coconut,Local,2026-09-05,6000.0,7000.0,6500.0,6500.0,quintal,6500.0,₹/quintal,True
Tamil Nadu,Dharmapuri,AJattihalli,Colacasia,Colacasia,Local,2026-09-05,6600.0,6600.0,6600.0,6600.0,quintal,6600.0,₹/quintal,True
Tamil Nadu,Dharmapuri,AJattihalli,Coriander(Leaves),I Sort,Local,2026-09-05,4500.0,5000.0,4750.0,4750.0,quintal,4750.0,₹/quintal,True
Tamil Nadu,Dharmapuri,AJattihalli,Cowpea(Veg),Cowpea (Veg),Local,2026-09-05,5000.0,5000.0,5000.0,5000.0,quintal,5000.0,₹/quintal,True
Tamil Nadu,Dharmapuri,AJattihalli,Cucumbar(Kheera),Cucumbar,Local,2026-09-05,4000.0,4400.0,4200.0,4200.0,quintal,4200.0,₹/quintal,True
Tamil Nadu,Dharmapuri,AJattihalli,Drumstick,Drumstick,Local,2026-09-05,2500.0,3000.0,2750.0,2750.0,quintal,2750.0,₹/quintal,True
Tamil Nadu,Dharmapuri,AJattihalli,Elephant Yam(Suran)/Amorphophallus,Elephant Yam (Suran),Local,2026-09-05,6400.0,6400.0,6400.0,6400.0,quintal,6400.0,₹/quintal,True
Tamil Nadu,Dharmapuri,AJattihalli,Garlic,Garlic,Local,2026-09-05,20000.0,24000.0,22000.0,22000.0,quintal,22000.0,₹/quintal,True
Tamil Nadu,Dharmapuri,AJattihalli,Ginger(Green),Green Ginger,Local,2026-09-05,20000.0,22500.0,21250.0,21250.0,quintal,21250.0,₹/quintal,True
Tamil Nadu,Dharmapuri,AJattihalli,Green Avare(W),Green Avare (W),Local,2026-09-05,4500.0,4500.0,4500.0,4500.0,quintal,4500.0,₹/quintal,True
Tamil Nadu,Dharmapuri,AJattihalli,Green Chilli,Green Chilly,Local,2026-09-05,3000.0,3000.0,3000.0,3000.0,quintal,3000.0,₹/quintal,True
Tamil Nadu,Dharmapuri,AJattihalli,Guava,Guava Allahabad,Local,2026-09-05,6000.0,6000.0,6000.0,6000.0,quintal,6000.0,₹/quintal,True
Tamil Nadu,Dharmapuri,AJattihalli,Knool Khol,Knool Khol,Local,2026-09-05,4400.0,4400.0,4400.0,4400.0,quintal,4400.0,₹/quintal,True
Tamil Nadu,Dharmapuri,AJattihalli,Lemon,Lemon,Local,2026-09-05,20000.0,24000.0,22000.0,22000.0,quintal,22000.0,₹/quintal,True
Tamil Nadu,Dharmapuri,AJattihalli,Lime,Lime,Local,2026-09-05,5000.0,5000.0,5000.0,5000.0,quintal,5000.0,₹/quintal,True
Tamil Nadu,Dharmapuri,AJattihalli,Mint(Pudina),Mint(Pudina),Local,2026-09-05,4500.0,5000.0,4750.0,4750.0,quintal,4750.0,₹/quintal,True
Tamil Nadu,Dharmapuri,AJattihalli,Onion,Bellary,Local,2026-09-05,5400.0,6200.0,5800.0,5800.0,quintal,5800.0,₹/quintal,True
Tamil Nadu,Dharmapuri,AJattihalli,Onion Green,Onion Green,Local,2026-09-05,6000.0,7000.0,6500.0,6500.0,quintal,6500.0,₹/quintal,True
Tamil Nadu,Dharmapuri,AJattihalli,Potato,Other,Local,2026-09-05,2400.0,2800.0,2600.0,2600.0,quintal,2600.0,₹/quintal,True
Tamil Nadu,Dharmapuri,AJattihalli,Pumpkin,Pumpkin,Local,2026-09-05,1600.0,1600.0,1600.0,1600.0,quintal,1600.0,₹/quintal,True
Tamil Nadu,Dharmapuri,AJattihalli,Raddish,Raddish,Local,2026-09-05,1000.0,1000.0,1000.0,1000.0,quintal,1000.0,₹/quintal,True
Tamil Nadu,Dharmapuri,AJattihalli,Ridgeguard(Tori),Ridgeguard(Tori),Local,2026-09-05,2600.0,3000.0,2800.0,2800.0,quintal,2800.0,₹/quintal,True
Tamil Nadu,Dharmapuri,AJattihalli,Snakeguard,Snakeguard,Local,2026-09-05,2500.0,3000.0,2750.0,2750.0,quintal,2750.0,₹/quintal,True
Tamil Nadu,Dharmapuri,AJattihalli,Sweet Corn ,Sweet Corn ,Local,2026-09-05,3800.0,3800.0,3800.0,3800.0,quintal,3800.0,₹/quintal,True
Tamil Nadu,Dharmapuri,AJattihalli,Tender Coconut,Tender Coconut,Local,2026-09-05,3000.0,3500.0,3250.0,3250.0,quintal,3250.0,₹/quintal,True
Tamil Nadu,Dharmapuri,AJattihalli,Thondekai,Thondekai,Local,2026-09-05,4500.0,4500.0,4500.0,4500.0,quintal,4500.0,₹/quintal,True
Tamil Nadu,Dharmapuri,AJattihalli,Tomato,Deshi,Local,2026-09-05,2000.0,2400.0,2200.0,2200.0,quintal,2200.0,₹/quintal,True
Tamil Nadu,Dharmapuri,Dharmapuri,Amaranthus,Amaranthus,Local,2026-09-05,2200.0,2500.0,2350.0,2350.0,quintal,2350.0,₹/quintal,True
Tamil Nadu,Dharmapuri,Dharmapuri,Amla(Nelli Kai),Amla,Local,2026-09-05,8200.0,8500.0,8350.0,8350.0,quintal,8350.0,₹/quintal,True
Tamil Nadu,Dharmapuri,Dharmapuri,Ashgourd,Gouard,Local,2026-09-05,1400.0,1600.0,1500.0,1500.0,quintal,1500.0,₹/quintal,True
Tamil Nadu,Dharmapuri,Dharmapuri,Banana,Besrai,Local,2026-09-05,5200.0,5500.0,5350.0,5350.0,quintal,5350.0,₹/quintal,True
Tamil Nadu,Dharmapuri,Dharmapuri,Banana - Green,Banana - Green,Local,2026-09-05,2800.0,3000.0,2900.0,2900.0,quintal,2900.0,₹/quintal,True
Tamil Nadu,Dharmapuri,Dharmapuri,Beans,Beans (Whole),Local,2026-09-05,10600.0,11000.0,10800.0,10800.0,quintal,10800.0,₹/quintal,True
Tamil Nadu,Dharmapuri,Dharmapuri,Beetroot,Beetroot,Local,2026-09-05,5400.0,5600.0,5500.0,5500.0,quintal,5500.0,₹/quintal,True
Tamil Nadu,Dharmapuri,Dharmapuri,Bhindi(Ladies Finger),Bhindi,Local,2026-09-05,2200.0,2400.0,2300.0,2300.0,quintal,2300.0,₹/quintal,True
Tamil Nadu,Dharmapuri,Dharmapuri,Bitter gourd,Bitter Gourd,Local,2026-09-05,2800.0,3000.0,2900.0,2900.0,quintal,2900.0,₹/quintal,True
Tamil Nadu,Dharmapuri,Dharmapuri,Bottle gourd,Bottle Gourd,Local,2026-09-05,1400.0,1600.0,1500.0,1500.0,quintal,1500.0,₹/quintal,True
Tamil Nadu,Dharmapuri,Dharmapuri,Brinjal,Round,Local,2026-09-05,2000.0,2200.0,2100.0,2100.0,quintal,2100.0,₹/quintal,True
Tamil Nadu,Dharmapuri,Dharmapuri,Cabbage,Cabbage,Local,2026-09-05,3200.0,3400.0,3300.0,3300.0,quintal,3300.0,₹/quintal,True
Tamil Nadu,Dharmapuri,Dharmapuri,Capsicum,Capsicum,Local,2026-09-05,7600.0,8000.0,7800.0,7800.0,quintal,7800.0,₹/quintal,True
Tamil Nadu,Dharmapuri,Dharmapuri,Carrot,Pusakesar,Local,2026-09-05,6200.0,6400.0,6300.0,6300.0,quintal,6300.0,₹/quintal,True
Tamil Nadu,Dharmapuri,Dharmapuri,Cauliflower,Ranchi,Local,2026-09-05,3200.0,3500.0,3350.0,3350.0,quintal,3350.0,₹/quintal,True
Tamil Nadu,Dharmapuri,Dharmapuri,Chow Chow,Chow Chow,Local,2026-09-05,4500.0,4800.0,4650.0,4650.0,quintal,4650.0,₹/quintal,True
Tamil Nadu,Dharmapuri,Dharmapuri,Cluster beans,Cluster Beans,Local,2026-09-05,2200.0,2400.0,2300.0,2300.0,quintal,2300.0,₹/quintal,True
Tamil Nadu,Dharmapuri,Dharmapuri,Coconut,Coconut,Local,2026-09-05,6800.0,7000.0,6900.0,6900.0,quintal,6900.0,₹/quintal,True
Tamil Nadu,Dharmapuri,Dharmapuri,Colacasia,Colacasia,Local,2026-09-05,6400.0,6600.0,6500.0,6500.0,quintal,6500.0,₹/quintal,True
Tamil Nadu,Dharmapuri,Dharmapuri,Coriander(Leaves),I Sort,Local,2026-09-05,4800.0,5000.0,4900.0,4900.0,quintal,4900.0,₹/quintal,True
Tamil Nadu,Dharmapuri,Dharmapuri,Cucumbar(Kheera),Cucumbar,Local,2026-09-05,4200.0,4400.0,4300.0,4300.0,quintal,4300.0,₹/quintal,True
Tamil Nadu,Dharmapuri,Dharmapuri,Drumstick,Drumstick,Local,2026-09-05,2800.0,3000.0,2900.0,2900.0,quintal,2900.0,₹/quintal,True
Tamil Nadu,Dharmapuri,Dharmapuri,Elephant Yam(Suran)/Amorphophallus,Elephant Yam (Suran),Local,2026-09-05,6200.0,6400.0,6300.0,6300.0,quintal,6300.0,₹/quintal,True
Tamil Nadu,Dharmapuri,Dharmapuri,Garlic,Garlic,Local,2026-09-05,23600.0,24000.0,23800.0,23800.0,quintal,23800.0,₹/quintal,True
Tamil Nadu,Dharmapuri,Dharmapuri,Ginger(Green),Green Ginger,Local,2026-09-05,22200.0,22500.0,22350.0,22350.0,quintal,22350.0,₹/quintal,True
Tamil Nadu,Dharmapuri,Dharmapuri,Green Avare(W),Green Avare (W),Local,2026-09-05,4200.0,4500.0,4350.0,4350.0,quintal,4350.0,₹/quintal,True
Tamil Nadu,Dharmapuri,Dharmapuri,Green Chilli,Green Chilly,Local,2026-09-05,2800.0,3000.0,2900.0,2900.0,quintal,2900.0,₹/quintal,True
Tamil Nadu,Dharmapuri,Dharmapuri,Green Peas,Green Peas,Local,2026-09-05,16800.0,17000.0,16900.0,16900.0,quintal,16900.0,₹/quintal,True
Tamil Nadu,Dharmapuri,Dharmapuri,Groundnut,Big (With Shell),Local,2026-09-05,6400.0,6600.0,6500.0,6500.0,quintal,6500.0,₹/quintal,True
Tamil Nadu,Dharmapuri,Dharmapuri,Guava,Guava Allahabad,Local,2026-09-05,6800.0,7000.0,6900.0,6900.0,quintal,6900.0,₹/quintal,True
Tamil Nadu,Dharmapuri,Dharmapuri,Indian Beans(Seam),Indian Beans (Seam),Local,2026-09-05,5600.0,6000.0,5800.0,5800.0,quintal,5800.0,₹/quintal,True
Tamil Nadu,Dharmapuri,Dharmapuri,Knool Khol,Knool Khol,Local,2026-09-05,4200.0,4400.0,4300.0,4300.0,quintal,4300.0,₹/quintal,True
Tamil Nadu,Dharmapuri,Dharmapuri,Lemon,Lemon,Local,2026-09-05,24200.0,24500.0,24350.0,24350.0,quintal,24350.0,₹/quintal,True
Tamil Nadu,Dharmapuri,Dharmapuri,Marigold(Calcutta),Marigold(Calcutta),Local,2026-09-05,13800.0,14000.0,13900.0,13900.0,quintal,13900.0,₹/quintal,True
Tamil Nadu,Dharmapuri,Dharmapuri,Mashrooms,Mashrooms,Local,2026-09-05,15600.0,16000.0,15800.0,15800.0,quintal,15800.0,₹/quintal,True
Tamil Nadu,Dharmapuri,Dharmapuri,Mint(Pudina),Mint(Pudina),Local,2026-09-05,4800.0,5000.0,4900.0,4900.0,quintal,4900.0,₹/quintal,True
Tamil Nadu,Dharmapuri,Dharmapuri,Onion,Bellary,Local,2026-09-05,6000.0,6200.0,6100.0,6100.0,quintal,6100.0,₹/quintal,True
Tamil Nadu,Dharmapuri,Dharmapuri,Onion Green,Onion Green,Local,2026-09-05,6500.0,6800.0,6650.0,6650.0,quintal,6650.0,₹/quintal,True
Tamil Nadu,Dharmapuri,Dharmapuri,Papaya,Papaya,Local,2026-09-05,3500.0,3800.0,3650.0,3650.0,quintal,3650.0,₹/quintal,True
Tamil Nadu,Dharmapuri,Dharmapuri,Potato,Red Nanital,Local,2026-09-05,2500.0,2800.0,2650.0,2650.0,quintal,2650.0,₹/quintal,True
Tamil Nadu,Dharmapuri,Dharmapuri,Pumpkin,Pumpkin,Local,2026-09-05,1400.0,1600.0,1500.0,1500.0,quintal,1500.0,₹/quintal,True
Tamil Nadu,Dharmapuri,Dharmapuri,Raddish,Raddish,Local,2026-09-05,800.0,1000.0,900.0,900.0,quintal,900.0,₹/quintal,True
Tamil Nadu,Dharmapuri,Dharmapuri,Ridgeguard(Tori),Ridgeguard(Tori),Local,2026-09-05,2800.0,3000.0,2900.0,2900.0,quintal,2900.0,₹/quintal,True
Tamil Nadu,Dharmapuri,Dharmapuri,Snakeguard,Snakeguard,Local,2026-09-05,2200.0,2500.0,2350.0,2350.0,quintal,2350.0,₹/quintal,True
Tamil Nadu,Dharmapuri,Dharmapuri,Sweet Corn ,Sweet Corn ,Local,2026-09-05,2800.0,3000.0,2900.0,2900.0,quintal,2900.0,₹/quintal,True
Tamil Nadu,Dharmapuri,Dharmapuri,Tamarind Fruit,Tamarind Fruit,Local,2026-09-05,11500.0,11800.0,11650.0,11650.0,quintal,11650.0,₹/quintal,True
Tamil Nadu,Dharmapuri,Dharmapuri,Tapioca,Tapioca,Local,2026-09-05,3200.0,3400.0,3300.0,3300.0,quintal,3300.0,₹/quintal,True
Tamil Nadu,Dharmapuri,Dharmapuri,Tender Coconut,Tender Coconut,Local,2026-09-05,2800.0,3000.0,2900.0,2900.0,quintal,2900.0,₹/quintal,True
Tamil Nadu,Dharmapuri,Dharmapuri,Thondekai,Thondekai,Local,2026-09-05,4200.0,4500.0,4350.0,4350.0,quintal,4350.0,₹/quintal,True
Tamil Nadu,Dharmapuri,Dharmapuri,Tomato,Deshi,Local,2026-09-05,2200.0,2400.0,2300.0,2300.0,quintal,2300.0,₹/quintal,True
Tamil Nadu,Dharmapuri,Dharmapuri,Yam(Ratalu),Yam (Ratalu),Local,2026-09-05,11600.0,12000.0,11800.0,11800.0,quintal,11800.0,₹/quintal,True
Tamil Nadu,Dharmapuri,Harur,Amaranthus,Amaranthus,Local,2026-09-05,3000.0,4000.0,3500.0,3500.0,quintal,3500.0,₹/quintal,True
Tamil Nadu,Dharmapuri,Harur,Amla(Nelli Kai),Amla,Local,2026-09-05,6000.0,7000.0,6500.0,6500.0,quintal,6500.0,₹/quintal,True
Tamil Nadu,Dharmapuri,Harur,Banana,Besrai,Local,2026-09-05,4000.0,5000.0,4500.0,4500.0,quintal,4500.0,₹/quintal,True
Tamil Nadu,Dharmapuri,Harur,Banana - Green,Banana - Green,Local,2026-09-05,2000.0,2500.0,2250.0,2250.0,quintal,2250.0,₹/quintal,True
Tamil Nadu,Dharmapuri,Harur,Beans,Beans (Whole),Local,2026-09-05,9000.0,10000.0,9500.0,9500.0,quintal,9500.0,₹/quintal,True
Tamil Nadu,Dharmapuri,Harur,Beetroot,Beetroot,Local,2026-09-05,4000.0,5000.0,4500.0,4500.0,quintal,4500.0,₹/quintal,True
Tamil Nadu,Dharmapuri,Harur,Bhindi(Ladies Finger),Bhindi,Local,2026-09-05,2000.0,2500.0,2250.0,2250.0,quintal,2250.0,₹/quintal,True
Tamil Nadu,Dharmapuri,Harur,Bitter gourd,Bitter Gourd,Local,2026-09-05,4500.0,5000.0,4750.0,4750.0,quintal,4750.0,₹/quintal,True
Tamil Nadu,Dharmapuri,Harur,Bottle gourd,Bottle Gourd,Local,2026-09-05,1500.0,1800.0,1650.0,1650.0,quintal,1650.0,₹/quintal,True
Tamil Nadu,Dharmapuri,Harur,Brinjal,Round,Local,2026-09-05,2500.0,3000.0,2750.0,2750.0,quintal,2750.0,₹/quintal,True
Tamil Nadu,Dharmapuri,Harur,Cabbage,Cabbage,Local,2026-09-05,3000.0,3500.0,3250.0,3250.0,quintal,3250.0,₹/quintal,True
Tamil Nadu,Dharmapuri,Harur,Capsicum,Capsicum,Local,2026-09-05,6000.0,7000.0,6500.0,6500.0,quintal,6500.0,₹/quintal,True
Tamil Nadu,Dharmapuri,Harur,Carrot,Pusakesar,Local,2026-09-05,5500.0,6000.0,5750.0,5750.0,quintal,5750.0,₹/quintal,True
Tamil Nadu,Dharmapuri,Harur,Cauliflower,Ranchi,Local,2026-09-05,3500.0,4000.0,3750.0,3750.0,quintal,3750.0,₹/quintal,True
Tamil Nadu,Dharmapuri,Harur,Chow Chow,Chow Chow,Local,2026-09-05,4000.0,5000.0,4500.0,4500.0,quintal,4500.0,₹/quintal,True
Tamil Nadu,Dharmapuri,Harur,Cluster beans,Cluster Beans,Local,2026-09-05,3500.0,4000.0,3750.0,3750.0,quintal,3750.0,₹/quintal,True
Tamil Nadu,Dharmapuri,Harur,Coconut,Coconut,Local,2026-09-05,6000.0,7000.0,6500.0,6500.0,quintal,6500.0,₹/quintal,True
Tamil Nadu,Dharmapuri,Harur,Coriander(Leaves),I Sort,Local,2026-09-05,4500.0,5000.0,4750.0,4750.0,quintal,4750.0,₹/quintal,True
Tamil Nadu,Dharmapuri,Harur,Cucumbar(Kheera),Cucumbar,Local,2026-09-05,4000.0,5000.0,4500.0,4500.0,quintal,4500.0,₹/quintal,True
Tamil Nadu,Dharmapuri,Harur,Drumstick,Drumstick,Local,2026-09-05,2500.0,3000.0,2750.0,2750.0,quintal,2750.0,₹/quintal,True
Tamil Nadu,Dharmapuri,Harur,Garlic,Garlic,Local,2026-09-05,20000.0,25000.0,22500.0,22500.0,quintal,22500.0,₹/quintal,True
Tamil Nadu,Dharmapuri,Harur,Ginger(Green),Green Ginger,Local,2026-09-05,14000.0,18000.0,16000.0,16000.0,quintal,16000.0,₹/quintal,True
Tamil Nadu,Dharmapuri,Harur,Green Avare(W),Green Avare (W),Local,2026-09-05,4500.0,5000.0,4750.0,4750.0,quintal,4750.0,₹/quintal,True
Tamil Nadu,Dharmapuri,Harur,Green Chilli,Green Chilly,Local,2026-09-05,4000.0,5000.0,4500.0,4500.0,quintal,4500.0,₹/quintal,True
Tamil Nadu,Dharmapuri,Harur,Guava,Guava Allahabad,Local,2026-09-05,4000.0,5000.0,4500.0,4500.0,quintal,4500.0,₹/quintal,True
Tamil Nadu,Dharmapuri,Harur,Knool Khol,Knool Khol,Local,2026-09-05,6000.0,7000.0,6500.0,6500.0,quintal,6500.0,₹/quintal,True
Tamil Nadu,Dharmapuri,Harur,Lemon,Lemon,Local,2026-09-05,10000.0,12000.0,11000.0,11000.0,quintal,11000.0,₹/quintal,True
Tamil Nadu,Dharmapuri,Harur,Mint(Pudina),Mint(Pudina),Local,2026-09-05,3500.0,4000.0,3750.0,3750.0,quintal,3750.0,₹/quintal,True
Tamil Nadu,Dharmapuri,Harur,Onion,Bellary,Local,2026-09-05,4500.0,5500.0,5000.0,5000.0,quintal,5000.0,₹/quintal,True
Tamil Nadu,Dharmapuri,Harur,Onion Green,Onion Green,Local,2026-09-05,6000.0,6500.0,6250.0,6250.0,quintal,6250.0,₹/quintal,True
Tamil Nadu,Dharmapuri,Harur,Papaya,Papaya,Local,2026-09-05,2500.0,3000.0,2750.0,2750.0,quintal,2750.0,₹/quintal,True
Tamil Nadu,Dharmapuri,Harur,Potato,Red Nanital,Local,2026-09-05,2500.0,3000.0,2750.0,2750.0,quintal,2750.0,₹/quintal,True
Tamil Nadu,Dharmapuri,Harur,Pumpkin,Pumpkin,Local,2026-09-05,1500.0,2000.0,1750.0,1750.0,quintal,1750.0,₹/quintal,True
Tamil Nadu,Dharmapuri,Harur,Raddish,Raddish,Local,2026-09-05,2000.0,2500.0,2250.0,2250.0,quintal,2250.0,₹/quintal,True
Tamil Nadu,Dharmapuri,Harur,Ridgeguard(Tori),Ridgeguard(Tori),Local,2026-09-05,3000.0,3500.0,3250.0,3250.0,quintal,3250.0,₹/quintal,True
Tamil Nadu,Dharmapuri,Harur,Snakeguard,Snakeguard,Local,2026-09-05,3000.0,3500.0,3250.0,3250.0,quintal,3250.0,₹/quintal,True
Tamil Nadu,Dharmapuri,Harur,Sweet Potato,Hosur Red,Local,2026-09-05,4000.0,5000.0,4500.0,4500.0,quintal,4500.0,₹/quintal,True
Tamil Nadu,Dharmapuri,Harur,Thondekai,Thondekai,Local,2026-09-05,5000.0,6000.0,5500.0,5500.0,quintal,5500.0,₹/quintal,True
Tamil Nadu,Dharmapuri,Harur,Tomato,Deshi,Local,2026-09-05,2000.0,2500.0,2250.0,2250.0,quintal,2250.0,₹/quintal,True
Tamil Nadu,Dharmapuri,Karimangalam,Amaranthus,Amaranthus,Local,2026-09-05,2300.0,2500.0,2400.0,2400.0,quintal,2400.0,₹/quintal,True
Tamil Nadu,Dharmapuri,Karimangalam,Amla(Nelli Kai),Amla,Local,2026-09-05,8000.0,9000.0,8500.0,8500.0,quintal,8500.0,₹/quintal,True
Tamil Nadu,Dharmapuri,Karimangalam,Banana,Karpura,Local,2026-09-05,6500.0,7000.0,6750.0,6750.0,quintal,6750.0,₹/quintal,True
Tamil Nadu,Dharmapuri,Karimangalam,Banana - Green,Banana - Green,Local,2026-09-05,2800.0,3000.0,2900.0,2900.0,quintal,2900.0,₹/quintal,True
Tamil Nadu,Dharmapuri,Karimangalam,Beans,Beans (Whole),Local,2026-09-05,9000.0,10000.0,9500.0,9500.0,quintal,9500.0,₹/quintal,True
Tamil Nadu,Dharmapuri,Karimangalam,Beetroot,Beetroot,Local,2026-09-05,5000.0,5500.0,5250.0,5250.0,quintal,5250.0,₹/quintal,True
Tamil Nadu,Dharmapuri,Karimangalam,Bhindi(Ladies Finger),Bhindi,Local,2026-09-05,1800.0,2000.0,1900.0,1900.0,quintal,1900.0,₹/quintal,True
Tamil Nadu,Dharmapuri,Karimangalam,Bitter gourd,Other,Local,2026-09-05,3800.0,4000.0,3900.0,3900.0,quintal,3900.0,₹/quintal,True
Tamil Nadu,Dharmapuri,Karimangalam,Bottle gourd,Bottle Gourd,Local,2026-09-05,1800.0,2000.0,1900.0,1900.0,quintal,1900.0,₹/quintal,True
Tamil Nadu,Dharmapuri,Karimangalam,Brinjal,Other,Local,2026-09-05,2300.0,2500.0,2400.0,2400.0,quintal,2400.0,₹/quintal,True
Tamil Nadu,Dharmapuri,Karimangalam,Cabbage,Cabbage,Local,2026-09-05,3300.0,3500.0,3400.0,3400.0,quintal,3400.0,₹/quintal,True
Tamil Nadu,Dharmapuri,Karimangalam,Carrot,Pusakesar,Local,2026-09-05,6000.0,6500.0,6250.0,6250.0,quintal,6250.0,₹/quintal,True
Tamil Nadu,Dharmapuri,Karimangalam,Cauliflower,Ranchi,Local,2026-09-05,3800.0,4000.0,3900.0,3900.0,quintal,3900.0,₹/quintal,True
Tamil Nadu,Dharmapuri,Karimangalam,Chow Chow,Chow Chow,Local,2026-09-05,4400.0,4800.0,4600.0,4600.0,quintal,4600.0,₹/quintal,True
Tamil Nadu,Dharmapuri,Karimangalam,Cluster beans,Cluster Beans,Local,2026-09-05,2200.0,2400.0,2300.0,2300.0,quintal,2300.0,₹/quintal,True
Tamil Nadu,Dharmapuri,Karimangalam,Coconut,Coconut,Local,2026-09-05,6500.0,7000.0,6750.0,6750.0,quintal,6750.0,₹/quintal,True
Tamil Nadu,Dharmapuri,Karimangalam,Coriander(Leaves),I Sort,Local,2026-09-05,4500.0,5000.0,4750.0,4750.0,quintal,4750.0,₹/quintal,True
Tamil Nadu,Dharmapuri,Karimangalam,Cucumbar(Kheera),Cucumbar,Local,2026-09-05,4000.0,4500.0,4250.0,4250.0,quintal,4250.0,₹/quintal,True
Tamil Nadu,Dharmapuri,Karimangalam,Drumstick,Drumstick,Local,2026-09-05,2800.0,3000.0,2900.0,2900.0,quintal,2900.0,₹/quintal,True
Tamil Nadu,Dharmapuri,Karimangalam,Garlic,Garlic,Local,2026-09-05,20000.0,21000.0,20500.0,20500.0,quintal,20500.0,₹/quintal,True
Tamil Nadu,Dharmapuri,Karimangalam,Ginger(Green),Green Ginger,Local,2026-09-05,19000.0,20000.0,19500.0,19500.0,quintal,19500.0,₹/quintal,True
Tamil Nadu,Dharmapuri,Karimangalam,Green Avare(W),Other,Local,2026-09-05,4000.0,4500.0,4250.0,4250.0,quintal,4250.0,₹/quintal,True
Tamil Nadu,Dharmapuri,Karimangalam,Green Chilli,Green Chilly,Local,2026-09-05,3800.0,4000.0,3900.0,3900.0,quintal,3900.0,₹/quintal,True
Tamil Nadu,Dharmapuri,Karimangalam,Green Peas,Green Peas,Local,2026-09-05,16500.0,17000.0,16750.0,16750.0,quintal,16750.0,₹/quintal,True
Tamil Nadu,Dharmapuri,Karimangalam,Knool Khol,Knool Khol,Local,2026-09-05,4000.0,4400.0,4200.0,4200.0,quintal,4200.0,₹/quintal,True
Tamil Nadu,Dharmapuri,Karimangalam,Lemon,Lemon,Local,2026-09-05,16000.0,17000.0,16500.0,16500.0,quintal,16500.0,₹/quintal,True
Tamil Nadu,Dharmapuri,Karimangalam,Mint(Pudina),Mint(Pudina),Local,2026-09-05,5500.0,6000.0,5750.0,5750.0,quintal,5750.0,₹/quintal,True
Tamil Nadu,Dharmapuri,Karimangalam,Onion,Bellary,Local,2026-09-05,5000.0,5500.0,5250.0,5250.0,quintal,5250.0,₹/quintal,True
Tamil Nadu,Dharmapuri,Karimangalam,Onion Green,Onion Green,Local,2026-09-05,7000.0,7500.0,7250.0,7250.0,quintal,7250.0,₹/quintal,True
Tamil Nadu,Dharmapuri,Karimangalam,Papaya,Papaya,Local,2026-09-05,3300.0,3500.0,3400.0,3400.0,quintal,3400.0,₹/quintal,True
Tamil Nadu,Dharmapuri,Karimangalam,Potato,Other,Local,2026-09-05,2600.0,2800.0,2700.0,2700.0,quintal,2700.0,₹/quintal,True
Tamil Nadu,Dharmapuri,Karimangalam,Pumpkin,Pumpkin,Local,2026-09-05,1800.0,2000.0,1900.0,1900.0,quintal,1900.0,₹/quintal,True
Tamil Nadu,Dharmapuri,Karimangalam,Raddish,Raddish,Local,2026-09-05,1200.0,1500.0,1350.0,1350.0,quintal,1350.0,₹/quintal,True
Tamil Nadu,Dharmapuri,Karimangalam,Ridgeguard(Tori),Ridgeguard(Tori),Local,2026-09-05,3800.0,4000.0,3900.0,3900.0,quintal,3900.0,₹/quintal,True
Tamil Nadu,Dharmapuri,Karimangalam,Snakeguard,Snakeguard,Local,2026-09-05,2800.0,3000.0,2900.0,2900.0,quintal,2900.0,₹/quintal,True
Tamil Nadu,Dharmapuri,Karimangalam,Tapioca,Tapioca,Local,2026-09-05,2800.0,3000.0,2900.0,2900.0,quintal,2900.0,₹/quintal,True
Tamil Nadu,Dharmapuri,Karimangalam,Thondekai,Thondekai,Local,2026-09-05,5000.0,5500.0,5250.0,5250.0,quintal,5250.0,₹/quintal,True
Tamil Nadu,Dharmapuri,Karimangalam,Tomato,Local,Local,2026-09-05,2300.0,2500.0,2400.0,2400.0,quintal,2400.0,₹/quintal,True
Tamil Nadu,Dharmapuri,Palacode,Amaranthus,Amaranthus,Local,2026-09-05,2000.0,2500.0,2250.0,2250.0,quintal,2250.0,₹/quintal,True
Tamil Nadu,Dharmapuri,Palacode,Amla(Nelli Kai),Amla,Local,2026-09-05,9000.0,9500.0,9250.0,9250.0,quintal,9250.0,₹/quintal,True
Tamil Nadu,Dharmapuri,Palacode,Ashgourd,Gouard,Local,2026-09-05,1800.0,2000.0,1900.0,1900.0,quintal,1900.0,₹/quintal,True
Tamil Nadu,Dharmapuri,Palacode,Banana,Poovan,Local,2026-09-05,5000.0,5500.0,5250.0,5250.0,quintal,5250.0,₹/quintal,True
Tamil Nadu,Dharmapuri,Palacode,Banana - Green,Banana - Green,Local,2026-09-05,2000.0,2500.0,2250.0,2250.0,quintal,2250.0,₹/quintal,True
Tamil Nadu,Dharmapuri,Palacode,Beans,Beans (Whole),Local,2026-09-05,9000.0,9500.0,9250.0,9250.0,quintal,9250.0,₹/quintal,True
Tamil Nadu,Dharmapuri,Palacode,Beetroot,Beetroot,Local,2026-09-05,5000.0,5500.0,5250.0,5250.0,quintal,5250.0,₹/quintal,True
Tamil Nadu,Dharmapuri,Palacode,Bhindi(Ladies Finger),Bhindi,Local,2026-09-05,2200.0,2500.0,2350.0,2350.0,quintal,2350.0,₹/quintal,True
Tamil Nadu,Dharmapuri,Palacode,Bitter gourd,Other,Local,2026-09-05,3400.0,3600.0,3500.0,3500.0,quintal,3500.0,₹/quintal,True
Tamil Nadu,Dharmapuri,Palacode,Bottle gourd,Bottle Gourd,Local,2026-09-05,1500.0,1800.0,1650.0,1650.0,quintal,1650.0,₹/quintal,True
Tamil Nadu,Dharmapuri,Palacode,Brinjal,Other,Local,2026-09-05,2500.0,3000.0,2750.0,2750.0,quintal,2750.0,₹/quintal,True
Tamil Nadu,Dharmapuri,Palacode,Cabbage,Cabbage,Local,2026-09-05,2800.0,3000.0,2900.0,2900.0,quintal,2900.0,₹/quintal,True
Tamil Nadu,Dharmapuri,Palacode,Capsicum,Capsicum,Local,2026-09-05,7800.0,8000.0,7900.0,7900.0,quintal,7900.0,₹/quintal,True
Tamil Nadu,Dharmapuri,Palacode,Carrot,Pusakesar,Local,2026-09-05,6000.0,6400.0,6200.0,6200.0,quintal,6200.0,₹/quintal,True
Tamil Nadu,Dharmapuri,Palacode,Cauliflower,Ranchi,Local,2026-09-05,3000.0,3500.0,3250.0,3250.0,quintal,3250.0,₹/quintal,True
Tamil Nadu,Dharmapuri,Palacode,Chow Chow,Chow Chow,Local,2026-09-05,4500.0,4800.0,4650.0,4650.0,quintal,4650.0,₹/quintal,True
Tamil Nadu,Dharmapuri,Palacode,Cluster beans,Cluster Beans,Local,2026-09-05,3000.0,3400.0,3200.0,3200.0,quintal,3200.0,₹/quintal,True
Tamil Nadu,Dharmapuri,Palacode,Coconut,Coconut,Local,2026-09-05,6000.0,6500.0,6250.0,6250.0,quintal,6250.0,₹/quintal,True
Tamil Nadu,Dharmapuri,Palacode,Coriander(Leaves),I Sort,Local,2026-09-05,4600.0,5000.0,4800.0,4800.0,quintal,4800.0,₹/quintal,True
Tamil Nadu,Dharmapuri,Palacode,Cucumbar(Kheera),Cucumbar,Local,2026-09-05,3800.0,4000.0,3900.0,3900.0,quintal,3900.0,₹/quintal,True
Tamil Nadu,Dharmapuri,Palacode,Drumstick,Drumstick,Local,2026-09-05,2200.0,2500.0,2350.0,2350.0,quintal,2350.0,₹/quintal,True
Tamil Nadu,Dharmapuri,Palacode,Elephant Yam(Suran)/Amorphophallus,Elephant Yam (Suran),Local,2026-09-05,5000.0,5500.0,5250.0,5250.0,quintal,5250.0,₹/quintal,True
Tamil Nadu,Dharmapuri,Palacode,Garlic,Garlic,Local,2026-09-05,19500.0,20000.0,19750.0,19750.0,quintal,19750.0,₹/quintal,True
Tamil Nadu,Dharmapuri,Palacode,Ginger(Green),Green Ginger,Local,2026-09-05,19600.0,20000.0,19800.0,19800.0,quintal,19800.0,₹/quintal,True
Tamil Nadu,Dharmapuri,Palacode,Green Avare(W),Green Avare (W),Local,2026-09-05,4500.0,5000.0,4750.0,4750.0,quintal,4750.0,₹/quintal,True
Tamil Nadu,Dharmapuri,Palacode,Green Chilli,Green Chilly,Local,2026-09-05,3800.0,4000.0,3900.0,3900.0,quintal,3900.0,₹/quintal,True
Tamil Nadu,Dharmapuri,Palacode,Groundnut,Big (With Shell),Local,2026-09-05,6600.0,7000.0,6800.0,6800.0,quintal,6800.0,₹/quintal,True
Tamil Nadu,Dharmapuri,Palacode,Guava,Guava Allahabad,Local,2026-09-05,6000.0,6500.0,6250.0,6250.0,quintal,6250.0,₹/quintal,True
Tamil Nadu,Dharmapuri,Palacode,Indian Beans(Seam),Indian Beans (Seam),Local,2026-09-05,5600.0,6000.0,5800.0,5800.0,quintal,5800.0,₹/quintal,True
Tamil Nadu,Dharmapuri,Palacode,Knool Khol,Knool Khol,Local,2026-09-05,4200.0,4400.0,4300.0,4300.0,quintal,4300.0,₹/quintal,True
Tamil Nadu,Dharmapuri,Palacode,Lemon,Lemon,Local,2026-09-05,21500.0,22000.0,21750.0,21750.0,quintal,21750.0,₹/quintal,True
Tamil Nadu,Dharmapuri,Palacode,Lime,Lime,Local,2026-09-05,4200.0,4500.0,4350.0,4350.0,quintal,4350.0,₹/quintal,True
Tamil Nadu,Dharmapuri,Palacode,Mint(Pudina),Mint(Pudina),Local,2026-09-05,5000.0,5500.0,5250.0,5250.0,quintal,5250.0,₹/quintal,True
Tamil Nadu,Dharmapuri,Palacode,Onion,Bellary,Local,2026-09-05,5600.0,6000.0,5800.0,5800.0,quintal,5800.0,₹/quintal,True
Tamil Nadu,Dharmapuri,Palacode,Onion Green,Onion Green,Local,2026-09-05,6200.0,6500.0,6350.0,6350.0,quintal,6350.0,₹/quintal,True
Tamil Nadu,Dharmapuri,Palacode,Papaya,Papaya,Local,2026-09-05,3000.0,3500.0,3250.0,3250.0,quintal,3250.0,₹/quintal,True
Tamil Nadu,Dharmapuri,Palacode,Potato,Other,Local,2026-09-05,2800.0,3000.0,2900.0,2900.0,quintal,2900.0,₹/quintal,True
Tamil Nadu,Dharmapuri,Palacode,Pumpkin,Pumpkin,Local,2026-09-05,1800.0,2000.0,1900.0,1900.0,quintal,1900.0,₹/quintal,True
Tamil Nadu,Dharmapuri,Palacode,Raddish,Raddish,Local,2026-09-05,1200.0,1400.0,1300.0,1300.0,quintal,1300.0,₹/quintal,True
Tamil Nadu,Dharmapuri,Palacode,Ridgeguard(Tori),Ridgeguard(Tori),Local,2026-09-05,3400.0,3600.0,3500.0,3500.0,quintal,3500.0,₹/quintal,True
Tamil Nadu,Dharmapuri,Palacode,Snakeguard,Snakeguard,Local,2026-09-05,2400.0,2600.0,2500.0,2500.0,quintal,2500.0,₹/quintal,True
Tamil Nadu,Dharmapuri,Palacode,Sweet Corn ,Sweet Corn ,Local,2026-09-05,2800.0,3000.0,2900.0,2900.0,quintal,2900.0,₹/quintal,True
Tamil Nadu,Dharmapuri,Palacode,Tamarind Fruit,Tamarind Fruit,Local,2026-09-05,11000.0,11500.0,11250.0,11250.0,quintal,11250.0,₹/quintal,True
Tamil Nadu,Dharmapuri,Palacode,Thondekai,Thondekai,Local,2026-09-05,4200.0,4500.0,4350.0,4350.0,quintal,4350.0,₹/quintal,True
Tamil Nadu,Dharmapuri,Palacode,Tomato,Local,Local,2026-09-05,2400.0,2600.0,2500.0,2500.0,quintal,2500.0,₹/quintal,True
Tamil Nadu,Dharmapuri,Pennagaram,Amaranthus,Amaranthus,Local,2026-09-05,2300.0,2500.0,2400.0,2400.0,quintal,2400.0,₹/quintal,True
Tamil Nadu,Dharmapuri,Pennagaram,Baby Corn,Baby Corn,Grade A,2026-09-05,1800.0,2000.0,1900.0,1900.0,quintal,1900.0,₹/quintal,True
Tamil Nadu,Dharmapuri,Pennagaram,Banana,Karpura,Local,2026-09-05,4800.0,5000.0,4900.0,4900.0,quintal,4900.0,₹/quintal,True
Tamil Nadu,Dharmapuri,Pennagaram,Banana - Green,Banana - Green,Local,2026-09-05,2700.0,3000.0,2850.0,2850.0,quintal,2850.0,₹/quintal,True
Tamil Nadu,Dharmapuri,Pennagaram,Beans,Beans (Whole),Local,2026-09-05,7500.0,8000.0,7750.0,7750.0,quintal,7750.0,₹/quintal,True
Tamil Nadu,Dharmapuri,Pennagaram,Beetroot,Beetroot,Local,2026-09-05,5300.0,5500.0,5400.0,5400.0,quintal,5400.0,₹/quintal,True
Tamil Nadu,Dharmapuri,Pennagaram,Bhindi(Ladies Finger),Bhindi,Local,2026-09-05,2700.0,3000.0,2850.0,2850.0,quintal,2850.0,₹/quintal,True
Tamil Nadu,Dharmapuri,Pennagaram,Bitter gourd,Bitter Gourd,Local,2026-09-05,4800.0,5000.0,4900.0,4900.0,quintal,4900.0,₹/quintal,True
Tamil Nadu,Dharmapuri,Pennagaram,Bottle gourd,Bottle Gourd,Local,2026-09-05,2200.0,2400.0,2300.0,2300.0,quintal,2300.0,₹/quintal,True
Tamil Nadu,Dharmapuri,Pennagaram,Brinjal,Other,Local,2026-09-05,2800.0,3000.0,2900.0,2900.0,quintal,2900.0,₹/quintal,True
Tamil Nadu,Dharmapuri,Pennagaram,Cabbage,Cabbage,Local,2026-09-05,3800.0,4000.0,3900.0,3900.0,quintal,3900.0,₹/quintal,True
Tamil Nadu,Dharmapuri,Pennagaram,Capsicum,Capsicum,Local,2026-09-05,6800.0,7000.0,6900.0,6900.0,quintal,6900.0,₹/quintal,True
Tamil Nadu,Dharmapuri,Pennagaram,Carrot,Pusakesar,Local,2026-09-05,7000.0,7500.0,7250.0,7250.0,quintal,7250.0,₹/quintal,True
Tamil Nadu,Dharmapuri,Pennagaram,Cauliflower,Ranchi,Local,2026-09-05,2700.0,3000.0,2850.0,2850.0,quintal,2850.0,₹/quintal,True
Tamil Nadu,Dharmapuri,Pennagaram,Chow Chow,Chow Chow,Local,2026-09-05,4800.0,5000.0,4900.0,4900.0,quintal,4900.0,₹/quintal,True
Tamil Nadu,Dharmapuri,Pennagaram,Cluster beans,Cluster Beans,Local,2026-09-05,3800.0,4000.0,3900.0,3900.0,quintal,3900.0,₹/quintal,True
Tamil Nadu,Dharmapuri,Pennagaram,Coconut,Coconut,Local,2026-09-05,5800.0,6000.0,5900.0,5900.0,quintal,5900.0,₹/quintal,True
Tamil Nadu,Dharmapuri,Pennagaram,Coriander(Leaves),I Sort,Local,2026-09-05,5800.0,6000.0,5900.0,5900.0,quintal,5900.0,₹/quintal,True
Tamil Nadu,Dharmapuri,Pennagaram,Cowpea(Veg),Cowpea (Veg),Local,2026-09-05,5800.0,6000.0,5900.0,5900.0,quintal,5900.0,₹/quintal,True
Tamil Nadu,Dharmapuri,Pennagaram,Cucumbar(Kheera),Cucumbar,Local,2026-09-05,3800.0,4000.0,3900.0,3900.0,quintal,3900.0,₹/quintal,True
Tamil Nadu,Dharmapuri,Pennagaram,Drumstick,Drumstick,Local,2026-09-05,2700.0,3000.0,2850.0,2850.0,quintal,2850.0,₹/quintal,True
Tamil Nadu,Dharmapuri,Pennagaram,Garlic,Garlic,Local,2026-09-05,21500.0,22000.0,21750.0,21750.0,quintal,21750.0,₹/quintal,True
Tamil Nadu,Dharmapuri,Pennagaram,Ginger(Green),Green Ginger,Local,2026-09-05,21500.0,22000.0,21750.0,21750.0,quintal,21750.0,₹/quintal,True
Tamil Nadu,Dharmapuri,Pennagaram,Green Avare(W),Green Avare (W),Local,2026-09-05,6500.0,7000.0,6750.0,6750.0,quintal,6750.0,₹/quintal,True
Tamil Nadu,Dharmapuri,Pennagaram,Green Chilli,Green Chilly,Local,2026-09-05,4800.0,5000.0,4900.0,4900.0,quintal,4900.0,₹/quintal,True
Tamil Nadu,Dharmapuri,Pennagaram,Groundnut,Big (With Shell),Local,2026-09-05,6300.0,6500.0,6400.0,6400.0,quintal,6400.0,₹/quintal,True
Tamil Nadu,Dharmapuri,Pennagaram,Guava,Guava Allahabad,Local,2026-09-05,5800.0,6000.0,5900.0,5900.0,quintal,5900.0,₹/quintal,True
Tamil Nadu,Dharmapuri,Pennagaram,Knool Khol,Knool Khol,Local,2026-09-05,4800.0,5000.0,4900.0,4900.0,quintal,4900.0,₹/quintal,True
Tamil Nadu,Dharmapuri,Pennagaram,Lemon,Lemon,Local,2026-09-05,19500.0,20000.0,19750.0,19750.0,quintal,19750.0,₹/quintal,True
Tamil Nadu,Dharmapuri,Pennagaram,Mint(Pudina),Mint(Pudina),Local,2026-09-05,4800.0,5000.0,4900.0,4900.0,quintal,4900.0,₹/quintal,True
Tamil Nadu,Dharmapuri,Pennagaram,Onion,Bellary,Local,2026-09-05,5800.0,6000.0,5900.0,5900.0,quintal,5900.0,₹/quintal,True
Tamil Nadu,Dharmapuri,Pennagaram,Onion Green,Onion Green,Local,2026-09-05,6300.0,6500.0,6400.0,6400.0,quintal,6400.0,₹/quintal,True
Tamil Nadu,Dharmapuri,Pennagaram,Papaya,Papaya,Local,2026-09-05,3300.0,3500.0,3400.0,3400.0,quintal,3400.0,₹/quintal,True
Tamil Nadu,Dharmapuri,Pennagaram,Potato,Other,Local,2026-09-05,3300.0,3500.0,3400.0,3400.0,quintal,3400.0,₹/quintal,True
Tamil Nadu,Dharmapuri,Pennagaram,Pumpkin,Pumpkin,Local,2026-09-05,1800.0,2000.0,1900.0,1900.0,quintal,1900.0,₹/quintal,True
Tamil Nadu,Dharmapuri,Pennagaram,Raddish,Raddish,Local,2026-09-05,2300.0,2500.0,2400.0,2400.0,quintal,2400.0,₹/quintal,True
Tamil Nadu,Dharmapuri,Pennagaram,Ridgeguard(Tori),Ridgeguard(Tori),Local,2026-09-05,3300.0,3500.0,3400.0,3400.0,quintal,3400.0,₹/quintal,True
Tamil Nadu,Dharmapuri,Pennagaram,Snakeguard,Snakeguard,Local,2026-09-05,2700.0,3000.0,2850.0,2850.0,quintal,2850.0,₹/quintal,True
Tamil Nadu,Dharmapuri,Pennagaram,Sweet Potato,Hosur Red,Local,2026-09-05,2700.0,3000.0,2850.0,2850.0,quintal,2850.0,₹/quintal,True
Tamil Nadu,Dharmapuri,Pennagaram,Tapioca,Tapioca,Local,2026-09-05,2700.0,3000.0,2850.0,2850.0,quintal,2850.0,₹/quintal,True
Tamil Nadu,Dharmapuri,Pennagaram,Tomato,Local,Local,2026-09-05,2300.0,2500.0,2400.0,2400.0,quintal,2400.0,₹/quintal,True
Tamil Nadu,Dindigul,Chinnalapatti,Amaranthus,Amaranthus,Local,2026-09-05,2500.0,3000.0,2750.0,2750.0,quintal,2750.0,₹/quintal,True
Tamil Nadu,Dindigul,Chinnalapatti,Banana,Besrai,Local,2026-09-05,6000.0,7000.0,6500.0,6500.0,quintal,6500.0,₹/quintal,True
Tamil Nadu,Dindigul,Chinnalapatti,Banana - Green,Banana - Green,Local,2026-09-05,2800.0,3000.0,2900.0,2900.0,quintal,2900.0,₹/quintal,True
Tamil Nadu,Dindigul,Chinnalapatti,Beans,Beans (Whole),Local,2026-09-05,7600.0,8000.0,7800.0,7800.0,quintal,7800.0,₹/quintal,True
Tamil Nadu,Dindigul,Chinnalapatti,Beetroot,Beetroot,Local,2026-09-05,6000.0,8000.0,7000.0,7000.0,quintal,7000.0,₹/quintal,True
Tamil Nadu,Dindigul,Chinnalapatti,Bhindi(Ladies Finger),Bhindi,Local,2026-09-05,3600.0,4000.0,3800.0,3800.0,quintal,3800.0,₹/quintal,True
Tamil Nadu,Dindigul,Chinnalapatti,Bitter gourd,Other,Local,2026-09-05,6000.0,7000.0,6500.0,6500.0,quintal,6500.0,₹/quintal,True
Tamil Nadu,Dindigul,Chinnalapatti,Bottle gourd,Bottle Gourd,Local,2026-09-05,2500.0,3000.0,2750.0,2750.0,quintal,2750.0,₹/quintal,True
Tamil Nadu,Dindigul,Chinnalapatti,Brinjal,Other,Local,2026-09-05,5000.0,7000.0,6000.0,6000.0,quintal,6000.0,₹/quintal,True
Tamil Nadu,Dindigul,Chinnalapatti,Cabbage,Cabbage,Local,2026-09-05,3600.0,4000.0,3800.0,3800.0,quintal,3800.0,₹/quintal,True
Tamil Nadu,Dindigul,Chinnalapatti,Carrot,Pusakesar,Local,2026-09-05,6000.0,8000.0,7000.0,7000.0,quintal,7000.0,₹/quintal,True
Tamil Nadu,Dindigul,Chinnalapatti,Cauliflower,Ranchi,Local,2026-09-05,4000.0,5000.0,4500.0,4500.0,quintal,4500.0,₹/quintal,True
Tamil Nadu,Dindigul,Chinnalapatti,Chow Chow,Chow Chow,Local,2026-09-05,3600.0,4000.0,3800.0,3800.0,quintal,3800.0,₹/quintal,True
Tamil Nadu,Dindigul,Chinnalapatti,Cluster beans,Cluster Beans,Local,2026-09-05,3600.0,4000.0,3800.0,3800.0,quintal,3800.0,₹/quintal,True
Tamil Nadu,Dindigul,Chinnalapatti,Coconut,Coconut,Local,2026-09-05,6000.0,6500.0,6250.0,6250.0,quintal,6250.0,₹/quintal,True
Tamil Nadu,Dindigul,Chinnalapatti,Coriander(Leaves),I Sort,Local,2026-09-05,2500.0,3000.0,2750.0,2750.0,quintal,2750.0,₹/quintal,True
Tamil Nadu,Dindigul,Chinnalapatti,Drumstick,Drumstick,Local,2026-09-05,3500.0,4000.0,3750.0,3750.0,quintal,3750.0,₹/quintal,True
Tamil Nadu,Dindigul,Chinnalapatti,Elephant Yam(Suran)/Amorphophallus,Elephant Yam (Suran),Local,2026-09-05,5600.0,6000.0,5800.0,5800.0,quintal,5800.0,₹/quintal,True
Tamil Nadu,Dindigul,Chinnalapatti,Ginger(Green),Green Ginger,Local,2026-09-05,15000.0,18000.0,16500.0,16500.0,quintal,16500.0,₹/quintal,True
Tamil Nadu,Dindigul,Chinnalapatti,Green Avare(W),Other,Local,2026-09-05,7000.0,8000.0,7500.0,7500.0,quintal,7500.0,₹/quintal,True
Tamil Nadu,Dindigul,Chinnalapatti,Green Chilli,Green Chilly,Local,2026-09-05,5000.0,6000.0,5500.0,5500.0,quintal,5500.0,₹/quintal,True
Tamil Nadu,Dindigul,Chinnalapatti,Indian Beans(Seam),Indian Beans (Seam),Local,2026-09-05,6600.0,7000.0,6800.0,6800.0,quintal,6800.0,₹/quintal,True
Tamil Nadu,Dindigul,Chinnalapatti,Mint(Pudina),Mint(Pudina),Local,2026-09-05,2500.0,3000.0,2750.0,2750.0,quintal,2750.0,₹/quintal,True
Tamil Nadu,Dindigul,Chinnalapatti,Onion,Bellary,Local,2026-09-05,6000.0,6500.0,6250.0,6250.0,quintal,6250.0,₹/quintal,True
Tamil Nadu,Dindigul,Chinnalapatti,Onion Green,Onion Green,Local,2026-09-05,6500.0,7500.0,7000.0,7000.0,quintal,7000.0,₹/quintal,True
Tamil Nadu,Dindigul,Chinnalapatti,Papaya,Papaya,Local,2026-09-05,4000.0,4500.0,4250.0,4250.0,quintal,4250.0,₹/quintal,True
Tamil Nadu,Dindigul,Chinnalapatti,Potato,Red Nanital,Local,2026-09-05,4000.0,6000.0,5000.0,5000.0,quintal,5000.0,₹/quintal,True
Tamil Nadu,Dindigul,Chinnalapatti,Pumpkin,Pumpkin,Local,2026-09-05,1600.0,2000.0,1800.0,1800.0,quintal,1800.0,₹/quintal,True
Tamil Nadu,Dindigul,Chinnalapatti,Raddish,Raddish,Local,2026-09-05,3600.0,4000.0,3800.0,3800.0,quintal,3800.0,₹/quintal,True
Tamil Nadu,Dindigul,Chinnalapatti,Ridgeguard(Tori),Ridgeguard(Tori),Local,2026-09-05,6000.0,7000.0,6500.0,6500.0,quintal,6500.0,₹/quintal,True
Tamil Nadu,Dindigul,Chinnalapatti,Snakeguard,Snakeguard,Local,2026-09-05,4000.0,6000.0,5000.0,5000.0,quintal,5000.0,₹/quintal,True
Tamil Nadu,Dindigul,Chinnalapatti,Thondekai,Thondekai,Local,2026-09-05,3600.0,4000.0,3800.0,3800.0,quintal,3800.0,₹/quintal,True
Tamil Nadu,Dindigul,Chinnalapatti,Tomato,Deshi,Local,2026-09-05,2500.0,3000.0,2750.0,2750.0,quintal,2750.0,₹/quintal,True
Tamil Nadu,Dindigul,Chinnalapatti,Yam(Ratalu),Yam (Ratalu),Local,2026-09-05,8000.0,9000.0,8500.0,8500.0,quintal,8500.0,₹/quintal,True
Tamil Nadu,Dindigul,Dindigul,Amaranthus,Amaranthus,Local,2026-09-05,2500.0,3000.0,2750.0,2750.0,quintal,2750.0,₹/quintal,True
Tamil Nadu,Dindigul,Dindigul,Amla(Nelli Kai),Amla,Local,2026-09-05,5000.0,6000.0,5500.0,5500.0,quintal,5500.0,₹/quintal,True
Tamil Nadu,Dindigul,Dindigul,Ashgourd,Gouard,Local,2026-09-05,2500.0,3000.0,2750.0,2750.0,quintal,2750.0,₹/quintal,True
Tamil Nadu,Dindigul,Dindigul,Banana,Red Banana,Local,2026-09-05,8000.0,9000.0,8500.0,8500.0,quintal,8500.0,₹/quintal,True
Tamil Nadu,Dindigul,Dindigul,Banana - Green,Banana - Green,Local,2026-09-05,1500.0,2000.0,1750.0,1750.0,quintal,1750.0,₹/quintal,True
Tamil Nadu,Dindigul,Dindigul,Beans,Beans (Whole),Local,2026-09-05,7000.0,8000.0,7500.0,7500.0,quintal,7500.0,₹/quintal,True
Tamil Nadu,Dindigul,Dindigul,Beetroot,Beetroot,Local,2026-09-05,7000.0,8000.0,7500.0,7500.0,quintal,7500.0,₹/quintal,True
Tamil Nadu,Dindigul,Dindigul,Bhindi(Ladies Finger),Bhindi,Local,2026-09-05,3000.0,4000.0,3500.0,3500.0,quintal,3500.0,₹/quintal,True
Tamil Nadu,Dindigul,Dindigul,Bitter gourd,Other,Local,2026-09-05,6000.0,7000.0,6500.0,6500.0,quintal,6500.0,₹/quintal,True
Tamil Nadu,Dindigul,Dindigul,Bottle gourd,Bottle Gourd,Local,2026-09-05,2500.0,3000.0,2750.0,2750.0,quintal,2750.0,₹/quintal,True
Tamil Nadu,Dindigul,Dindigul,Brinjal,Other,Local,2026-09-05,6000.0,7000.0,6500.0,6500.0,quintal,6500.0,₹/quintal,True
Tamil Nadu,Dindigul,Dindigul,Cabbage,Cabbage,Local,2026-09-05,3000.0,4000.0,3500.0,3500.0,quintal,3500.0,₹/quintal,True
Tamil Nadu,Dindigul,Dindigul,Capsicum,Capsicum,Local,2026-09-05,7000.0,8000.0,7500.0,7500.0,quintal,7500.0,₹/quintal,True
Tamil Nadu,Dindigul,Dindigul,Carrot,Pusakesar,Local,2026-09-05,7000.0,8000.0,7500.0,7500.0,quintal,7500.0,₹/quintal,True
Tamil Nadu,Dindigul,Dindigul,Cauliflower,Ranchi,Local,2026-09-05,4000.0,5000.0,4500.0,4500.0,quintal,4500.0,₹/quintal,True
Tamil Nadu,Dindigul,Dindigul,Chow Chow,Chow Chow,Local,2026-09-05,3000.0,4000.0,3500.0,3500.0,quintal,3500.0,₹/quintal,True
Tamil Nadu,Dindigul,Dindigul,Cluster beans,Cluster Beans,Local,2026-09-05,3000.0,4000.0,3500.0,3500.0,quintal,3500.0,₹/quintal,True
Tamil Nadu,Dindigul,Dindigul,Coconut,Coconut,Local,2026-09-05,6000.0,6500.0,6250.0,6250.0,quintal,6250.0,₹/quintal,True
Tamil Nadu,Dindigul,Dindigul,Colacasia,Colacasia,Local,2026-09-05,5000.0,6000.0,5500.0,5500.0,quintal,5500.0,₹/quintal,True
Tamil Nadu,Dindigul,Dindigul,Coriander(Leaves),I Sort,Local,2026-09-05,2500.0,3000.0,2750.0,2750.0,quintal,2750.0,₹/quintal,True
Tamil Nadu,Dindigul,Dindigul,Cowpea(Veg),Cowpea (Veg),Local,2026-09-05,3000.0,4000.0,3500.0,3500.0,quintal,3500.0,₹/quintal,True
Tamil Nadu,Dindigul,Dindigul,Drumstick,Drumstick,Local,2026-09-05,3000.0,4000.0,3500.0,3500.0,quintal,3500.0,₹/quintal,True
Tamil Nadu,Dindigul,Dindigul,Elephant Yam(Suran)/Amorphophallus,Elephant Yam (Suran),Local,2026-09-05,5000.0,6000.0,5500.0,5500.0,quintal,5500.0,₹/quintal,True
Tamil Nadu,Dindigul,Dindigul,Garlic,Garlic,Local,2026-09-05,25000.0,28000.0,26500.0,26500.0,quintal,26500.0,₹/quintal,True
Tamil Nadu,Dindigul,Dindigul,Ginger(Green),Green Ginger,Local,2026-09-05,17000.0,18000.0,17500.0,17500.0,quintal,17500.0,₹/quintal,True
Tamil Nadu,Dindigul,Dindigul,Green Avare(W),Other,Local,2026-09-05,7000.0,8000.0,7500.0,7500.0,quintal,7500.0,₹/quintal,True
Tamil Nadu,Dindigul,Dindigul,Green Chilli,Green Chilly,Local,2026-09-05,5000.0,6000.0,5500.0,5500.0,quintal,5500.0,₹/quintal,True
Tamil Nadu,Dindigul,Dindigul,Green Peas,Green Peas,Local,2026-09-05,14000.0,15000.0,14500.0,14500.0,quintal,14500.0,₹/quintal,True
Tamil Nadu,Dindigul,Dindigul,Groundnut,Big (With Shell),Local,2026-09-05,7000.0,8000.0,7500.0,7500.0,quintal,7500.0,₹/quintal,True
Tamil Nadu,Dindigul,Dindigul,Guava,Guava Allahabad,Local,2026-09-05,5000.0,6000.0,5500.0,5500.0,quintal,5500.0,₹/quintal,True
Tamil Nadu,Dindigul,Dindigul,Indian Beans(Seam),Indian Beans (Seam),Local,2026-09-05,7000.0,8000.0,7500.0,7500.0,quintal,7500.0,₹/quintal,True
Tamil Nadu,Dindigul,Dindigul,Knool Khol,Knool Khol,Local,2026-09-05,4000.0,5000.0,4500.0,4500.0,quintal,4500.0,₹/quintal,True
Tamil Nadu,Dindigul,Dindigul,Lemon,Lemon,Local,2026-09-05,9000.0,10000.0,9500.0,9500.0,quintal,9500.0,₹/quintal,True
Tamil Nadu,Dindigul,Dindigul,Lime,Lime,Local,2026-09-05,13000.0,14000.0,13500.0,13500.0,quintal,13500.0,₹/quintal,True
Tamil Nadu,Dindigul,Dindigul,Mashrooms,Mashrooms,Local,2026-09-05,20000.0,22500.0,21250.0,21250.0,quintal,21250.0,₹/quintal,True
Tamil Nadu,Dindigul,Dindigul,Mint(Pudina),Mint(Pudina),Local,2026-09-05,3000.0,3500.0,3250.0,3250.0,quintal,3250.0,₹/quintal,True
Tamil Nadu,Dindigul,Dindigul,Onion,Bellary,Local,2026-09-05,6000.0,6500.0,6250.0,6250.0,quintal,6250.0,₹/quintal,True
Tamil Nadu,Dindigul,Dindigul,Onion Green,Onion Green,Local,2026-09-05,7000.0,7500.0,7250.0,7250.0,quintal,7250.0,₹/quintal,True
Tamil Nadu,Dindigul,Dindigul,Papaya,Papaya,Local,2026-09-05,4000.0,4500.0,4250.0,4250.0,quintal,4250.0,₹/quintal,True
Tamil Nadu,Dindigul,Dindigul,Potato,Other,Local,2026-09-05,5000.0,6000.0,5500.0,5500.0,quintal,5500.0,₹/quintal,True
Tamil Nadu,Dindigul,Dindigul,Pumpkin,Pumpkin,Local,2026-09-05,1500.0,2000.0,1750.0,1750.0,quintal,1750.0,₹/quintal,True
Tamil Nadu,Dindigul,Dindigul,Raddish,Raddish,Local,2026-09-05,3000.0,4000.0,3500.0,3500.0,quintal,3500.0,₹/quintal,True
Tamil Nadu,Dindigul,Dindigul,Ridgeguard(Tori),Ridgeguard(Tori),Local,2026-09-05,6000.0,7000.0,6500.0,6500.0,quintal,6500.0,₹/quintal,True
Tamil Nadu,Dindigul,Dindigul,Snakeguard,Snakeguard,Local,2026-09-05,5000.0,6000.0,5500.0,5500.0,quintal,5500.0,₹/quintal,True
Tamil Nadu,Dindigul,Dindigul,Sweet Potato,Hosur Red,Local,2026-09-05,5000.0,6000.0,5500.0,5500.0,quintal,5500.0,₹/quintal,True
Tamil Nadu,Dindigul,Dindigul,Tamarind Fruit,Tamarind Fruit,Local,2026-09-05,14000.0,15000.0,14500.0,14500.0,quintal,14500.0,₹/quintal,True
Tamil Nadu,Dindigul,Dindigul,Tapioca,Tapioca,Local,2026-09-05,3000.0,4000.0,3500.0,3500.0,quintal,3500.0,₹/quintal,True
Tamil Nadu,Dindigul,Dindigul,Thondekai,Thondekai,Local,2026-09-05,3000.0,4000.0,3500.0,3500.0,quintal,3500.0,₹/quintal,True
Tamil Nadu,Dindigul,Dindigul,Tomato,Deshi,Local,2026-09-05,2500.0,3000.0,2750.0,2750.0,quintal,2750.0,₹/quintal,True
Tamil Nadu,Dindigul,Dindigul,Yam(Ratalu),Yam (Ratalu),Local,2026-09-05,9000.0,10000.0,9500.0,9500.0,quintal,9500.0,₹/quintal,True
Tamil Nadu,Dindigul,Palani,Ashgourd,Gouard,Local,2026-09-05,1500.0,2000.0,1750.0,1750.0,quintal,1750.0,₹/quintal,True
Tamil Nadu,Dindigul,Palani,Green Avare(W),Green Avare (W),Local,2026-09-05,6000.0,7000.0,6500.0,6500.0,quintal,6500.0,₹/quintal,True
Tamil Nadu,Dindigul,Vedasanthur,Bottle gourd,Bottle Gourd,Local,2026-09-05,1000.0,1200.0,1100.0,1100.0,quintal,1100.0,₹/quintal,True
Tamil Nadu,Dindigul,Vedasanthur,Brinjal,Round,Local,2026-09-05,5000.0,6000.0,5500.0,5500.0,quintal,5500.0,₹/quintal,True
Tamil Nadu,Dindigul,Vedasanthur,Coconut,Coconut,Local,2026-09-05,4000.0,5000.0,4500.0,4500.0,quintal,4500.0,₹/quintal,True
Tamil Nadu,Dindigul,Vedasanthur,Onion,Bellary,Local,2026-09-05,5000.0,6000.0,5500.0,5500.0,quintal,5500.0,₹/quintal,True
Tamil Nadu,Dindigul,Vedasanthur,Pumpkin,Pumpkin,Local,2026-09-05,1200.0,1600.0,1400.0,1400.0,quintal,1400.0,₹/quintal,True
Tamil Nadu,Dindigul,Vedasanthur,Tomato,Deshi,Local,2026-09-05,2000.0,2400.0,2200.0,2200.0,quintal,2200.0,₹/quintal,True
Tamil Nadu,Erode,Gobichettipalayam,Amaranthus,Amaranthus,Local,2026-09-05,4000.0,4400.0,4200.0,4200.0,quintal,4200.0,₹/quintal,True
Tamil Nadu,Erode,Gobichettipalayam,Ashgourd,Gouard,Local,2026-09-05,3000.0,3400.0,3200.0,3200.0,quintal,3200.0,₹/quintal,True
Tamil Nadu,Erode,Gobichettipalayam,Banana,Besrai,Local,2026-09-05,4500.0,4800.0,4650.0,4650.0,quintal,4650.0,₹/quintal,True
Tamil Nadu,Erode,Gobichettipalayam,Banana - Green,Banana - Green,Local,2026-09-05,2600.0,3000.0,2800.0,2800.0,quintal,2800.0,₹/quintal,True
Tamil Nadu,Erode,Gobichettipalayam,Beans,Beans (Whole),Local,2026-09-05,7000.0,7400.0,7200.0,7200.0,quintal,7200.0,₹/quintal,True
Tamil Nadu,Erode,Gobichettipalayam,Beetroot,Beetroot,Local,2026-09-05,6000.0,6500.0,6250.0,6250.0,quintal,6250.0,₹/quintal,True
Tamil Nadu,Erode,Gobichettipalayam,Bhindi(Ladies Finger),Bhindi,Local,2026-09-05,2400.0,3000.0,2700.0,2700.0,quintal,2700.0,₹/quintal,True
Tamil Nadu,Erode,Gobichettipalayam,Bitter gourd,Bitter Gourd,Local,2026-09-05,4400.0,5000.0,4700.0,4700.0,quintal,4700.0,₹/quintal,True
Tamil Nadu,Erode,Gobichettipalayam,Bottle gourd,Bottle Gourd,Local,2026-09-05,1500.0,1800.0,1650.0,1650.0,quintal,1650.0,₹/quintal,True
Tamil Nadu,Erode,Gobichettipalayam,Brinjal,Round,Local,2026-09-05,5000.0,5500.0,5250.0,5250.0,quintal,5250.0,₹/quintal,True
Tamil Nadu,Erode,Gobichettipalayam,Cabbage,Cabbage,Local,2026-09-05,2000.0,2500.0,2250.0,2250.0,quintal,2250.0,₹/quintal,True
Tamil Nadu,Erode,Gobichettipalayam,Carrot,Pusakesar,Local,2026-09-05,6500.0,6800.0,6650.0,6650.0,quintal,6650.0,₹/quintal,True
Tamil Nadu,Erode,Gobichettipalayam,Cauliflower,Ranchi,Local,2026-09-05,4000.0,4400.0,4200.0,4200.0,quintal,4200.0,₹/quintal,True
Tamil Nadu,Erode,Gobichettipalayam,Chikoos(Sapota),Sapota,Local,2026-09-05,3600.0,4000.0,3800.0,3800.0,quintal,3800.0,₹/quintal,True
Tamil Nadu,Erode,Gobichettipalayam,Chow Chow,Chow Chow,Local,2026-09-05,3000.0,3500.0,3250.0,3250.0,quintal,3250.0,₹/quintal,True
Tamil Nadu,Erode,Gobichettipalayam,Cluster beans,Cluster Beans,Local,2026-09-05,2500.0,2800.0,2650.0,2650.0,quintal,2650.0,₹/quintal,True
Tamil Nadu,Erode,Gobichettipalayam,Coconut,Coconut,Local,2026-09-05,4500.0,5000.0,4750.0,4750.0,quintal,4750.0,₹/quintal,True
Tamil Nadu,Erode,Gobichettipalayam,Coriander(Leaves),I Sort,Local,2026-09-05,4000.0,4500.0,4250.0,4250.0,quintal,4250.0,₹/quintal,True
Tamil Nadu,Erode,Gobichettipalayam,Drumstick,Drumstick,Local,2026-09-05,2200.0,2500.0,2350.0,2350.0,quintal,2350.0,₹/quintal,True
Tamil Nadu,Erode,Gobichettipalayam,Elephant Yam(Suran)/Amorphophallus,Elephant Yam (Suran),Local,2026-09-05,3000.0,3500.0,3250.0,3250.0,quintal,3250.0,₹/quintal,True
Tamil Nadu,Erode,Gobichettipalayam,Ginger(Green),Green Ginger,Local,2026-09-05,14000.0,14800.0,14400.0,14400.0,quintal,14400.0,₹/quintal,True
Tamil Nadu,Erode,Gobichettipalayam,Green Avare(W),Green Avare (W),Local,2026-09-05,5000.0,5400.0,5200.0,5200.0,quintal,5200.0,₹/quintal,True
Tamil Nadu,Erode,Gobichettipalayam,Green Chilli,Green Chilly,Local,2026-09-05,4500.0,5000.0,4750.0,4750.0,quintal,4750.0,₹/quintal,True
Tamil Nadu,Erode,Gobichettipalayam,Guava,Guava Allahabad,Local,2026-09-05,5500.0,6000.0,5750.0,5750.0,quintal,5750.0,₹/quintal,True
Tamil Nadu,Erode,Gobichettipalayam,Lemon,Lemon,Local,2026-09-05,12000.0,13000.0,12500.0,12500.0,quintal,12500.0,₹/quintal,True
Tamil Nadu,Erode,Gobichettipalayam,Mint(Pudina),Mint(Pudina),Local,2026-09-05,3200.0,3500.0,3350.0,3350.0,quintal,3350.0,₹/quintal,True
Tamil Nadu,Erode,Gobichettipalayam,Onion,Bellary,Local,2026-09-05,5500.0,6000.0,5750.0,5750.0,quintal,5750.0,₹/quintal,True
Tamil Nadu,Erode,Gobichettipalayam,Onion Green,Onion Green,Local,2026-09-05,6500.0,7000.0,6750.0,6750.0,quintal,6750.0,₹/quintal,True
Tamil Nadu,Erode,Gobichettipalayam,Papaya,Papaya,Local,2026-09-05,3000.0,3400.0,3200.0,3200.0,quintal,3200.0,₹/quintal,True
Tamil Nadu,Erode,Gobichettipalayam,Potato,Other,Local,2026-09-05,3600.0,4000.0,3800.0,3800.0,quintal,3800.0,₹/quintal,True
Tamil Nadu,Erode,Gobichettipalayam,Pumpkin,Pumpkin,Local,2026-09-05,2500.0,3000.0,2750.0,2750.0,quintal,2750.0,₹/quintal,True
Tamil Nadu,Erode,Gobichettipalayam,Raddish,Raddish,Local,2026-09-05,2200.0,2500.0,2350.0,2350.0,quintal,2350.0,₹/quintal,True
Tamil Nadu,Erode,Gobichettipalayam,Ridgeguard(Tori),Ridgeguard(Tori),Local,2026-09-05,4000.0,4600.0,4300.0,4300.0,quintal,4300.0,₹/quintal,True
Tamil Nadu,Erode,Gobichettipalayam,Snakeguard,Snakeguard,Local,2026-09-05,3600.0,4000.0,3800.0,3800.0,quintal,3800.0,₹/quintal,True
Tamil Nadu,Erode,Gobichettipalayam,Tapioca,Tapioca,Local,2026-09-05,2000.0,2500.0,2250.0,2250.0,quintal,2250.0,₹/quintal,True
Tamil Nadu,Erode,Gobichettipalayam,Tomato,Deshi,Local,2026-09-05,2400.0,3000.0,2700.0,2700.0,quintal,2700.0,₹/quintal,True
Tamil Nadu,Erode,Perundurai,Amaranthus,Amaranthus,Local,2026-09-05,3000.0,3500.0,3250.0,3250.0,quintal,3250.0,₹/quintal,True
Tamil Nadu,Erode,Perundurai,Ashgourd,Gouard,Local,2026-09-05,2000.0,2400.0,2200.0,2200.0,quintal,2200.0,₹/quintal,True
Tamil Nadu,Erode,Perundurai,Banana,Red Banana,Local,2026-09-05,6000.0,6500.0,6250.0,6250.0,quintal,6250.0,₹/quintal,True
Tamil Nadu,Erode,Perundurai,Banana - Green,Banana - Green,Local,2026-09-05,2600.0,3000.0,2800.0,2800.0,quintal,2800.0,₹/quintal,True
Tamil Nadu,Erode,Perundurai,Beans,Beans (Whole),Local,2026-09-05,7500.0,8000.0,7750.0,7750.0,quintal,7750.0,₹/quintal,True
Tamil Nadu,Erode,Perundurai,Beetroot,Beetroot,Local,2026-09-05,6500.0,7000.0,6750.0,6750.0,quintal,6750.0,₹/quintal,True
Tamil Nadu,Erode,Perundurai,Bhindi(Ladies Finger),Bhindi,Local,2026-09-05,2400.0,2800.0,2600.0,2600.0,quintal,2600.0,₹/quintal,True
Tamil Nadu,Erode,Perundurai,Bitter gourd,Other,Local,2026-09-05,4200.0,4600.0,4400.0,4400.0,quintal,4400.0,₹/quintal,True
Tamil Nadu,Erode,Perundurai,Bottle gourd,Bottle Gourd,Local,2026-09-05,1800.0,2000.0,1900.0,1900.0,quintal,1900.0,₹/quintal,True
Tamil Nadu,Erode,Perundurai,Brinjal,Other,Local,2026-09-05,3000.0,3200.0,3100.0,3100.0,quintal,3100.0,₹/quintal,True
Tamil Nadu,Erode,Perundurai,Cabbage,Cabbage,Local,2026-09-05,2000.0,2400.0,2200.0,2200.0,quintal,2200.0,₹/quintal,True
Tamil Nadu,Erode,Perundurai,Carrot,Pusakesar,Local,2026-09-05,5500.0,6000.0,5750.0,5750.0,quintal,5750.0,₹/quintal,True
Tamil Nadu,Erode,Perundurai,Chow Chow,Chow Chow,Local,2026-09-05,3000.0,3500.0,3250.0,3250.0,quintal,3250.0,₹/quintal,True
Tamil Nadu,Erode,Perundurai,Cluster beans,Cluster Beans,Local,2026-09-05,3000.0,3400.0,3200.0,3200.0,quintal,3200.0,₹/quintal,True
Tamil Nadu,Erode,Perundurai,Coconut,Coconut,Local,2026-09-05,5000.0,5400.0,5200.0,5200.0,quintal,5200.0,₹/quintal,True
Tamil Nadu,Erode,Perundurai,Coriander(Leaves),I Sort,Local,2026-09-05,3600.0,4000.0,3800.0,3800.0,quintal,3800.0,₹/quintal,True
Tamil Nadu,Erode,Perundurai,Drumstick,Drumstick,Local,2026-09-05,2600.0,3000.0,2800.0,2800.0,quintal,2800.0,₹/quintal,True
Tamil Nadu,Erode,Perundurai,Elephant Yam(Suran)/Amorphophallus,Elephant Yam (Suran),Local,2026-09-05,3000.0,3500.0,3250.0,3250.0,quintal,3250.0,₹/quintal,True
Tamil Nadu,Erode,Perundurai,Green Avare(W),Other,Local,2026-09-05,5000.0,5400.0,5200.0,5200.0,quintal,5200.0,₹/quintal,True
Tamil Nadu,Erode,Perundurai,Green Chilli,Green Chilly,Local,2026-09-05,4600.0,5000.0,4800.0,4800.0,quintal,4800.0,₹/quintal,True
Tamil Nadu,Erode,Perundurai,Guava,Guava Allahabad,Local,2026-09-05,5000.0,5500.0,5250.0,5250.0,quintal,5250.0,₹/quintal,True
Tamil Nadu,Erode,Perundurai,Mint(Pudina),Mint(Pudina),Local,2026-09-05,3600.0,4000.0,3800.0,3800.0,quintal,3800.0,₹/quintal,True
Tamil Nadu,Erode,Perundurai,Onion,Bellary,Local,2026-09-05,6200.0,6600.0,6400.0,6400.0,quintal,6400.0,₹/quintal,True
Tamil Nadu,Erode,Perundurai,Onion Green,Onion Green,Local,2026-09-05,6500.0,7000.0,6750.0,6750.0,quintal,6750.0,₹/quintal,True
Tamil Nadu,Erode,Perundurai,Papaya,Papaya,Local,2026-09-05,3000.0,3200.0,3100.0,3100.0,quintal,3100.0,₹/quintal,True
Tamil Nadu,Erode,Perundurai,Potato,Other,Local,2026-09-05,3000.0,3500.0,3250.0,3250.0,quintal,3250.0,₹/quintal,True
Tamil Nadu,Erode,Perundurai,Pumpkin,Pumpkin,Local,2026-09-05,2000.0,2400.0,2200.0,2200.0,quintal,2200.0,₹/quintal,True
Tamil Nadu,Erode,Perundurai,Raddish,Raddish,Local,2026-09-05,2000.0,2200.0,2100.0,2100.0,quintal,2100.0,₹/quintal,True
Tamil Nadu,Erode,Perundurai,Ridgeguard(Tori),Ridgeguard(Tori),Local,2026-09-05,4400.0,4800.0,4600.0,4600.0,quintal,4600.0,₹/quintal,True
Tamil Nadu,Erode,Perundurai,Snakeguard,Snakeguard,Local,2026-09-05,2600.0,3000.0,2800.0,2800.0,quintal,2800.0,₹/quintal,True
Tamil Nadu,Erode,Perundurai,Tomato,Other,Local,2026-09-05,2400.0,2800.0,2600.0,2600.0,quintal,2600.0,₹/quintal,True
Tamil Nadu,Erode,Sathiyamagalam,Amaranthus,Amaranthus,Local,2026-09-05,3500.0,4000.0,3750.0,3750.0,quintal,3750.0,₹/quintal,True
Tamil Nadu,Erode,Sathiyamagalam,Ashgourd,Gouard,Local,2026-09-05,2000.0,2300.0,2150.0,2150.0,quintal,2150.0,₹/quintal,True
Tamil Nadu,Erode,Sathiyamagalam,Banana,Red Banana,Local,2026-09-05,6000.0,6500.0,6250.0,6250.0,quintal,6250.0,₹/quintal,True
Tamil Nadu,Erode,Sathiyamagalam,Banana - Green,Banana - Green,Local,2026-09-05,3000.0,3400.0,3200.0,3200.0,quintal,3200.0,₹/quintal,True
Tamil Nadu,Erode,Sathiyamagalam,Beans,Beans (Whole),Local,2026-09-05,6500.0,7000.0,6750.0,6750.0,quintal,6750.0,₹/quintal,True
Tamil Nadu,Erode,Sathiyamagalam,Beetroot,Beetroot,Local,2026-09-05,6000.0,6400.0,6200.0,6200.0,quintal,6200.0,₹/quintal,True
Tamil Nadu,Erode,Sathiyamagalam,Bhindi(Ladies Finger),Bhindi,Local,2026-09-05,3000.0,3600.0,3300.0,3300.0,quintal,3300.0,₹/quintal,True
Tamil Nadu,Erode,Sathiyamagalam,Bitter gourd,Other,Local,2026-09-05,5000.0,5400.0,5200.0,5200.0,quintal,5200.0,₹/quintal,True
Tamil Nadu,Erode,Sathiyamagalam,Bottle gourd,Bottle Gourd,Local,2026-09-05,1500.0,2000.0,1750.0,1750.0,quintal,1750.0,₹/quintal,True
Tamil Nadu,Erode,Sathiyamagalam,Brinjal,Other,Local,2026-09-05,4000.0,4500.0,4250.0,4250.0,quintal,4250.0,₹/quintal,True
Tamil Nadu,Erode,Sathiyamagalam,Cabbage,Cabbage,Local,2026-09-05,3000.0,3400.0,3200.0,3200.0,quintal,3200.0,₹/quintal,True
Tamil Nadu,Erode,Sathiyamagalam,Carrot,Pusakesar,Local,2026-09-05,6000.0,6400.0,6200.0,6200.0,quintal,6200.0,₹/quintal,True
Tamil Nadu,Erode,Sathiyamagalam,Cauliflower,Ranchi,Local,2026-09-05,3400.0,3800.0,3600.0,3600.0,quintal,3600.0,₹/quintal,True
Tamil Nadu,Erode,Sathiyamagalam,Chikoos(Sapota),Sapota,Local,2026-09-05,3500.0,4000.0,3750.0,3750.0,quintal,3750.0,₹/quintal,True
Tamil Nadu,Erode,Sathiyamagalam,Chow Chow,Chow Chow,Local,2026-09-05,2500.0,3000.0,2750.0,2750.0,quintal,2750.0,₹/quintal,True
Tamil Nadu,Erode,Sathiyamagalam,Cluster beans,Cluster Beans,Local,2026-09-05,3000.0,3600.0,3300.0,3300.0,quintal,3300.0,₹/quintal,True
Tamil Nadu,Erode,Sathiyamagalam,Coconut,Coconut,Local,2026-09-05,4500.0,5000.0,4750.0,4750.0,quintal,4750.0,₹/quintal,True
Tamil Nadu,Erode,Sathiyamagalam,Coriander(Leaves),I Sort,Local,2026-09-05,4500.0,5000.0,4750.0,4750.0,quintal,4750.0,₹/quintal,True
Tamil Nadu,Erode,Sathiyamagalam,Cowpea(Veg),Cowpea (Veg),Local,2026-09-05,1500.0,2000.0,1750.0,1750.0,quintal,1750.0,₹/quintal,True
Tamil Nadu,Erode,Sathiyamagalam,Cucumbar(Kheera),Cucumbar,Local,2026-09-05,3000.0,3400.0,3200.0,3200.0,quintal,3200.0,₹/quintal,True
Tamil Nadu,Erode,Sathiyamagalam,Drumstick,Drumstick,Local,2026-09-05,3000.0,3400.0,3200.0,3200.0,quintal,3200.0,₹/quintal,True
Tamil Nadu,Erode,Sathiyamagalam,Elephant Yam(Suran)/Amorphophallus,Elephant Yam (Suran),Local,2026-09-05,3000.0,3500.0,3250.0,3250.0,quintal,3250.0,₹/quintal,True
Tamil Nadu,Erode,Sathiyamagalam,Ginger(Green),Green Ginger,Local,2026-09-05,15000.0,16000.0,15500.0,15500.0,quintal,15500.0,₹/quintal,True
Tamil Nadu,Erode,Sathiyamagalam,Green Avare(W),Other,Local,2026-09-05,4800.0,5200.0,5000.0,5000.0,quintal,5000.0,₹/quintal,True
Tamil Nadu,Erode,Sathiyamagalam,Green Chilli,Green Chilly,Local,2026-09-05,4400.0,4800.0,4600.0,4600.0,quintal,4600.0,₹/quintal,True
Tamil Nadu,Erode,Sathiyamagalam,Guava,Guava Allahabad,Local,2026-09-05,5000.0,5500.0,5250.0,5250.0,quintal,5250.0,₹/quintal,True
Tamil Nadu,Erode,Sathiyamagalam,Knool Khol,Knool Khol,Local,2026-09-05,6400.0,6800.0,6600.0,6600.0,quintal,6600.0,₹/quintal,True
Tamil Nadu,Erode,Sathiyamagalam,Lemon,Lemon,Local,2026-09-05,8000.0,8500.0,8250.0,8250.0,quintal,8250.0,₹/quintal,True
Tamil Nadu,Erode,Sathiyamagalam,Mint(Pudina),Mint(Pudina),Local,2026-09-05,4500.0,5000.0,4750.0,4750.0,quintal,4750.0,₹/quintal,True
Tamil Nadu,Erode,Sathiyamagalam,Onion,Bellary,Local,2026-09-05,5400.0,5800.0,5600.0,5600.0,quintal,5600.0,₹/quintal,True
Tamil Nadu,Erode,Sathiyamagalam,Onion Green,Onion Green,Local,2026-09-05,7500.0,8000.0,7750.0,7750.0,quintal,7750.0,₹/quintal,True
Tamil Nadu,Erode,Sathiyamagalam,Papaya,Papaya,Local,2026-09-05,2000.0,2300.0,2150.0,2150.0,quintal,2150.0,₹/quintal,True
Tamil Nadu,Erode,Sathiyamagalam,Potato,Other,Local,2026-09-05,3400.0,3800.0,3600.0,3600.0,quintal,3600.0,₹/quintal,True
Tamil Nadu,Erode,Sathiyamagalam,Pumpkin,Pumpkin,Local,2026-09-05,2400.0,2800.0,2600.0,2600.0,quintal,2600.0,₹/quintal,True
Tamil Nadu,Erode,Sathiyamagalam,Raddish,Raddish,Local,2026-09-05,2500.0,3000.0,2750.0,2750.0,quintal,2750.0,₹/quintal,True
Tamil Nadu,Erode,Sathiyamagalam,Ridgeguard(Tori),Ridgeguard(Tori),Local,2026-09-05,4400.0,4800.0,4600.0,4600.0,quintal,4600.0,₹/quintal,True
Tamil Nadu,Erode,Sathiyamagalam,Snakeguard,Snakeguard,Local,2026-09-05,3500.0,4000.0,3750.0,3750.0,quintal,3750.0,₹/quintal,True
Tamil Nadu,Erode,Sathiyamagalam,Sweet Corn ,Sweet Corn ,Local,2026-09-05,2500.0,3000.0,2750.0,2750.0,quintal,2750.0,₹/quintal,True
Tamil Nadu,Erode,Sathiyamagalam,Tapioca,Tapioca,Local,2026-09-05,2500.0,3000.0,2750.0,2750.0,quintal,2750.0,₹/quintal,True
Tamil Nadu,Erode,Sathiyamagalam,Tomato,Local,Local,2026-09-05,2000.0,2400.0,2200.0,2200.0,quintal,2200.0,₹/quintal,True
Tamil Nadu,Erode,Sathiyamagalam,Turnip,Turnip,Local,2026-09-05,6400.0,6800.0,6600.0,6600.0,quintal,6600.0,₹/quintal,True
Tamil Nadu,Erode,Thalavadi,Amaranthus,Amaranthus,Local,2026-09-05,3500.0,4000.0,3750.0,3750.0,quintal,3750.0,₹/quintal,True
Tamil Nadu,Erode,Thalavadi,Ashgourd,Gouard,Local,2026-09-05,1200.0,1600.0,1400.0,1400.0,quintal,1400.0,₹/quintal,True
Tamil Nadu,Erode,Thalavadi,Banana,Red Banana,Local,2026-09-05,6400.0,6800.0,6600.0,6600.0,quintal,6600.0,₹/quintal,True
Tamil Nadu,Erode,Thalavadi,Banana - Green,Banana - Green,Local,2026-09-05,3000.0,3500.0,3250.0,3250.0,quintal,3250.0,₹/quintal,True
Tamil Nadu,Erode,Thalavadi,Beans,Beans (Whole),Local,2026-09-05,5500.0,6000.0,5750.0,5750.0,quintal,5750.0,₹/quintal,True
Tamil Nadu,Erode,Thalavadi,Beetroot,Beetroot,Local,2026-09-05,3000.0,3400.0,3200.0,3200.0,quintal,3200.0,₹/quintal,True
Tamil Nadu,Erode,Thalavadi,Bhindi(Ladies Finger),Bhindi,Local,2026-09-05,3000.0,3500.0,3250.0,3250.0,quintal,3250.0,₹/quintal,True
Tamil Nadu,Erode,Thalavadi,Bitter gourd,Other,Local,2026-09-05,4400.0,4800.0,4600.0,4600.0,quintal,4600.0,₹/quintal,True
Tamil Nadu,Erode,Thalavadi,Bottle gourd,Bottle Gourd,Local,2026-09-05,1600.0,2000.0,1800.0,1800.0,quintal,1800.0,₹/quintal,True
Tamil Nadu,Erode,Thalavadi,Brinjal,Round,Local,2026-09-05,2600.0,3200.0,2900.0,2900.0,quintal,2900.0,₹/quintal,True
Tamil Nadu,Erode,Thalavadi,Cabbage,Cabbage,Local,2026-09-05,1400.0,1800.0,1600.0,1600.0,quintal,1600.0,₹/quintal,True
Tamil Nadu,Erode,Thalavadi,Carrot,Pusakesar,Local,2026-09-05,6000.0,6500.0,6250.0,6250.0,quintal,6250.0,₹/quintal,True
Tamil Nadu,Erode,Thalavadi,Cauliflower,Ranchi,Local,2026-09-05,3000.0,3400.0,3200.0,3200.0,quintal,3200.0,₹/quintal,True
Tamil Nadu,Erode,Thalavadi,Chow Chow,Chow Chow,Local,2026-09-05,2400.0,2800.0,2600.0,2600.0,quintal,2600.0,₹/quintal,True
Tamil Nadu,Erode,Thalavadi,Coconut,Coconut,Local,2026-09-05,4000.0,5000.0,4500.0,4500.0,quintal,4500.0,₹/quintal,True
Tamil Nadu,Erode,Thalavadi,Coriander(Leaves),I Sort,Local,2026-09-05,3800.0,4200.0,4000.0,4000.0,quintal,4000.0,₹/quintal,True
Tamil Nadu,Erode,Thalavadi,Cucumbar(Kheera),Cucumbar,Local,2026-09-05,3000.0,3400.0,3200.0,3200.0,quintal,3200.0,₹/quintal,True
Tamil Nadu,Erode,Thalavadi,Drumstick,Drumstick,Local,2026-09-05,2600.0,3200.0,2900.0,2900.0,quintal,2900.0,₹/quintal,True
Tamil Nadu,Erode,Thalavadi,Ginger(Green),Green Ginger,Local,2026-09-05,13000.0,14000.0,13500.0,13500.0,quintal,13500.0,₹/quintal,True
Tamil Nadu,Erode,Thalavadi,Green Avare(W),Other,Local,2026-09-05,3500.0,4000.0,3750.0,3750.0,quintal,3750.0,₹/quintal,True
Tamil Nadu,Erode,Thalavadi,Green Chilli,Green Chilly,Local,2026-09-05,3400.0,3800.0,3600.0,3600.0,quintal,3600.0,₹/quintal,True
Tamil Nadu,Erode,Thalavadi,Guava,Guava Allahabad,Local,2026-09-05,5000.0,5500.0,5250.0,5250.0,quintal,5250.0,₹/quintal,True
Tamil Nadu,Erode,Thalavadi,Lemon,Lemon,Local,2026-09-05,7000.0,7500.0,7250.0,7250.0,quintal,7250.0,₹/quintal,True
Tamil Nadu,Erode,Thalavadi,Mint(Pudina),Mint(Pudina),Local,2026-09-05,4400.0,4800.0,4600.0,4600.0,quintal,4600.0,₹/quintal,True
Tamil Nadu,Erode,Thalavadi,Onion,Bellary,Local,2026-09-05,5400.0,5800.0,5600.0,5600.0,quintal,5600.0,₹/quintal,True
Tamil Nadu,Erode,Thalavadi,Onion Green,Onion Green,Local,2026-09-05,7000.0,7500.0,7250.0,7250.0,quintal,7250.0,₹/quintal,True
Tamil Nadu,Erode,Thalavadi,Papaya,Papaya,Local,2026-09-05,2000.0,2400.0,2200.0,2200.0,quintal,2200.0,₹/quintal,True
Tamil Nadu,Erode,Thalavadi,Pumpkin,Pumpkin,Local,2026-09-05,1000.0,1200.0,1100.0,1100.0,quintal,1100.0,₹/quintal,True
Tamil Nadu,Erode,Thalavadi,Raddish,Raddish,Local,2026-09-05,2400.0,2800.0,2600.0,2600.0,quintal,2600.0,₹/quintal,True
Tamil Nadu,Erode,Thalavadi,Ridgeguard(Tori),Ridgeguard(Tori),Local,2026-09-05,3000.0,3600.0,3300.0,3300.0,quintal,3300.0,₹/quintal,True
Tamil Nadu,Erode,Thalavadi,Snakeguard,Snakeguard,Local,2026-09-05,3000.0,3500.0,3250.0,3250.0,quintal,3250.0,₹/quintal,True
Tamil Nadu,Erode,Thalavadi,Tapioca,Tapioca,Local,2026-09-05,2500.0,3000.0,2750.0,2750.0,quintal,2750.0,₹/quintal,True
Tamil Nadu,Erode,Thalavadi,Tomato,Other,Local,2026-09-05,1800.0,2200.0,2000.0,2000.0,quintal,2000.0,₹/quintal,True
Tamil Nadu,Kallakurichi,Kallakurichi,Amaranthus,Amaranthus,Local,2026-09-05,3000.0,3000.0,3000.0,3000.0,quintal,3000.0,₹/quintal,True
Tamil Nadu,Kallakurichi,Kallakurichi,Amla(Nelli Kai),Amla,Local,2026-09-05,10000.0,10000.0,10000.0,10000.0,quintal,10000.0,₹/quintal,True
Tamil Nadu,Kallakurichi,Kallakurichi,Ashgourd,Gouard,Local,2026-09-05,3000.0,3000.0,3000.0,3000.0,quintal,3000.0,₹/quintal,True
Tamil Nadu,Kallakurichi,Kallakurichi,Baby Corn,Baby Corn,Grade A,2026-09-05,3000.0,3000.0,3000.0,3000.0,quintal,3000.0,₹/quintal,True
Tamil Nadu,Kallakurichi,Kallakurichi,Banana,Red Banana,Local,2026-09-05,7000.0,7000.0,7000.0,7000.0,quintal,7000.0,₹/quintal,True
Tamil Nadu,Kallakurichi,Kallakurichi,Banana - Green,Banana - Green,Local,2026-09-05,3000.0,3000.0,3000.0,3000.0,quintal,3000.0,₹/quintal,True
Tamil Nadu,Kallakurichi,Kallakurichi,Beans,Beans (Whole),Local,2026-09-05,12000.0,12000.0,12000.0,12000.0,quintal,12000.0,₹/quintal,True
Tamil Nadu,Kallakurichi,Kallakurichi,Beetroot,Beetroot,Local,2026-09-05,5000.0,5000.0,5000.0,5000.0,quintal,5000.0,₹/quintal,True
Tamil Nadu,Kallakurichi,Kallakurichi,Bhindi(Ladies Finger),Bhindi,Local,2026-09-05,2500.0,2500.0,2500.0,2500.0,quintal,2500.0,₹/quintal,True
Tamil Nadu,Kallakurichi,Kallakurichi,Bitter gourd,Bitter Gourd,Local,2026-09-05,6000.0,6000.0,6000.0,6000.0,quintal,6000.0,₹/quintal,True
Tamil Nadu,Kallakurichi,Kallakurichi,Bottle gourd,Bottle Gourd,Local,2026-09-05,1500.0,1500.0,1500.0,1500.0,quintal,1500.0,₹/quintal,True
Tamil Nadu,Kallakurichi,Kallakurichi,Brinjal,Other,Local,2026-09-05,6000.0,6000.0,6000.0,6000.0,quintal,6000.0,₹/quintal,True
Tamil Nadu,Kallakurichi,Kallakurichi,Cabbage,Cabbage,Local,2026-09-05,4000.0,4000.0,4000.0,4000.0,quintal,4000.0,₹/quintal,True
Tamil Nadu,Kallakurichi,Kallakurichi,Capsicum,Capsicum,Local,2026-09-05,9000.0,9000.0,9000.0,9000.0,quintal,9000.0,₹/quintal,True
Tamil Nadu,Kallakurichi,Kallakurichi,Carrot,Pusakesar,Local,2026-09-05,7000.0,7000.0,7000.0,7000.0,quintal,7000.0,₹/quintal,True
Tamil Nadu,Kallakurichi,Kallakurichi,Cauliflower,Ranchi,Local,2026-09-05,3000.0,3000.0,3000.0,3000.0,quintal,3000.0,₹/quintal,True
Tamil Nadu,Kallakurichi,Kallakurichi,Chow Chow,Chow Chow,Local,2026-09-05,5000.0,5000.0,5000.0,5000.0,quintal,5000.0,₹/quintal,True
Tamil Nadu,Kallakurichi,Kallakurichi,Cluster beans,Cluster Beans,Local,2026-09-05,5000.0,5000.0,5000.0,5000.0,quintal,5000.0,₹/quintal,True
Tamil Nadu,Kallakurichi,Kallakurichi,Coconut,Coconut,Local,2026-09-05,6000.0,6000.0,6000.0,6000.0,quintal,6000.0,₹/quintal,True
Tamil Nadu,Kallakurichi,Kallakurichi,Colacasia,Colacasia,Local,2026-09-05,4000.0,4000.0,4000.0,4000.0,quintal,4000.0,₹/quintal,True
Tamil Nadu,Kallakurichi,Kallakurichi,Coriander(Leaves),I Sort,Local,2026-09-05,6000.0,6000.0,6000.0,6000.0,quintal,6000.0,₹/quintal,True
Tamil Nadu,Kallakurichi,Kallakurichi,Drumstick,Drumstick,Local,2026-09-05,3000.0,3000.0,3000.0,3000.0,quintal,3000.0,₹/quintal,True
Tamil Nadu,Kallakurichi,Kallakurichi,Elephant Yam(Suran)/Amorphophallus,Elephant Yam (Suran),Local,2026-09-05,4000.0,4000.0,4000.0,4000.0,quintal,4000.0,₹/quintal,True
Tamil Nadu,Kallakurichi,Kallakurichi,Garlic,Garlic,Local,2026-09-05,26000.0,26000.0,26000.0,26000.0,quintal,26000.0,₹/quintal,True
Tamil Nadu,Kallakurichi,Kallakurichi,Ginger(Green),Green Ginger,Local,2026-09-05,22000.0,22000.0,22000.0,22000.0,quintal,22000.0,₹/quintal,True
Tamil Nadu,Kallakurichi,Kallakurichi,Green Avare(W),Green Avare (W),Local,2026-09-05,7000.0,7000.0,7000.0,7000.0,quintal,7000.0,₹/quintal,True
Tamil Nadu,Kallakurichi,Kallakurichi,Green Chilli,Green Chilly,Local,2026-09-05,6000.0,6000.0,6000.0,6000.0,quintal,6000.0,₹/quintal,True
Tamil Nadu,Kallakurichi,Kallakurichi,Groundnut,Big (With Shell),Local,2026-09-05,7000.0,7000.0,7000.0,7000.0,quintal,7000.0,₹/quintal,True
Tamil Nadu,Kallakurichi,Kallakurichi,Guava,Guava Allahabad,Local,2026-09-05,6000.0,6000.0,6000.0,6000.0,quintal,6000.0,₹/quintal,True
Tamil Nadu,Kallakurichi,Kallakurichi,Jasmine,Jasmine,Local,2026-09-05,50000.0,50000.0,50000.0,50000.0,quintal,50000.0,₹/quintal,True
Tamil Nadu,Kallakurichi,Kallakurichi,Karbuja(Musk Melon),Karbhuja,Local,2026-09-05,5000.0,5000.0,5000.0,5000.0,quintal,5000.0,₹/quintal,True
Tamil Nadu,Kallakurichi,Kallakurichi,Knool Khol,Knool Khol,Local,2026-09-05,7000.0,7000.0,7000.0,7000.0,quintal,7000.0,₹/quintal,True
Tamil Nadu,Kallakurichi,Kallakurichi,Lemon,Lemon,Local,2026-09-05,7000.0,7000.0,7000.0,7000.0,quintal,7000.0,₹/quintal,True
Tamil Nadu,Kallakurichi,Kallakurichi,Marigold(Calcutta),Marigold(Calcutta),Local,2026-09-05,35000.0,35000.0,35000.0,35000.0,quintal,35000.0,₹/quintal,True
Tamil Nadu,Kallakurichi,Kallakurichi,Mashrooms,Mashrooms,Local,2026-09-05,22500.0,22500.0,22500.0,22500.0,quintal,22500.0,₹/quintal,True
Tamil Nadu,Kallakurichi,Kallakurichi,Mint(Pudina),Mint(Pudina),Local,2026-09-05,3000.0,3000.0,3000.0,3000.0,quintal,3000.0,₹/quintal,True
Tamil Nadu,Kallakurichi,Kallakurichi,Onion,Bellary,Local,2026-09-05,6000.0,6000.0,6000.0,6000.0,quintal,6000.0,₹/quintal,True
Tamil Nadu,Kallakurichi,Kallakurichi,Onion Green,Onion Green,Local,2026-09-05,7000.0,7000.0,7000.0,7000.0,quintal,7000.0,₹/quintal,True
Tamil Nadu,Kallakurichi,Kallakurichi,Papaya,Papaya,Local,2026-09-05,3500.0,3500.0,3500.0,3500.0,quintal,3500.0,₹/quintal,True
Tamil Nadu,Kallakurichi,Kallakurichi,Potato,Red Nanital,Local,2026-09-05,3000.0,3000.0,3000.0,3000.0,quintal,3000.0,₹/quintal,True
Tamil Nadu,Kallakurichi,Kallakurichi,Pumpkin,Pumpkin,Local,2026-09-05,2500.0,2500.0,2500.0,2500.0,quintal,2500.0,₹/quintal,True
Tamil Nadu,Kallakurichi,Kallakurichi,Raddish,Raddish,Local,2026-09-05,5000.0,5000.0,5000.0,5000.0,quintal,5000.0,₹/quintal,True
Tamil Nadu,Kallakurichi,Kallakurichi,Ridgeguard(Tori),Ridgeguard(Tori),Local,2026-09-05,4000.0,4000.0,4000.0,4000.0,quintal,4000.0,₹/quintal,True
Tamil Nadu,Kallakurichi,Kallakurichi,Rose(Local),Rose (Local),Local,2026-09-05,30000.0,30000.0,30000.0,30000.0,quintal,30000.0,₹/quintal,True
Tamil Nadu,Kallakurichi,Kallakurichi,Snakeguard,Snakeguard,Local,2026-09-05,4000.0,4000.0,4000.0,4000.0,quintal,4000.0,₹/quintal,True
Tamil Nadu,Kallakurichi,Kallakurichi,Tapioca,Tapioca,Local,2026-09-05,3000.0,3000.0,3000.0,3000.0,quintal,3000.0,₹/quintal,True
Tamil Nadu,Kallakurichi,Kallakurichi,Tender Coconut,Tender Coconut,Local,2026-09-05,3000.0,3000.0,3000.0,3000.0,quintal,3000.0,₹/quintal,True
Tamil Nadu,Kallakurichi,Kallakurichi,Thondekai,Thondekai,Local,2026-09-05,5000.0,5000.0,5000.0,5000.0,quintal,5000.0,₹/quintal,True
Tamil Nadu,Kallakurichi,Kallakurichi,Tomato,Deshi,Local,2026-09-05,3000.0,3000.0,3000.0,3000.0,quintal,3000.0,₹/quintal,True
Tamil Nadu,Kallakurichi,Kallakurichi,Water Melon,Water Melon,Local,2026-09-05,1000.0,1000.0,1000.0,1000.0,quintal,1000.0,₹/quintal,True
Tamil Nadu,Kallakurichi,Kallakurichi,Yam(Ratalu),Yam (Ratalu),Local,2026-09-05,3000.0,3000.0,3000.0,3000.0,quintal,3000.0,₹/quintal,True
Tamil Nadu,Kallakurichi,Sankarapuram,Amaranthus,Amaranthus,Local,2026-09-05,4000.0,4000.0,4000.0,4000.0,quintal,4000.0,₹/quintal,True
Tamil Nadu,Kallakurichi,Sankarapuram,Amla(Nelli Kai),Amla,Local,2026-09-05,10000.0,10000.0,10000.0,10000.0,quintal,10000.0,₹/quintal,True
Tamil Nadu,Kallakurichi,Sankarapuram,Ashgourd,Gouard,Local,2026-09-05,3000.0,3000.0,3000.0,3000.0,quintal,3000.0,₹/quintal,True
Tamil Nadu,Kallakurichi,Sankarapuram,Baby Corn,Baby Corn,Grade A,2026-09-05,3000.0,3000.0,3000.0,3000.0,quintal,3000.0,₹/quintal,True
Tamil Nadu,Kallakurichi,Sankarapuram,Banana,Besrai,Local,2026-09-05,4000.0,4000.0,4000.0,4000.0,quintal,4000.0,₹/quintal,True
Tamil Nadu,Kallakurichi,Sankarapuram,Banana - Green,Banana - Green,Local,2026-09-05,3000.0,3000.0,3000.0,3000.0,quintal,3000.0,₹/quintal,True
Tamil Nadu,Kallakurichi,Sankarapuram,Beans,Beans (Whole),Local,2026-09-05,12000.0,12000.0,12000.0,12000.0,quintal,12000.0,₹/quintal,True
Tamil Nadu,Kallakurichi,Sankarapuram,Beetroot,Beetroot,Local,2026-09-05,6000.0,6000.0,6000.0,6000.0,quintal,6000.0,₹/quintal,True
Tamil Nadu,Kallakurichi,Sankarapuram,Bhindi(Ladies Finger),Bhindi,Local,2026-09-05,2500.0,2500.0,2500.0,2500.0,quintal,2500.0,₹/quintal,True
Tamil Nadu,Kallakurichi,Sankarapuram,Bitter gourd,Bitter Gourd,Local,2026-09-05,7000.0,7000.0,7000.0,7000.0,quintal,7000.0,₹/quintal,True
Tamil Nadu,Kallakurichi,Sankarapuram,Bottle gourd,Bottle Gourd,Local,2026-09-05,1500.0,1500.0,1500.0,1500.0,quintal,1500.0,₹/quintal,True
Tamil Nadu,Kallakurichi,Sankarapuram,Brinjal,Round,Local,2026-09-05,5000.0,5000.0,5000.0,5000.0,quintal,5000.0,₹/quintal,True
Tamil Nadu,Kallakurichi,Sankarapuram,Carrot,Pusakesar,Local,2026-09-05,7000.0,7000.0,7000.0,7000.0,quintal,7000.0,₹/quintal,True
Tamil Nadu,Kallakurichi,Sankarapuram,Chikoos(Sapota),Sapota,Local,2026-09-05,5000.0,5000.0,5000.0,5000.0,quintal,5000.0,₹/quintal,True
Tamil Nadu,Kallakurichi,Sankarapuram,Cluster beans,Cluster Beans,Local,2026-09-05,5000.0,5000.0,5000.0,5000.0,quintal,5000.0,₹/quintal,True
Tamil Nadu,Kallakurichi,Sankarapuram,Coconut,Coconut,Local,2026-09-05,6000.0,6000.0,6000.0,6000.0,quintal,6000.0,₹/quintal,True
Tamil Nadu,Kallakurichi,Sankarapuram,Coriander(Leaves),I Sort,Local,2026-09-05,6000.0,6000.0,6000.0,6000.0,quintal,6000.0,₹/quintal,True
Tamil Nadu,Kallakurichi,Sankarapuram,Custard Apple(Sharifa),Custard Apple(Sharifa),Local,2026-09-05,5000.0,5000.0,5000.0,5000.0,quintal,5000.0,₹/quintal,True
Tamil Nadu,Kallakurichi,Sankarapuram,Drumstick,Drumstick,Local,2026-09-05,3000.0,3000.0,3000.0,3000.0,quintal,3000.0,₹/quintal,True
Tamil Nadu,Kallakurichi,Sankarapuram,Elephant Yam(Suran)/Amorphophallus,Elephant Yam (Suran),Local,2026-09-05,3000.0,3000.0,3000.0,3000.0,quintal,3000.0,₹/quintal,True
Tamil Nadu,Kallakurichi,Sankarapuram,Ginger(Green),Green Ginger,Local,2026-09-05,18000.0,18000.0,18000.0,18000.0,quintal,18000.0,₹/quintal,True
Tamil Nadu,Kallakurichi,Sankarapuram,Green Avare(W),Green Avare (W),Local,2026-09-05,7000.0,7000.0,7000.0,7000.0,quintal,7000.0,₹/quintal,True
Tamil Nadu,Kallakurichi,Sankarapuram,Green Chilli,Green Chilly,Local,2026-09-05,6000.0,6000.0,6000.0,6000.0,quintal,6000.0,₹/quintal,True
Tamil Nadu,Kallakurichi,Sankarapuram,Groundnut,Big (With Shell),Local,2026-09-05,7000.0,7000.0,7000.0,7000.0,quintal,7000.0,₹/quintal,True
Tamil Nadu,Kallakurichi,Sankarapuram,Guava,Guava Allahabad,Local,2026-09-05,6000.0,6000.0,6000.0,6000.0,quintal,6000.0,₹/quintal,True
Tamil Nadu,Kallakurichi,Sankarapuram,Lemon,Lemon,Local,2026-09-05,7000.0,7000.0,7000.0,7000.0,quintal,7000.0,₹/quintal,True
Tamil Nadu,Kallakurichi,Sankarapuram,Mango,Neelam,Local,2026-09-05,5000.0,5000.0,5000.0,5000.0,quintal,5000.0,₹/quintal,True
Tamil Nadu,Kallakurichi,Sankarapuram,Mango(Raw-Ripe),Mango - Raw-Ripe,Local,2026-09-05,5000.0,5000.0,5000.0,5000.0,quintal,5000.0,₹/quintal,True
Tamil Nadu,Kallakurichi,Sankarapuram,Mint(Pudina),Mint(Pudina),Local,2026-09-05,4000.0,4000.0,4000.0,4000.0,quintal,4000.0,₹/quintal,True
Tamil Nadu,Kallakurichi,Sankarapuram,Onion,Bellary,Local,2026-09-05,6000.0,6000.0,6000.0,6000.0,quintal,6000.0,₹/quintal,True
Tamil Nadu,Kallakurichi,Sankarapuram,Onion Green,Onion Green,Local,2026-09-05,7000.0,7000.0,7000.0,7000.0,quintal,7000.0,₹/quintal,True
Tamil Nadu,Kallakurichi,Sankarapuram,Papaya,Papaya,Local,2026-09-05,3000.0,3000.0,3000.0,3000.0,quintal,3000.0,₹/quintal,True
Tamil Nadu,Kallakurichi,Sankarapuram,Potato,Red Nanital,Local,2026-09-05,3500.0,3500.0,3500.0,3500.0,quintal,3500.0,₹/quintal,True
Tamil Nadu,Kallakurichi,Sankarapuram,Pumpkin,Pumpkin,Local,2026-09-05,3000.0,3000.0,3000.0,3000.0,quintal,3000.0,₹/quintal,True
Tamil Nadu,Kallakurichi,Sankarapuram,Raddish,Raddish,Local,2026-09-05,5000.0,5000.0,5000.0,5000.0,quintal,5000.0,₹/quintal,True
Tamil Nadu,Kallakurichi,Sankarapuram,Ridgeguard(Tori),Ridgeguard(Tori),Local,2026-09-05,4000.0,4000.0,4000.0,4000.0,quintal,4000.0,₹/quintal,True
Tamil Nadu,Kallakurichi,Sankarapuram,Snakeguard,Snakeguard,Local,2026-09-05,4000.0,4000.0,4000.0,4000.0,quintal,4000.0,₹/quintal,True
Tamil Nadu,Kallakurichi,Sankarapuram,Sweet Potato,Hosur Red,Local,2026-09-05,3000.0,3000.0,3000.0,3000.0,quintal,3000.0,₹/quintal,True
Tamil Nadu,Kallakurichi,Sankarapuram,Tapioca,Tapioca,Local,2026-09-05,3000.0,3000.0,3000.0,3000.0,quintal,3000.0,₹/quintal,True
Tamil Nadu,Kallakurichi,Sankarapuram,Tender Coconut,Tender Coconut,Local,2026-09-05,3000.0,3000.0,3000.0,3000.0,quintal,3000.0,₹/quintal,True
Tamil Nadu,Kallakurichi,Sankarapuram,Thondekai,Thondekai,Local,2026-09-05,6000.0,6000.0,6000.0,6000.0,quintal,6000.0,₹/quintal,True
Tamil Nadu,Kallakurichi,Sankarapuram,Tomato,Deshi,Local,2026-09-05,2500.0,2500.0,2500.0,2500.0,quintal,2500.0,₹/quintal,True
Tamil Nadu,Kallakurichi,Sankarapuram,Yam(Ratalu),Yam (Ratalu),Local,2026-09-05,3000.0,3000.0,3000.0,3000.0,quintal,3000.0,₹/quintal,True
Tamil Nadu,Karur,Gandhigramam,Amaranthus,Amaranthus,Local,2026-09-05,2000.0,2500.0,2250.0,2250.0,quintal,2250.0,₹/quintal,True
Tamil Nadu,Karur,Gandhigramam,Amla(Nelli Kai),Amla,Local,2026-09-05,8500.0,9500.0,9000.0,9000.0,quintal,9000.0,₹/quintal,True
Tamil Nadu,Karur,Gandhigramam,Ashgourd,Gouard,Local,2026-09-05,2200.0,2500.0,2350.0,2350.0,quintal,2350.0,₹/quintal,True
Tamil Nadu,Karur,Gandhigramam,Baby Corn,Baby Corn,Grade A,2026-09-05,3500.0,4000.0,3750.0,3750.0,quintal,3750.0,₹/quintal,True
Tamil Nadu,Karur,Gandhigramam,Banana,Other,Local,2026-09-05,5000.0,6000.0,5500.0,5500.0,quintal,5500.0,₹/quintal,True
Tamil Nadu,Karur,Gandhigramam,Banana - Green,Banana - Green,Local,2026-09-05,2000.0,3000.0,2500.0,2500.0,quintal,2500.0,₹/quintal,True
Tamil Nadu,Karur,Gandhigramam,Beans,Beans (Whole),Local,2026-09-05,7000.0,8000.0,7500.0,7500.0,quintal,7500.0,₹/quintal,True
Tamil Nadu,Karur,Gandhigramam,Beetroot,Beetroot,Local,2026-09-05,6500.0,7000.0,6750.0,6750.0,quintal,6750.0,₹/quintal,True
Tamil Nadu,Karur,Gandhigramam,Bhindi(Ladies Finger),Bhindi,Local,2026-09-05,3500.0,4000.0,3750.0,3750.0,quintal,3750.0,₹/quintal,True
Tamil Nadu,Karur,Gandhigramam,Bitter gourd,Other,Local,2026-09-05,5500.0,6000.0,5750.0,5750.0,quintal,5750.0,₹/quintal,True
Tamil Nadu,Karur,Gandhigramam,Bottle gourd,Bottle Gourd,Local,2026-09-05,2500.0,3000.0,2750.0,2750.0,quintal,2750.0,₹/quintal,True
Tamil Nadu,Karur,Gandhigramam,Brinjal,Other,Local,2026-09-05,3500.0,4000.0,3750.0,3750.0,quintal,3750.0,₹/quintal,True
Tamil Nadu,Karur,Gandhigramam,Cabbage,Cabbage,Local,2026-09-05,4500.0,5000.0,4750.0,4750.0,quintal,4750.0,₹/quintal,True
Tamil Nadu,Karur,Gandhigramam,Carrot,Pusakesar,Local,2026-09-05,6000.0,7000.0,6500.0,6500.0,quintal,6500.0,₹/quintal,True
Tamil Nadu,Karur,Gandhigramam,Cauliflower,Ranchi,Local,2026-09-05,4500.0,5000.0,4750.0,4750.0,quintal,4750.0,₹/quintal,True
Tamil Nadu,Karur,Gandhigramam,Chikoos(Sapota),Sapota,Local,2026-09-05,5500.0,6000.0,5750.0,5750.0,quintal,5750.0,₹/quintal,True
Tamil Nadu,Karur,Gandhigramam,Chow Chow,Chow Chow,Local,2026-09-05,3500.0,4000.0,3750.0,3750.0,quintal,3750.0,₹/quintal,True
Tamil Nadu,Karur,Gandhigramam,Cluster beans,Cluster Beans,Local,2026-09-05,3000.0,3500.0,3250.0,3250.0,quintal,3250.0,₹/quintal,True
Tamil Nadu,Karur,Gandhigramam,Coconut,Coconut,Local,2026-09-05,5500.0,6000.0,5750.0,5750.0,quintal,5750.0,₹/quintal,True
Tamil Nadu,Karur,Gandhigramam,Coriander(Leaves),I Sort,Local,2026-09-05,5500.0,6000.0,5750.0,5750.0,quintal,5750.0,₹/quintal,True
Tamil Nadu,Karur,Gandhigramam,Cowpea(Veg),Cowpea (Veg),Local,2026-09-05,3500.0,4000.0,3750.0,3750.0,quintal,3750.0,₹/quintal,True
Tamil Nadu,Karur,Gandhigramam,Cucumbar(Kheera),Cucumbar,Local,2026-09-05,4000.0,8000.0,6000.0,6000.0,quintal,6000.0,₹/quintal,True
Tamil Nadu,Karur,Gandhigramam,Drumstick,Drumstick,Local,2026-09-05,2500.0,3000.0,2750.0,2750.0,quintal,2750.0,₹/quintal,True
Tamil Nadu,Karur,Gandhigramam,Elephant Yam(Suran)/Amorphophallus,Elephant Yam (Suran),Local,2026-09-05,4000.0,5000.0,4500.0,4500.0,quintal,4500.0,₹/quintal,True
Tamil Nadu,Karur,Gandhigramam,Ginger(Green),Green Ginger,Local,2026-09-05,16000.0,18000.0,17000.0,17000.0,quintal,17000.0,₹/quintal,True
Tamil Nadu,Karur,Gandhigramam,Green Avare(W),Other,Local,2026-09-05,7000.0,8000.0,7500.0,7500.0,quintal,7500.0,₹/quintal,True
Tamil Nadu,Karur,Gandhigramam,Green Chilli,Green Chilly,Local,2026-09-05,4500.0,5000.0,4750.0,4750.0,quintal,4750.0,₹/quintal,True
Tamil Nadu,Karur,Gandhigramam,Guava,Guava Allahabad,Local,2026-09-05,6000.0,7000.0,6500.0,6500.0,quintal,6500.0,₹/quintal,True
Tamil Nadu,Karur,Gandhigramam,Lemon,Lemon,Local,2026-09-05,25000.0,28000.0,26500.0,26500.0,quintal,26500.0,₹/quintal,True
Tamil Nadu,Karur,Gandhigramam,Mint(Pudina),Mint(Pudina),Local,2026-09-05,5500.0,6000.0,5750.0,5750.0,quintal,5750.0,₹/quintal,True
Tamil Nadu,Karur,Gandhigramam,Onion,Bellary,Local,2026-09-05,5500.0,6000.0,5750.0,5750.0,quintal,5750.0,₹/quintal,True
Tamil Nadu,Karur,Gandhigramam,Onion Green,Onion Green,Local,2026-09-05,7500.0,8000.0,7750.0,7750.0,quintal,7750.0,₹/quintal,True
Tamil Nadu,Karur,Gandhigramam,Papaya,Papaya,Local,2026-09-05,4000.0,4500.0,4250.0,4250.0,quintal,4250.0,₹/quintal,True
Tamil Nadu,Karur,Gandhigramam,Potato,Other,Local,2026-09-05,3500.0,6000.0,4750.0,4750.0,quintal,4750.0,₹/quintal,True
Tamil Nadu,Karur,Gandhigramam,Pumpkin,Pumpkin,Local,2026-09-05,2200.0,2500.0,2350.0,2350.0,quintal,2350.0,₹/quintal,True
Tamil Nadu,Karur,Gandhigramam,Raddish,Raddish,Local,2026-09-05,2500.0,3000.0,2750.0,2750.0,quintal,2750.0,₹/quintal,True
Tamil Nadu,Karur,Gandhigramam,Ridgeguard(Tori),Ridgeguard(Tori),Local,2026-09-05,4500.0,5000.0,4750.0,4750.0,quintal,4750.0,₹/quintal,True
Tamil Nadu,Karur,Gandhigramam,Snakeguard,Snakeguard,Local,2026-09-05,3000.0,3500.0,3250.0,3250.0,quintal,3250.0,₹/quintal,True
Tamil Nadu,Karur,Gandhigramam,Sweet Potato,Hosur Red,Local,2026-09-05,3500.0,4000.0,3750.0,3750.0,quintal,3750.0,₹/quintal,True
Tamil Nadu,Karur,Gandhigramam,Tapioca,Tapioca,Local,2026-09-05,3000.0,3500.0,3250.0,3250.0,quintal,3250.0,₹/quintal,True
Tamil Nadu,Karur,Gandhigramam,Thondekai,Thondekai,Local,2026-09-05,4000.0,4500.0,4250.0,4250.0,quintal,4250.0,₹/quintal,True
Tamil Nadu,Karur,Gandhigramam,Tomato,Other,Local,2026-09-05,2800.0,3000.0,2900.0,2900.0,quintal,2900.0,₹/quintal,True
Tamil Nadu,Karur,Karur,Amaranthus,Amaranthus,Local,2026-09-05,2000.0,2500.0,2250.0,2250.0,quintal,2250.0,₹/quintal,True
Tamil Nadu,Karur,Karur,Ashgourd,Gouard,Local,2026-09-05,2000.0,2500.0,2250.0,2250.0,quintal,2250.0,₹/quintal,True
Tamil Nadu,Karur,Karur,Banana,Red Banana,Local,2026-09-05,5000.0,6000.0,5500.0,5500.0,quintal,5500.0,₹/quintal,True
Tamil Nadu,Karur,Karur,Banana - Green,Banana - Green,Local,2026-09-05,2500.0,3000.0,2750.0,2750.0,quintal,2750.0,₹/quintal,True
Tamil Nadu,Karur,Karur,Beans,Beans (Whole),Local,2026-09-05,7500.0,8000.0,7750.0,7750.0,quintal,7750.0,₹/quintal,True
Tamil Nadu,Karur,Karur,Beetroot,Beetroot,Local,2026-09-05,6500.0,7000.0,6750.0,6750.0,quintal,6750.0,₹/quintal,True
Tamil Nadu,Karur,Karur,Bhindi(Ladies Finger),Bhindi,Local,2026-09-05,3500.0,4000.0,3750.0,3750.0,quintal,3750.0,₹/quintal,True
Tamil Nadu,Karur,Karur,Bitter gourd,Other,Local,2026-09-05,5500.0,6000.0,5750.0,5750.0,quintal,5750.0,₹/quintal,True
Tamil Nadu,Karur,Karur,Bottle gourd,Bottle Gourd,Local,2026-09-05,2500.0,3000.0,2750.0,2750.0,quintal,2750.0,₹/quintal,True
Tamil Nadu,Karur,Karur,Brinjal,Other,Local,2026-09-05,4000.0,5000.0,4500.0,4500.0,quintal,4500.0,₹/quintal,True
Tamil Nadu,Karur,Karur,Cabbage,Cabbage,Local,2026-09-05,4500.0,5000.0,4750.0,4750.0,quintal,4750.0,₹/quintal,True
Tamil Nadu,Karur,Karur,Carrot,Pusakesar,Local,2026-09-05,6500.0,7000.0,6750.0,6750.0,quintal,6750.0,₹/quintal,True
Tamil Nadu,Karur,Karur,Cauliflower,Ranchi,Local,2026-09-05,4500.0,5000.0,4750.0,4750.0,quintal,4750.0,₹/quintal,True
Tamil Nadu,Karur,Karur,Chow Chow,Chow Chow,Local,2026-09-05,3500.0,4000.0,3750.0,3750.0,quintal,3750.0,₹/quintal,True
Tamil Nadu,Karur,Karur,Cluster beans,Cluster Beans,Local,2026-09-05,3000.0,3500.0,3250.0,3250.0,quintal,3250.0,₹/quintal,True
Tamil Nadu,Karur,Karur,Coconut,Coconut,Local,2026-09-05,5500.0,6000.0,5750.0,5750.0,quintal,5750.0,₹/quintal,True
Tamil Nadu,Karur,Karur,Colacasia,Colacasia,Local,2026-09-05,6500.0,7000.0,6750.0,6750.0,quintal,6750.0,₹/quintal,True
Tamil Nadu,Karur,Karur,Coriander(Leaves),I Sort,Local,2026-09-05,5500.0,6000.0,5750.0,5750.0,quintal,5750.0,₹/quintal,True
Tamil Nadu,Karur,Karur,Cowpea(Veg),Cowpea (Veg),Local,2026-09-05,3500.0,4000.0,3750.0,3750.0,quintal,3750.0,₹/quintal,True
Tamil Nadu,Karur,Karur,Drumstick,Drumstick,Local,2026-09-05,2500.0,3000.0,2750.0,2750.0,quintal,2750.0,₹/quintal,True
Tamil Nadu,Karur,Karur,Elephant Yam(Suran)/Amorphophallus,Elephant Yam (Suran),Local,2026-09-05,4500.0,5000.0,4750.0,4750.0,quintal,4750.0,₹/quintal,True
Tamil Nadu,Karur,Karur,Ginger(Green),Green Ginger,Local,2026-09-05,17500.0,18000.0,17750.0,17750.0,quintal,17750.0,₹/quintal,True
Tamil Nadu,Karur,Karur,Green Avare(W),Other,Local,2026-09-05,7000.0,8000.0,7500.0,7500.0,quintal,7500.0,₹/quintal,True
Tamil Nadu,Karur,Karur,Green Chilli,Green Chilly,Local,2026-09-05,4000.0,5000.0,4500.0,4500.0,quintal,4500.0,₹/quintal,True
Tamil Nadu,Karur,Karur,Lemon,Lemon,Local,2026-09-05,27500.0,28000.0,27750.0,27750.0,quintal,27750.0,₹/quintal,True
Tamil Nadu,Karur,Karur,Mango(Raw-Ripe),Mango - Raw-Ripe,Local,2026-09-05,8500.0,9000.0,8750.0,8750.0,quintal,8750.0,₹/quintal,True
Tamil Nadu,Karur,Karur,Mint(Pudina),Mint(Pudina),Local,2026-09-05,5500.0,6000.0,5750.0,5750.0,quintal,5750.0,₹/quintal,True
Tamil Nadu,Karur,Karur,Onion,Bellary,Local,2026-09-05,5500.0,6000.0,5750.0,5750.0,quintal,5750.0,₹/quintal,True
Tamil Nadu,Karur,Karur,Onion Green,Onion Green,Local,2026-09-05,7500.0,8000.0,7750.0,7750.0,quintal,7750.0,₹/quintal,True
Tamil Nadu,Karur,Karur,Papaya,Papaya,Local,2026-09-05,4000.0,4500.0,4250.0,4250.0,quintal,4250.0,₹/quintal,True
Tamil Nadu,Karur,Karur,Potato,Other,Local,2026-09-05,5500.0,6000.0,5750.0,5750.0,quintal,5750.0,₹/quintal,True
Tamil Nadu,Karur,Karur,Pumpkin,Pumpkin,Local,2026-09-05,2000.0,2500.0,2250.0,2250.0,quintal,2250.0,₹/quintal,True
Tamil Nadu,Karur,Karur,Raddish,Raddish,Local,2026-09-05,2500.0,3000.0,2750.0,2750.0,quintal,2750.0,₹/quintal,True
Tamil Nadu,Karur,Karur,Ridgeguard(Tori),Ridgeguard(Tori),Local,2026-09-05,4500.0,5000.0,4750.0,4750.0,quintal,4750.0,₹/quintal,True
Tamil Nadu,Karur,Karur,Snakeguard,Snakeguard,Local,2026-09-05,3000.0,3500.0,3250.0,3250.0,quintal,3250.0,₹/quintal,True
Tamil Nadu,Karur,Karur,Sweet Corn ,Sweet Corn ,Local,2026-09-05,3500.0,4000.0,3750.0,3750.0,quintal,3750.0,₹/quintal,True
Tamil Nadu,Karur,Karur,Thondekai,Thondekai,Local,2026-09-05,4000.0,4500.0,4250.0,4250.0,quintal,4250.0,₹/quintal,True
Tamil Nadu,Karur,Karur,Tomato,Deshi,Local,2026-09-05,2500.0,3000.0,2750.0,2750.0,quintal,2750.0,₹/quintal,True
Tamil Nadu,Karur,Karur,Yam(Ratalu),Yam (Ratalu),Local,2026-09-05,9000.0,10000.0,9500.0,9500.0,quintal,9500.0,₹/quintal,True
Tamil Nadu,Karur,Kulithalai,Amaranthus,Amaranthus,Local,2026-09-05,2000.0,3000.0,2500.0,2500.0,quintal,2500.0,₹/quintal,True
Tamil Nadu,Karur,Kulithalai,Amla(Nelli Kai),Amla,Local,2026-09-05,7000.0,8000.0,7500.0,7500.0,quintal,7500.0,₹/quintal,True
Tamil Nadu,Karur,Kulithalai,Ashgourd,Gouard,Local,2026-09-05,2500.0,3000.0,2750.0,2750.0,quintal,2750.0,₹/quintal,True
Tamil Nadu,Karur,Kulithalai,Banana,Other,Local,2026-09-05,5500.0,6500.0,6000.0,6000.0,quintal,6000.0,₹/quintal,True
Tamil Nadu,Karur,Kulithalai,Banana - Green,Banana - Green,Local,2026-09-05,3000.0,3500.0,3250.0,3250.0,quintal,3250.0,₹/quintal,True
Tamil Nadu,Karur,Kulithalai,Beans,Beans (Whole),Local,2026-09-05,7000.0,8000.0,7500.0,7500.0,quintal,7500.0,₹/quintal,True
Tamil Nadu,Karur,Kulithalai,Beetroot,Beetroot,Local,2026-09-05,5000.0,6000.0,5500.0,5500.0,quintal,5500.0,₹/quintal,True
Tamil Nadu,Karur,Kulithalai,Betal Leaves,Mysore,Local,2026-09-05,8000.0,10000.0,9000.0,9000.0,quintal,9000.0,₹/quintal,True
Tamil Nadu,Karur,Kulithalai,Bhindi(Ladies Finger),Bhindi,Local,2026-09-05,3000.0,3600.0,3300.0,3300.0,quintal,3300.0,₹/quintal,True
Tamil Nadu,Karur,Kulithalai,Bitter gourd,Other,Local,2026-09-05,5000.0,5600.0,5300.0,5300.0,quintal,5300.0,₹/quintal,True
Tamil Nadu,Karur,Kulithalai,Bottle gourd,Bottle Gourd,Local,2026-09-05,1000.0,2000.0,1500.0,1500.0,quintal,1500.0,₹/quintal,True
Tamil Nadu,Karur,Kulithalai,Brinjal,Other,Local,2026-09-05,3000.0,3600.0,3300.0,3300.0,quintal,3300.0,₹/quintal,True
Tamil Nadu,Karur,Kulithalai,Cabbage,Cabbage,Local,2026-09-05,3000.0,3200.0,3100.0,3100.0,quintal,3100.0,₹/quintal,True
Tamil Nadu,Karur,Kulithalai,Carrot,Pusakesar,Local,2026-09-05,6000.0,7000.0,6500.0,6500.0,quintal,6500.0,₹/quintal,True
Tamil Nadu,Karur,Kulithalai,Cauliflower,Ranchi,Local,2026-09-05,3000.0,4000.0,3500.0,3500.0,quintal,3500.0,₹/quintal,True
Tamil Nadu,Karur,Kulithalai,Chikoos(Sapota),Sapota,Local,2026-09-05,4000.0,5000.0,4500.0,4500.0,quintal,4500.0,₹/quintal,True
Tamil Nadu,Karur,Kulithalai,Chow Chow,Chow Chow,Local,2026-09-05,3000.0,4000.0,3500.0,3500.0,quintal,3500.0,₹/quintal,True
Tamil Nadu,Karur,Kulithalai,Cluster beans,Cluster Beans,Local,2026-09-05,3000.0,4000.0,3500.0,3500.0,quintal,3500.0,₹/quintal,True
Tamil Nadu,Karur,Kulithalai,Coconut,Coconut,Local,2026-09-05,4000.0,6000.0,5000.0,5000.0,quintal,5000.0,₹/quintal,True
Tamil Nadu,Karur,Kulithalai,Colacasia,Colacasia,Local,2026-09-05,5000.0,6000.0,5500.0,5500.0,quintal,5500.0,₹/quintal,True
Tamil Nadu,Karur,Kulithalai,Coriander(Leaves),I Sort,Local,2026-09-05,2000.0,3000.0,2500.0,2500.0,quintal,2500.0,₹/quintal,True
Tamil Nadu,Karur,Kulithalai,Cowpea(Veg),Cowpea (Veg),Local,2026-09-05,3000.0,4000.0,3500.0,3500.0,quintal,3500.0,₹/quintal,True
Tamil Nadu,Karur,Kulithalai,Cucumbar(Kheera),Cucumbar,Local,2026-09-05,6000.0,6500.0,6250.0,6250.0,quintal,6250.0,₹/quintal,True
Tamil Nadu,Karur,Kulithalai,Drumstick,Drumstick,Local,2026-09-05,2000.0,3000.0,2500.0,2500.0,quintal,2500.0,₹/quintal,True
Tamil Nadu,Karur,Kulithalai,Elephant Yam(Suran)/Amorphophallus,Elephant Yam (Suran),Local,2026-09-05,4000.0,5000.0,4500.0,4500.0,quintal,4500.0,₹/quintal,True
Tamil Nadu,Karur,Kulithalai,Ginger(Green),Green Ginger,Local,2026-09-05,15000.0,17000.0,16000.0,16000.0,quintal,16000.0,₹/quintal,True
Tamil Nadu,Karur,Kulithalai,Green Avare(W),Other,Local,2026-09-05,6500.0,7000.0,6750.0,6750.0,quintal,6750.0,₹/quintal,True
Tamil Nadu,Karur,Kulithalai,Green Chilli,Green Chilly,Local,2026-09-05,4000.0,5000.0,4500.0,4500.0,quintal,4500.0,₹/quintal,True
Tamil Nadu,Karur,Kulithalai,Knool Khol,Knool Khol,Local,2026-09-05,4000.0,5000.0,4500.0,4500.0,quintal,4500.0,₹/quintal,True
Tamil Nadu,Karur,Kulithalai,Lemon,Lemon,Local,2026-09-05,15000.0,20000.0,17500.0,17500.0,quintal,17500.0,₹/quintal,True
Tamil Nadu,Karur,Kulithalai,Mango(Raw-Ripe),Mango - Raw-Ripe,Local,2026-09-05,7000.0,9000.0,8000.0,8000.0,quintal,8000.0,₹/quintal,True
Tamil Nadu,Karur,Kulithalai,Mashrooms,Mashrooms,Local,2026-09-05,20000.0,20000.0,20000.0,20000.0,quintal,20000.0,₹/quintal,True
Tamil Nadu,Karur,Kulithalai,Mint(Pudina),Mint(Pudina),Local,2026-09-05,4000.0,5000.0,4500.0,4500.0,quintal,4500.0,₹/quintal,True
Tamil Nadu,Karur,Kulithalai,Onion,Bellary,Local,2026-09-05,5000.0,6000.0,5500.0,5500.0,quintal,5500.0,₹/quintal,True
Tamil Nadu,Karur,Kulithalai,Onion Green,Onion Green,Local,2026-09-05,6000.0,8000.0,7000.0,7000.0,quintal,7000.0,₹/quintal,True
Tamil Nadu,Karur,Kulithalai,Papaya,Papaya,Local,2026-09-05,3000.0,4000.0,3500.0,3500.0,quintal,3500.0,₹/quintal,True
Tamil Nadu,Karur,Kulithalai,Potato,Other,Local,2026-09-05,4000.0,5500.0,4750.0,4750.0,quintal,4750.0,₹/quintal,True
Tamil Nadu,Karur,Kulithalai,Pumpkin,Pumpkin,Local,2026-09-05,2000.0,3000.0,2500.0,2500.0,quintal,2500.0,₹/quintal,True
Tamil Nadu,Karur,Kulithalai,Raddish,Raddish,Local,2026-09-05,2800.0,3000.0,2900.0,2900.0,quintal,2900.0,₹/quintal,True
Tamil Nadu,Karur,Kulithalai,Ridgeguard(Tori),Ridgeguard(Tori),Local,2026-09-05,4000.0,5000.0,4500.0,4500.0,quintal,4500.0,₹/quintal,True
Tamil Nadu,Karur,Kulithalai,Snakeguard,Snakeguard,Local,2026-09-05,3000.0,3600.0,3300.0,3300.0,quintal,3300.0,₹/quintal,True
Tamil Nadu,Karur,Kulithalai,Sweet Corn ,Sweet Corn ,Local,2026-09-05,4000.0,5000.0,4500.0,4500.0,quintal,4500.0,₹/quintal,True
Tamil Nadu,Karur,Kulithalai,Tapioca,Tapioca,Local,2026-09-05,2500.0,3000.0,2750.0,2750.0,quintal,2750.0,₹/quintal,True
Tamil Nadu,Karur,Kulithalai,Thondekai,Thondekai,Local,2026-09-05,4000.0,5000.0,4500.0,4500.0,quintal,4500.0,₹/quintal,True
Tamil Nadu,Karur,Kulithalai,Tomato,Other,Local,2026-09-05,2000.0,3000.0,2500.0,2500.0,quintal,2500.0,₹/quintal,True
Tamil Nadu,Karur,Kulithalai,Turnip,Turnip,Local,2026-09-05,4000.0,5000.0,4500.0,4500.0,quintal,4500.0,₹/quintal,True
Tamil Nadu,Karur,Kulithalai,Water Melon,Water Melon,Local,2026-09-05,2000.0,3000.0,2500.0,2500.0,quintal,2500.0,₹/quintal,True
Tamil Nadu,Karur,Kulithalai,Yam(Ratalu),Yam (Ratalu),Local,2026-09-05,5000.0,8000.0,6500.0,6500.0,quintal,6500.0,₹/quintal,True
Tamil Nadu,Karur,Pallapatti,Amaranthus,Amaranthus,Local,2026-09-05,2500.0,3000.0,2750.0,2750.0,quintal,2750.0,₹/quintal,True
Tamil Nadu,Karur,Pallapatti,Amla(Nelli Kai),Amla,Local,2026-09-05,7500.0,8000.0,7750.0,7750.0,quintal,7750.0,₹/quintal,True
Tamil Nadu,Karur,Pallapatti,Ashgourd,Gouard,Local,2026-09-05,2200.0,2500.0,2350.0,2350.0,quintal,2350.0,₹/quintal,True
Tamil Nadu,Karur,Pallapatti,Baby Corn,Baby Corn,Grade A,2026-09-05,4500.0,5000.0,4750.0,4750.0,quintal,4750.0,₹/quintal,True
Tamil Nadu,Karur,Pallapatti,Banana,Other,Local,2026-09-05,5500.0,6000.0,5750.0,5750.0,quintal,5750.0,₹/quintal,True
Tamil Nadu,Karur,Pallapatti,Banana - Green,Banana - Green,Local,2026-09-05,2500.0,3000.0,2750.0,2750.0,quintal,2750.0,₹/quintal,True
Tamil Nadu,Karur,Pallapatti,Bhindi(Ladies Finger),Bhindi,Local,2026-09-05,3500.0,4000.0,3750.0,3750.0,quintal,3750.0,₹/quintal,True
Tamil Nadu,Karur,Pallapatti,Bitter gourd,Other,Local,2026-09-05,5500.0,6000.0,5750.0,5750.0,quintal,5750.0,₹/quintal,True
Tamil Nadu,Karur,Pallapatti,Bottle gourd,Bottle Gourd,Local,2026-09-05,2500.0,3000.0,2750.0,2750.0,quintal,2750.0,₹/quintal,True
Tamil Nadu,Karur,Pallapatti,Brinjal,Other,Local,2026-09-05,5000.0,6000.0,5500.0,5500.0,quintal,5500.0,₹/quintal,True
Tamil Nadu,Karur,Pallapatti,Chikoos(Sapota),Sapota,Local,2026-09-05,3500.0,4000.0,3750.0,3750.0,quintal,3750.0,₹/quintal,True
Tamil Nadu,Karur,Pallapatti,Cluster beans,Cluster Beans,Local,2026-09-05,3500.0,4000.0,3750.0,3750.0,quintal,3750.0,₹/quintal,True
Tamil Nadu,Karur,Pallapatti,Coconut,Coconut,Local,2026-09-05,5500.0,6000.0,5750.0,5750.0,quintal,5750.0,₹/quintal,True
Tamil Nadu,Karur,Pallapatti,Coriander(Leaves),I Sort,Local,2026-09-05,4500.0,5000.0,4750.0,4750.0,quintal,4750.0,₹/quintal,True
Tamil Nadu,Karur,Pallapatti,Drumstick,Drumstick,Local,2026-09-05,2200.0,2500.0,2350.0,2350.0,quintal,2350.0,₹/quintal,True
Tamil Nadu,Karur,Pallapatti,Green Avare(W),Other,Local,2026-09-05,7500.0,8000.0,7750.0,7750.0,quintal,7750.0,₹/quintal,True
Tamil Nadu,Karur,Pallapatti,Green Chilli,Green Chilly,Local,2026-09-05,5000.0,6000.0,5500.0,5500.0,quintal,5500.0,₹/quintal,True
Tamil Nadu,Karur,Pallapatti,Guava,Guava Allahabad,Local,2026-09-05,5500.0,6000.0,5750.0,5750.0,quintal,5750.0,₹/quintal,True
Tamil Nadu,Karur,Pallapatti,Lemon,Lemon,Local,2026-09-05,18000.0,20000.0,19000.0,19000.0,quintal,19000.0,₹/quintal,True
Tamil Nadu,Karur,Pallapatti,Lime,Lime,Local,2026-09-05,3500.0,4000.0,3750.0,3750.0,quintal,3750.0,₹/quintal,True
Tamil Nadu,Karur,Pallapatti,Mango(Raw-Ripe),Mango - Raw-Ripe,Local,2026-09-05,8000.0,10000.0,9000.0,9000.0,quintal,9000.0,₹/quintal,True
Tamil Nadu,Karur,Pallapatti,Mint(Pudina),Mint(Pudina),Local,2026-09-05,4500.0,5000.0,4750.0,4750.0,quintal,4750.0,₹/quintal,True
Tamil Nadu,Karur,Pallapatti,Onion Green,Onion Green,Local,2026-09-05,7000.0,8000.0,7500.0,7500.0,quintal,7500.0,₹/quintal,True
Tamil Nadu,Karur,Pallapatti,Papaya,Papaya,Local,2026-09-05,3500.0,4000.0,3750.0,3750.0,quintal,3750.0,₹/quintal,True
Tamil Nadu,Karur,Pallapatti,Pumpkin,Pumpkin,Local,2026-09-05,2200.0,2500.0,2350.0,2350.0,quintal,2350.0,₹/quintal,True
Tamil Nadu,Karur,Pallapatti,Raddish,Raddish,Local,2026-09-05,3500.0,4000.0,3750.0,3750.0,quintal,3750.0,₹/quintal,True
Tamil Nadu,Karur,Pallapatti,Ridgeguard(Tori),Ridgeguard(Tori),Local,2026-09-05,5500.0,6000.0,5750.0,5750.0,quintal,5750.0,₹/quintal,True
Tamil Nadu,Karur,Pallapatti,Snakeguard,Snakeguard,Local,2026-09-05,3500.0,4000.0,3750.0,3750.0,quintal,3750.0,₹/quintal,True
Tamil Nadu,Karur,Pallapatti,Sweet Potato,Hosur Red,Local,2026-09-05,4500.0,5000.0,4750.0,4750.0,quintal,4750.0,₹/quintal,True
Tamil Nadu,Karur,Pallapatti,Tapioca,Tapioca,Local,2026-09-05,2500.0,3000.0,2750.0,2750.0,quintal,2750.0,₹/quintal,True
Tamil Nadu,Karur,Pallapatti,Tomato,Other,Local,2026-09-05,2500.0,2800.0,2650.0,2650.0,quintal,2650.0,₹/quintal,True
Tamil Nadu,Karur,Velayuthampalayam,Amaranthus,Amaranthus,Local,2026-09-05,2000.0,2500.0,2250.0,2250.0,quintal,2250.0,₹/quintal,True
Tamil Nadu,Karur,Velayuthampalayam,Ashgourd,Gouard,Local,2026-09-05,2000.0,2500.0,2250.0,2250.0,quintal,2250.0,₹/quintal,True
Tamil Nadu,Karur,Velayuthampalayam,Banana,Other,Local,2026-09-05,5000.0,6000.0,5500.0,5500.0,quintal,5500.0,₹/quintal,True
Tamil Nadu,Karur,Velayuthampalayam,Banana - Green,Banana - Green,Local,2026-09-05,2400.0,3000.0,2700.0,2700.0,quintal,2700.0,₹/quintal,True
Tamil Nadu,Karur,Velayuthampalayam,Bhindi(Ladies Finger),Bhindi,Local,2026-09-05,3200.0,4000.0,3600.0,3600.0,quintal,3600.0,₹/quintal,True
Tamil Nadu,Karur,Velayuthampalayam,Bitter gourd,Bitter Gourd,Local,2026-09-05,5000.0,6000.0,5500.0,5500.0,quintal,5500.0,₹/quintal,True
Tamil Nadu,Karur,Velayuthampalayam,Bottle gourd,Bottle Gourd,Local,2026-09-05,2400.0,3000.0,2700.0,2700.0,quintal,2700.0,₹/quintal,True
Tamil Nadu,Karur,Velayuthampalayam,Brinjal,Other,Local,2026-09-05,3200.0,4000.0,3600.0,3600.0,quintal,3600.0,₹/quintal,True
Tamil Nadu,Karur,Velayuthampalayam,Cluster beans,Cluster Beans,Local,2026-09-05,2800.0,3500.0,3150.0,3150.0,quintal,3150.0,₹/quintal,True
Tamil Nadu,Karur,Velayuthampalayam,Coconut,Coconut,Local,2026-09-05,5200.0,6000.0,5600.0,5600.0,quintal,5600.0,₹/quintal,True
Tamil Nadu,Karur,Velayuthampalayam,Coriander(Leaves),I Sort,Local,2026-09-05,5000.0,6000.0,5500.0,5500.0,quintal,5500.0,₹/quintal,True
Tamil Nadu,Karur,Velayuthampalayam,Drumstick,Drumstick,Local,2026-09-05,2400.0,3000.0,2700.0,2700.0,quintal,2700.0,₹/quintal,True
Tamil Nadu,Karur,Velayuthampalayam,Ginger(Green),Green Ginger,Local,2026-09-05,16000.0,18000.0,17000.0,17000.0,quintal,17000.0,₹/quintal,True
Tamil Nadu,Karur,Velayuthampalayam,Green Avare(W),Other,Local,2026-09-05,7000.0,8000.0,7500.0,7500.0,quintal,7500.0,₹/quintal,True
Tamil Nadu,Karur,Velayuthampalayam,Green Chilli,Green Chilly,Local,2026-09-05,4000.0,5000.0,4500.0,4500.0,quintal,4500.0,₹/quintal,True
Tamil Nadu,Karur,Velayuthampalayam,Lemon,Lemon,Local,2026-09-05,26000.0,28000.0,27000.0,27000.0,quintal,27000.0,₹/quintal,True
Tamil Nadu,Karur,Velayuthampalayam,Mint(Pudina),Mint(Pudina),Local,2026-09-05,5200.0,6000.0,5600.0,5600.0,quintal,5600.0,₹/quintal,True
Tamil Nadu,Karur,Velayuthampalayam,Onion Green,Onion Green,Local,2026-09-05,7000.0,8000.0,7500.0,7500.0,quintal,7500.0,₹/quintal,True
Tamil Nadu,Karur,Velayuthampalayam,Pumpkin,Pumpkin,Local,2026-09-05,2000.0,2500.0,2250.0,2250.0,quintal,2250.0,₹/quintal,True
Tamil Nadu,Karur,Velayuthampalayam,Raddish,Raddish,Local,2026-09-05,2400.0,3000.0,2700.0,2700.0,quintal,2700.0,₹/quintal,True
Tamil Nadu,Karur,Velayuthampalayam,Ridgeguard(Tori),Ridgeguard(Tori),Local,2026-09-05,4000.0,5000.0,4500.0,4500.0,quintal,4500.0,₹/quintal,True
Tamil Nadu,Karur,Velayuthampalayam,Snakeguard,Snakeguard,Local,2026-09-05,2800.0,3500.0,3150.0,3150.0,quintal,3150.0,₹/quintal,True
Tamil Nadu,Karur,Velayuthampalayam,Tomato,Other,Local,2026-09-05,2400.0,3000.0,2700.0,2700.0,quintal,2700.0,₹/quintal,True
Tamil Nadu,Karur,Vengamedu,Amaranthus,Amaranthus,Local,2026-09-05,2000.0,2500.0,2250.0,2250.0,quintal,2250.0,₹/quintal,True
Tamil Nadu,Karur,Vengamedu,Banana,Red Banana,Local,2026-09-05,5000.0,6000.0,5500.0,5500.0,quintal,5500.0,₹/quintal,True
Tamil Nadu,Karur,Vengamedu,Banana - Green,Banana - Green,Local,2026-09-05,2500.0,3000.0,2750.0,2750.0,quintal,2750.0,₹/quintal,True
Tamil Nadu,Karur,Vengamedu,Bhindi(Ladies Finger),Bhindi,Local,2026-09-05,3500.0,4000.0,3750.0,3750.0,quintal,3750.0,₹/quintal,True
Tamil Nadu,Karur,Vengamedu,Bitter gourd,Other,Local,2026-09-05,5500.0,6000.0,5750.0,5750.0,quintal,5750.0,₹/quintal,True
Tamil Nadu,Karur,Vengamedu,Bottle gourd,Bottle Gourd,Local,2026-09-05,2500.0,3000.0,2750.0,2750.0,quintal,2750.0,₹/quintal,True
Tamil Nadu,Karur,Vengamedu,Brinjal,Other,Local,2026-09-05,4000.0,5000.0,4500.0,4500.0,quintal,4500.0,₹/quintal,True
Tamil Nadu,Karur,Vengamedu,Cluster beans,Cluster Beans,Local,2026-09-05,3000.0,3500.0,3250.0,3250.0,quintal,3250.0,₹/quintal,True
Tamil Nadu,Karur,Vengamedu,Coconut,Coconut,Local,2026-09-05,5500.0,6000.0,5750.0,5750.0,quintal,5750.0,₹/quintal,True
Tamil Nadu,Karur,Vengamedu,Coriander(Leaves),I Sort,Local,2026-09-05,5500.0,6000.0,5750.0,5750.0,quintal,5750.0,₹/quintal,True
Tamil Nadu,Karur,Vengamedu,Drumstick,Drumstick,Local,2026-09-05,2500.0,3000.0,2750.0,2750.0,quintal,2750.0,₹/quintal,True
Tamil Nadu,Karur,Vengamedu,Green Avare(W),Other,Local,2026-09-05,7000.0,8000.0,7500.0,7500.0,quintal,7500.0,₹/quintal,True
Tamil Nadu,Karur,Vengamedu,Green Chilli,Green Chilly,Local,2026-09-05,4000.0,5000.0,4500.0,4500.0,quintal,4500.0,₹/quintal,True
Tamil Nadu,Karur,Vengamedu,Mint(Pudina),Mint(Pudina),Local,2026-09-05,5500.0,6000.0,5750.0,5750.0,quintal,5750.0,₹/quintal,True
Tamil Nadu,Karur,Vengamedu,Onion Green,Onion Green,Local,2026-09-05,7500.0,8000.0,7750.0,7750.0,quintal,7750.0,₹/quintal,True
Tamil Nadu,Karur,Vengamedu,Raddish,Raddish,Local,2026-09-05,2500.0,3000.0,2750.0,2750.0,quintal,2750.0,₹/quintal,True
Tamil Nadu,Karur,Vengamedu,Ridgeguard(Tori),Ridgeguard(Tori),Local,2026-09-05,4500.0,5000.0,4750.0,4750.0,quintal,4750.0,₹/quintal,True
Tamil Nadu,Karur,Vengamedu,Snakeguard,Snakeguard,Local,2026-09-05,3000.0,3500.0,3250.0,3250.0,quintal,3250.0,₹/quintal,True
Tamil Nadu,Karur,Vengamedu,Tomato,Deshi,Local,2026-09-05,2500.0,3000.0,2750.0,2750.0,quintal,2750.0,₹/quintal,True
Tamil Nadu,Krishnagiri,Denkanikottai,Amaranthus,Amaranthus,Local,2026-09-05,3500.0,4000.0,3750.0,3750.0,quintal,3750.0,₹/quintal,True
Tamil Nadu,Krishnagiri,Denkanikottai,Ashgourd,Gouard,Local,2026-09-05,1500.0,2000.0,1750.0,1750.0,quintal,1750.0,₹/quintal,True
Tamil Nadu,Krishnagiri,Denkanikottai,Banana,Elakki Bale,Local,2026-09-05,6500.0,7000.0,6750.0,6750.0,quintal,6750.0,₹/quintal,True
Tamil Nadu,Krishnagiri,Denkanikottai,Banana - Green,Banana - Green,Local,2026-09-05,4000.0,4500.0,4250.0,4250.0,quintal,4250.0,₹/quintal,True
Tamil Nadu,Krishnagiri,Denkanikottai,Beans,Beans (Whole),Local,2026-09-05,6500.0,7000.0,6750.0,6750.0,quintal,6750.0,₹/quintal,True
Tamil Nadu,Krishnagiri,Denkanikottai,Beetroot,Beetroot,Local,2026-09-05,3000.0,3500.0,3250.0,3250.0,quintal,3250.0,₹/quintal,True
Tamil Nadu,Krishnagiri,Denkanikottai,Bhindi(Ladies Finger),Bhindi,Local,2026-09-05,2500.0,3000.0,2750.0,2750.0,quintal,2750.0,₹/quintal,True
Tamil Nadu,Krishnagiri,Denkanikottai,Bitter gourd,Bitter Gourd,Local,2026-09-05,4000.0,4500.0,4250.0,4250.0,quintal,4250.0,₹/quintal,True
Tamil Nadu,Krishnagiri,Denkanikottai,Bottle gourd,Bottle Gourd,Local,2026-09-05,2000.0,2500.0,2250.0,2250.0,quintal,2250.0,₹/quintal,True
Tamil Nadu,Krishnagiri,Denkanikottai,Brinjal,Round,Local,2026-09-05,2500.0,3000.0,2750.0,2750.0,quintal,2750.0,₹/quintal,True
Tamil Nadu,Krishnagiri,Denkanikottai,Cabbage,Cabbage,Local,2026-09-05,1200.0,1500.0,1350.0,1350.0,quintal,1350.0,₹/quintal,True
Tamil Nadu,Krishnagiri,Denkanikottai,Capsicum,Capsicum,Local,2026-09-05,3000.0,3500.0,3250.0,3250.0,quintal,3250.0,₹/quintal,True
Tamil Nadu,Krishnagiri,Denkanikottai,Carrot,Pusakesar,Local,2026-09-05,4000.0,4500.0,4250.0,4250.0,quintal,4250.0,₹/quintal,True
Tamil Nadu,Krishnagiri,Denkanikottai,Cauliflower,Ranchi,Local,2026-09-05,2000.0,2500.0,2250.0,2250.0,quintal,2250.0,₹/quintal,True
Tamil Nadu,Krishnagiri,Denkanikottai,Chow Chow,Chow Chow,Local,2026-09-05,1500.0,2000.0,1750.0,1750.0,quintal,1750.0,₹/quintal,True
Tamil Nadu,Krishnagiri,Denkanikottai,Cluster beans,Cluster Beans,Local,2026-09-05,3000.0,3500.0,3250.0,3250.0,quintal,3250.0,₹/quintal,True
Tamil Nadu,Krishnagiri,Denkanikottai,Coconut,Coconut,Local,2026-09-05,5500.0,6000.0,5750.0,5750.0,quintal,5750.0,₹/quintal,True
Tamil Nadu,Krishnagiri,Denkanikottai,Coriander(Leaves),I Sort,Local,2026-09-05,3500.0,4000.0,3750.0,3750.0,quintal,3750.0,₹/quintal,True
Tamil Nadu,Krishnagiri,Denkanikottai,Cowpea(Veg),Cowpea (Veg),Local,2026-09-05,5500.0,6000.0,5750.0,5750.0,quintal,5750.0,₹/quintal,True
Tamil Nadu,Krishnagiri,Denkanikottai,Cucumbar(Kheera),Cucumbar,Local,2026-09-05,2500.0,3000.0,2750.0,2750.0,quintal,2750.0,₹/quintal,True
Tamil Nadu,Krishnagiri,Denkanikottai,Drumstick,Drumstick,Local,2026-09-05,3500.0,4000.0,3750.0,3750.0,quintal,3750.0,₹/quintal,True
Tamil Nadu,Krishnagiri,Denkanikottai,Elephant Yam(Suran)/Amorphophallus,Elephant Yam (Suran),Local,2026-09-05,3500.0,4000.0,3750.0,3750.0,quintal,3750.0,₹/quintal,True
Tamil Nadu,Krishnagiri,Denkanikottai,Garlic,Garlic,Local,2026-09-05,22000.0,24000.0,23000.0,23000.0,quintal,23000.0,₹/quintal,True
Tamil Nadu,Krishnagiri,Denkanikottai,Ginger(Green),Green Ginger,Local,2026-09-05,12000.0,15000.0,13500.0,13500.0,quintal,13500.0,₹/quintal,True
Tamil Nadu,Krishnagiri,Denkanikottai,Green Avare(W),Green Avare (W),Local,2026-09-05,5000.0,5500.0,5250.0,5250.0,quintal,5250.0,₹/quintal,True
Tamil Nadu,Krishnagiri,Denkanikottai,Green Chilli,Green Chilly,Local,2026-09-05,3500.0,4000.0,3750.0,3750.0,quintal,3750.0,₹/quintal,True
Tamil Nadu,Krishnagiri,Denkanikottai,Knool Khol,Knool Khol,Local,2026-09-05,1200.0,1500.0,1350.0,1350.0,quintal,1350.0,₹/quintal,True
Tamil Nadu,Krishnagiri,Denkanikottai,Lemon,Lemon,Local,2026-09-05,12000.0,15000.0,13500.0,13500.0,quintal,13500.0,₹/quintal,True
Tamil Nadu,Krishnagiri,Denkanikottai,Mint(Pudina),Mint(Pudina),Local,2026-09-05,3500.0,4000.0,3750.0,3750.0,quintal,3750.0,₹/quintal,True
Tamil Nadu,Krishnagiri,Denkanikottai,Onion,Bellary,Local,2026-09-05,6000.0,6500.0,6250.0,6250.0,quintal,6250.0,₹/quintal,True
Tamil Nadu,Krishnagiri,Denkanikottai,Onion Green,Onion Green,Local,2026-09-05,8500.0,9000.0,8750.0,8750.0,quintal,8750.0,₹/quintal,True
Tamil Nadu,Krishnagiri,Denkanikottai,Papaya,Papaya,Local,2026-09-05,3500.0,4000.0,3750.0,3750.0,quintal,3750.0,₹/quintal,True
Tamil Nadu,Krishnagiri,Denkanikottai,Potato,Red Nanital,Local,2026-09-05,2000.0,2500.0,2250.0,2250.0,quintal,2250.0,₹/quintal,True
Tamil Nadu,Krishnagiri,Denkanikottai,Raddish,Raddish,Local,2026-09-05,1000.0,1200.0,1100.0,1100.0,quintal,1100.0,₹/quintal,True
Tamil Nadu,Krishnagiri,Denkanikottai,Ridgeguard(Tori),Ridgeguard(Tori),Local,2026-09-05,3500.0,4000.0,3750.0,3750.0,quintal,3750.0,₹/quintal,True
Tamil Nadu,Krishnagiri,Denkanikottai,Snakeguard,Snakeguard,Local,2026-09-05,3500.0,4000.0,3750.0,3750.0,quintal,3750.0,₹/quintal,True
Tamil Nadu,Krishnagiri,Denkanikottai,Sweet Potato,Hosur Red,Local,2026-09-05,5500.0,6000.0,5750.0,5750.0,quintal,5750.0,₹/quintal,True
Tamil Nadu,Krishnagiri,Denkanikottai,Thondekai,Thondekai,Local,2026-09-05,2500.0,3000.0,2750.0,2750.0,quintal,2750.0,₹/quintal,True
Tamil Nadu,Krishnagiri,Denkanikottai,Tomato,Local,Local,2026-09-05,1500.0,2000.0,1750.0,1750.0,quintal,1750.0,₹/quintal,True
Tamil Nadu,Krishnagiri,Hosur,Amaranthus,Amaranthus,Local,2026-09-05,5000.0,6000.0,5500.0,5500.0,quintal,5500.0,₹/quintal,True
Tamil Nadu,Krishnagiri,Hosur,Amla(Nelli Kai),Amla,Local,2026-09-05,8000.0,10000.0,9000.0,9000.0,quintal,9000.0,₹/quintal,True
Tamil Nadu,Krishnagiri,Hosur,Apple,American,Local,2026-09-05,25000.0,28000.0,26500.0,26500.0,quintal,26500.0,₹/quintal,True
Tamil Nadu,Krishnagiri,Hosur,Ashgourd,Gouard,Local,2026-09-05,1500.0,2000.0,1750.0,1750.0,quintal,1750.0,₹/quintal,True
Tamil Nadu,Krishnagiri,Hosur,Banana,Red Banana,Local,2026-09-05,8000.0,9000.0,8500.0,8500.0,quintal,8500.0,₹/quintal,True
Tamil Nadu,Krishnagiri,Hosur,Banana - Green,Banana - Green,Local,2026-09-05,4500.0,5000.0,4750.0,4750.0,quintal,4750.0,₹/quintal,True
Tamil Nadu,Krishnagiri,Hosur,Beans,Beans (Whole),Local,2026-09-05,6000.0,7000.0,6500.0,6500.0,quintal,6500.0,₹/quintal,True
Tamil Nadu,Krishnagiri,Hosur,Beetroot,Beetroot,Local,2026-09-05,3000.0,3500.0,3250.0,3250.0,quintal,3250.0,₹/quintal,True
Tamil Nadu,Krishnagiri,Hosur,Betal Leaves,Mysore,Local,2026-09-05,10000.0,12000.0,11000.0,11000.0,quintal,11000.0,₹/quintal,True
Tamil Nadu,Krishnagiri,Hosur,Bhindi(Ladies Finger),Bhindi,Local,2026-09-05,2500.0,3000.0,2750.0,2750.0,quintal,2750.0,₹/quintal,True
Tamil Nadu,Krishnagiri,Hosur,Bitter gourd,Bitter Gourd,Local,2026-09-05,4000.0,4500.0,4250.0,4250.0,quintal,4250.0,₹/quintal,True
Tamil Nadu,Krishnagiri,Hosur,Bottle gourd,Bottle Gourd,Local,2026-09-05,2000.0,2500.0,2250.0,2250.0,quintal,2250.0,₹/quintal,True
Tamil Nadu,Krishnagiri,Hosur,Brinjal,Round,Local,2026-09-05,2500.0,3000.0,2750.0,2750.0,quintal,2750.0,₹/quintal,True
Tamil Nadu,Krishnagiri,Hosur,Cabbage,Cabbage,Local,2026-09-05,1000.0,1500.0,1250.0,1250.0,quintal,1250.0,₹/quintal,True
Tamil Nadu,Krishnagiri,Hosur,Capsicum,Capsicum,Local,2026-09-05,3000.0,3500.0,3250.0,3250.0,quintal,3250.0,₹/quintal,True
Tamil Nadu,Krishnagiri,Hosur,Carrot,Pusakesar,Local,2026-09-05,4000.0,4500.0,4250.0,4250.0,quintal,4250.0,₹/quintal,True
Tamil Nadu,Krishnagiri,Hosur,Cauliflower,Ranchi,Local,2026-09-05,2000.0,2500.0,2250.0,2250.0,quintal,2250.0,₹/quintal,True
Tamil Nadu,Krishnagiri,Hosur,Chow Chow,Chow Chow,Local,2026-09-05,1500.0,2000.0,1750.0,1750.0,quintal,1750.0,₹/quintal,True
Tamil Nadu,Krishnagiri,Hosur,Cluster beans,Cluster Beans,Local,2026-09-05,3000.0,3500.0,3250.0,3250.0,quintal,3250.0,₹/quintal,True
Tamil Nadu,Krishnagiri,Hosur,Coconut,Coconut,Local,2026-09-05,5000.0,6000.0,5500.0,5500.0,quintal,5500.0,₹/quintal,True
Tamil Nadu,Krishnagiri,Hosur,Colacasia,Colacasia,Local,2026-09-05,4500.0,5000.0,4750.0,4750.0,quintal,4750.0,₹/quintal,True
Tamil Nadu,Krishnagiri,Hosur,Coriander(Leaves),I Sort,Local,2026-09-05,3500.0,4000.0,3750.0,3750.0,quintal,3750.0,₹/quintal,True
Tamil Nadu,Krishnagiri,Hosur,Cowpea(Veg),Cowpea (Veg),Local,2026-09-05,5000.0,6000.0,5500.0,5500.0,quintal,5500.0,₹/quintal,True
Tamil Nadu,Krishnagiri,Hosur,Cucumbar(Kheera),Cucumbar,Local,2026-09-05,2500.0,3000.0,2750.0,2750.0,quintal,2750.0,₹/quintal,True
Tamil Nadu,Krishnagiri,Hosur,Drumstick,Drumstick,Local,2026-09-05,3500.0,4000.0,3750.0,3750.0,quintal,3750.0,₹/quintal,True
Tamil Nadu,Krishnagiri,Hosur,Elephant Yam(Suran)/Amorphophallus,Elephant Yam (Suran),Local,2026-09-05,3500.0,4000.0,3750.0,3750.0,quintal,3750.0,₹/quintal,True
Tamil Nadu,Krishnagiri,Hosur,Garlic,Garlic,Local,2026-09-05,22000.0,24000.0,23000.0,23000.0,quintal,23000.0,₹/quintal,True
Tamil Nadu,Krishnagiri,Hosur,Ginger(Green),Green Ginger,Local,2026-09-05,13000.0,15000.0,14000.0,14000.0,quintal,14000.0,₹/quintal,True
Tamil Nadu,Krishnagiri,Hosur,Grapes,Annabesahai,Local,2026-09-05,14000.0,16000.0,15000.0,15000.0,quintal,15000.0,₹/quintal,True
Tamil Nadu,Krishnagiri,Hosur,Green Avare(W),Green Avare (W),Local,2026-09-05,5000.0,5500.0,5250.0,5250.0,quintal,5250.0,₹/quintal,True
Tamil Nadu,Krishnagiri,Hosur,Green Chilli,Green Chilly,Local,2026-09-05,3500.0,4000.0,3750.0,3750.0,quintal,3750.0,₹/quintal,True
Tamil Nadu,Krishnagiri,Hosur,Green Peas,Green Peas,Local,2026-09-05,10000.0,12000.0,11000.0,11000.0,quintal,11000.0,₹/quintal,True
Tamil Nadu,Krishnagiri,Hosur,Groundnut,Big (With Shell),Local,2026-09-05,8000.0,10000.0,9000.0,9000.0,quintal,9000.0,₹/quintal,True
Tamil Nadu,Krishnagiri,Hosur,Guava,Guava Allahabad,Local,2026-09-05,5000.0,6000.0,5500.0,5500.0,quintal,5500.0,₹/quintal,True
Tamil Nadu,Krishnagiri,Hosur,Indian Beans(Seam),Indian Beans (Seam),Local,2026-09-05,3500.0,4000.0,3750.0,3750.0,quintal,3750.0,₹/quintal,True
Tamil Nadu,Krishnagiri,Hosur,Karbuja(Musk Melon),Karbhuja,Local,2026-09-05,4500.0,5000.0,4750.0,4750.0,quintal,4750.0,₹/quintal,True
Tamil Nadu,Krishnagiri,Hosur,Knool Khol,Knool Khol,Local,2026-09-05,1000.0,1500.0,1250.0,1250.0,quintal,1250.0,₹/quintal,True
Tamil Nadu,Krishnagiri,Hosur,Lemon,Lemon,Local,2026-09-05,13000.0,15000.0,14000.0,14000.0,quintal,14000.0,₹/quintal,True
Tamil Nadu,Krishnagiri,Hosur,Lime,Lime,Local,2026-09-05,10000.0,11000.0,10500.0,10500.0,quintal,10500.0,₹/quintal,True
Tamil Nadu,Krishnagiri,Hosur,Mashrooms,Mashrooms,Local,2026-09-05,15000.0,20000.0,17500.0,17500.0,quintal,17500.0,₹/quintal,True
Tamil Nadu,Krishnagiri,Hosur,Mint(Pudina),Mint(Pudina),Local,2026-09-05,3500.0,4000.0,3750.0,3750.0,quintal,3750.0,₹/quintal,True
Tamil Nadu,Krishnagiri,Hosur,Onion,Bellary,Local,2026-09-05,6000.0,6500.0,6250.0,6250.0,quintal,6250.0,₹/quintal,True
Tamil Nadu,Krishnagiri,Hosur,Onion Green,Onion Green,Local,2026-09-05,8000.0,9000.0,8500.0,8500.0,quintal,8500.0,₹/quintal,True
Tamil Nadu,Krishnagiri,Hosur,Orange,Darjeeling,Local,2026-09-05,12000.0,13000.0,12500.0,12500.0,quintal,12500.0,₹/quintal,True
Tamil Nadu,Krishnagiri,Hosur,Papaya,Papaya,Local,2026-09-05,3500.0,4000.0,3750.0,3750.0,quintal,3750.0,₹/quintal,True
Tamil Nadu,Krishnagiri,Hosur,Pineapple,Pine Apple,Local,2026-09-05,8000.0,10000.0,9000.0,9000.0,quintal,9000.0,₹/quintal,True
Tamil Nadu,Krishnagiri,Hosur,Pomegranate,Pomogranate,Local,2026-09-05,10000.0,12000.0,11000.0,11000.0,quintal,11000.0,₹/quintal,True
Tamil Nadu,Krishnagiri,Hosur,Potato,Red Nanital,Local,2026-09-05,2000.0,2500.0,2250.0,2250.0,quintal,2250.0,₹/quintal,True
Tamil Nadu,Krishnagiri,Hosur,Pumpkin,Pumpkin,Local,2026-09-05,1000.0,1500.0,1250.0,1250.0,quintal,1250.0,₹/quintal,True
Tamil Nadu,Krishnagiri,Hosur,Raddish,Raddish,Local,2026-09-05,1000.0,1500.0,1250.0,1250.0,quintal,1250.0,₹/quintal,True
Tamil Nadu,Krishnagiri,Hosur,Ridgeguard(Tori),Ridgeguard(Tori),Local,2026-09-05,3500.0,4000.0,3750.0,3750.0,quintal,3750.0,₹/quintal,True
Tamil Nadu,Krishnagiri,Hosur,Rose(Local),Rose (Local),Local,2026-09-05,7000.0,8000.0,7500.0,7500.0,quintal,7500.0,₹/quintal,True
Tamil Nadu,Krishnagiri,Hosur,Snakeguard,Snakeguard,Local,2026-09-05,3500.0,4000.0,3750.0,3750.0,quintal,3750.0,₹/quintal,True
Tamil Nadu,Krishnagiri,Hosur,Sweet Corn ,Sweet Corn ,Local,2026-09-05,2500.0,3000.0,2750.0,2750.0,quintal,2750.0,₹/quintal,True
Tamil Nadu,Krishnagiri,Hosur,Sweet Potato,Hosur Red,Local,2026-09-05,3500.0,4000.0,3750.0,3750.0,quintal,3750.0,₹/quintal,True
Tamil Nadu,Krishnagiri,Hosur,Tamarind Fruit,Tamarind Fruit,Local,2026-09-05,13000.0,15000.0,14000.0,14000.0,quintal,14000.0,₹/quintal,True
Tamil Nadu,Krishnagiri,Hosur,Tapioca,Tapioca,Local,2026-09-05,3500.0,4000.0,3750.0,3750.0,quintal,3750.0,₹/quintal,True
Tamil Nadu,Krishnagiri,Hosur,Tender Coconut,Tender Coconut,Local,2026-09-05,4500.0,5000.0,4750.0,4750.0,quintal,4750.0,₹/quintal,True
Tamil Nadu,Krishnagiri,Hosur,Thondekai,Thondekai,Local,2026-09-05,2500.0,3000.0,2750.0,2750.0,quintal,2750.0,₹/quintal,True
Tamil Nadu,Krishnagiri,Hosur,Tomato,Deshi,Local,2026-09-05,1500.0,2000.0,1750.0,1750.0,quintal,1750.0,₹/quintal,True
Tamil Nadu,Krishnagiri,Hosur,Tube Flower,Tube Flower,Local,2026-09-05,50000.0,60000.0,55000.0,55000.0,quintal,55000.0,₹/quintal,True
Tamil Nadu,Krishnagiri,Hosur,Water Melon,Water Melon,Local,2026-09-05,2000.0,2500.0,2250.0,2250.0,quintal,2250.0,₹/quintal,True
Tamil Nadu,Krishnagiri,Hosur,Yam(Ratalu),Yam (Ratalu),Local,2026-09-05,4500.0,5000.0,4750.0,4750.0,quintal,4750.0,₹/quintal,True
Tamil Nadu,Krishnagiri,Kaveripattinam,Amaranthus,Amaranthus,Local,2026-09-05,2000.0,2500.0,2250.0,2250.0,quintal,2250.0,₹/quintal,True
Tamil Nadu,Krishnagiri,Kaveripattinam,Ashgourd,Gouard,Local,2026-09-05,2000.0,2000.0,2000.0,2000.0,quintal,2000.0,₹/quintal,True
Tamil Nadu,Krishnagiri,Kaveripattinam,Banana,Besrai,Local,2026-09-05,4000.0,7000.0,5500.0,5500.0,quintal,5500.0,₹/quintal,True
Tamil Nadu,Krishnagiri,Kaveripattinam,Banana - Green,Banana - Green,Local,2026-09-05,2500.0,3000.0,2750.0,2750.0,quintal,2750.0,₹/quintal,True
Tamil Nadu,Krishnagiri,Kaveripattinam,Beans,Beans (Whole),Local,2026-09-05,7000.0,7000.0,7000.0,7000.0,quintal,7000.0,₹/quintal,True
Tamil Nadu,Krishnagiri,Kaveripattinam,Bhindi(Ladies Finger),Bhindi,Local,2026-09-05,2000.0,2000.0,2000.0,2000.0,quintal,2000.0,₹/quintal,True
Tamil Nadu,Krishnagiri,Kaveripattinam,Bitter gourd,Bitter Gourd,Local,2026-09-05,6000.0,6000.0,6000.0,6000.0,quintal,6000.0,₹/quintal,True
Tamil Nadu,Krishnagiri,Kaveripattinam,Brinjal,Round,Local,2026-09-05,4000.0,5000.0,4500.0,4500.0,quintal,4500.0,₹/quintal,True
Tamil Nadu,Krishnagiri,Kaveripattinam,Carrot,Pusakesar,Local,2026-09-05,8000.0,8000.0,8000.0,8000.0,quintal,8000.0,₹/quintal,True
Tamil Nadu,Krishnagiri,Kaveripattinam,Chow Chow,Chow Chow,Local,2026-09-05,3500.0,3500.0,3500.0,3500.0,quintal,3500.0,₹/quintal,True
Tamil Nadu,Krishnagiri,Kaveripattinam,Cluster beans,Cluster Beans,Local,2026-09-05,3500.0,3500.0,3500.0,3500.0,quintal,3500.0,₹/quintal,True
Tamil Nadu,Krishnagiri,Kaveripattinam,Coconut,Coconut,Local,2026-09-05,6000.0,6000.0,6000.0,6000.0,quintal,6000.0,₹/quintal,True
Tamil Nadu,Krishnagiri,Kaveripattinam,Coriander(Leaves),I Sort,Local,2026-09-05,6000.0,6000.0,6000.0,6000.0,quintal,6000.0,₹/quintal,True
Tamil Nadu,Krishnagiri,Kaveripattinam,Drumstick,Drumstick,Local,2026-09-05,3000.0,3000.0,3000.0,3000.0,quintal,3000.0,₹/quintal,True
Tamil Nadu,Krishnagiri,Kaveripattinam,Ginger(Green),Green Ginger,Local,2026-09-05,16000.0,16000.0,16000.0,16000.0,quintal,16000.0,₹/quintal,True
Tamil Nadu,Krishnagiri,Kaveripattinam,Green Avare(W),Green Avare (W),Local,2026-09-05,7000.0,7000.0,7000.0,7000.0,quintal,7000.0,₹/quintal,True
Tamil Nadu,Krishnagiri,Kaveripattinam,Green Chilli,Green Chilly,Local,2026-09-05,5000.0,5000.0,5000.0,5000.0,quintal,5000.0,₹/quintal,True
Tamil Nadu,Krishnagiri,Kaveripattinam,Lemon,Lemon,Local,2026-09-05,9000.0,9000.0,9000.0,9000.0,quintal,9000.0,₹/quintal,True
Tamil Nadu,Krishnagiri,Kaveripattinam,Mango(Raw-Ripe),Mango - Raw-Ripe,Local,2026-09-05,9000.0,9000.0,9000.0,9000.0,quintal,9000.0,₹/quintal,True
Tamil Nadu,Krishnagiri,Kaveripattinam,Mint(Pudina),Mint(Pudina),Local,2026-09-05,5000.0,5000.0,5000.0,5000.0,quintal,5000.0,₹/quintal,True
Tamil Nadu,Krishnagiri,Kaveripattinam,Onion,Bellary,Local,2026-09-05,5000.0,5000.0,5000.0,5000.0,quintal,5000.0,₹/quintal,True
Tamil Nadu,Krishnagiri,Kaveripattinam,Onion Green,Onion Green,Local,2026-09-05,8000.0,8000.0,8000.0,8000.0,quintal,8000.0,₹/quintal,True
Tamil Nadu,Krishnagiri,Kaveripattinam,Potato,Red Nanital,Local,2026-09-05,4000.0,4000.0,4000.0,4000.0,quintal,4000.0,₹/quintal,True
Tamil Nadu,Krishnagiri,Kaveripattinam,Pumpkin,Pumpkin,Local,2026-09-05,2000.0,2000.0,2000.0,2000.0,quintal,2000.0,₹/quintal,True
Tamil Nadu,Krishnagiri,Kaveripattinam,Raddish,Raddish,Local,2026-09-05,3500.0,3500.0,3500.0,3500.0,quintal,3500.0,₹/quintal,True
Tamil Nadu,Krishnagiri,Kaveripattinam,Ridgeguard(Tori),Ridgeguard(Tori),Local,2026-09-05,6000.0,6000.0,6000.0,6000.0,quintal,6000.0,₹/quintal,True
Tamil Nadu,Krishnagiri,Kaveripattinam,Snakeguard,Snakeguard,Local,2026-09-05,3000.0,3000.0,3000.0,3000.0,quintal,3000.0,₹/quintal,True
Tamil Nadu,Krishnagiri,Kaveripattinam,Tomato,Local,Local,2026-09-05,3000.0,3000.0,3000.0,3000.0,quintal,3000.0,₹/quintal,True
Tamil Nadu,Krishnagiri,Krishnagiri,Amaranthus,Amaranthus,Local,2026-09-05,2500.0,3000.0,2750.0,2750.0,quintal,2750.0,₹/quintal,True
Tamil Nadu,Krishnagiri,Krishnagiri,Amla(Nelli Kai),Amla,Local,2026-09-05,7000.0,8000.0,7500.0,7500.0,quintal,7500.0,₹/quintal,True
Tamil Nadu,Krishnagiri,Krishnagiri,Banana,Besrai,Local,2026-09-05,7000.0,7500.0,7250.0,7250.0,quintal,7250.0,₹/quintal,True
Tamil Nadu,Krishnagiri,Krishnagiri,Banana - Green,Banana - Green,Local,2026-09-05,2500.0,3000.0,2750.0,2750.0,quintal,2750.0,₹/quintal,True
Tamil Nadu,Krishnagiri,Krishnagiri,Beans,Beans (Whole),Local,2026-09-05,6000.0,7000.0,6500.0,6500.0,quintal,6500.0,₹/quintal,True
Tamil Nadu,Krishnagiri,Krishnagiri,Beetroot,Beetroot,Local,2026-09-05,4000.0,4500.0,4250.0,4250.0,quintal,4250.0,₹/quintal,True
Tamil Nadu,Krishnagiri,Krishnagiri,Bhindi(Ladies Finger),Bhindi,Local,2026-09-05,2000.0,2400.0,2200.0,2200.0,quintal,2200.0,₹/quintal,True
Tamil Nadu,Krishnagiri,Krishnagiri,Bitter gourd,Bitter Gourd,Local,2026-09-05,3000.0,3600.0,3300.0,3300.0,quintal,3300.0,₹/quintal,True
Tamil Nadu,Krishnagiri,Krishnagiri,Bottle gourd,Bottle Gourd,Local,2026-09-05,1500.0,1800.0,1650.0,1650.0,quintal,1650.0,₹/quintal,True
Tamil Nadu,Krishnagiri,Krishnagiri,Brinjal,Round,Local,2026-09-05,2000.0,2600.0,2300.0,2300.0,quintal,2300.0,₹/quintal,True
Tamil Nadu,Krishnagiri,Krishnagiri,Cabbage,Cabbage,Local,2026-09-05,2500.0,3000.0,2750.0,2750.0,quintal,2750.0,₹/quintal,True
Tamil Nadu,Krishnagiri,Krishnagiri,Capsicum,Capsicum,Local,2026-09-05,5000.0,6000.0,5500.0,5500.0,quintal,5500.0,₹/quintal,True
Tamil Nadu,Krishnagiri,Krishnagiri,Carrot,Pusakesar,Local,2026-09-05,7000.0,8000.0,7500.0,7500.0,quintal,7500.0,₹/quintal,True
Tamil Nadu,Krishnagiri,Krishnagiri,Cauliflower,Ranchi,Local,2026-09-05,2500.0,3000.0,2750.0,2750.0,quintal,2750.0,₹/quintal,True
Tamil Nadu,Krishnagiri,Krishnagiri,Chow Chow,Chow Chow,Local,2026-09-05,3000.0,4000.0,3500.0,3500.0,quintal,3500.0,₹/quintal,True
Tamil Nadu,Krishnagiri,Krishnagiri,Cluster beans,Cluster Beans,Local,2026-09-05,2000.0,2400.0,2200.0,2200.0,quintal,2200.0,₹/quintal,True
Tamil Nadu,Krishnagiri,Krishnagiri,Coconut,Coconut,Local,2026-09-05,4000.0,5000.0,4500.0,4500.0,quintal,4500.0,₹/quintal,True
Tamil Nadu,Krishnagiri,Krishnagiri,Coriander(Leaves),I Sort,Local,2026-09-05,2000.0,2500.0,2250.0,2250.0,quintal,2250.0,₹/quintal,True
Tamil Nadu,Krishnagiri,Krishnagiri,Cowpea(Veg),Cowpea (Veg),Local,2026-09-05,5000.0,5500.0,5250.0,5250.0,quintal,5250.0,₹/quintal,True
Tamil Nadu,Krishnagiri,Krishnagiri,Cucumbar(Kheera),Cucumbar,Local,2026-09-05,2000.0,2400.0,2200.0,2200.0,quintal,2200.0,₹/quintal,True
Tamil Nadu,Krishnagiri,Krishnagiri,Drumstick,Drumstick,Local,2026-09-05,2500.0,3000.0,2750.0,2750.0,quintal,2750.0,₹/quintal,True
Tamil Nadu,Krishnagiri,Krishnagiri,Garlic,Garlic,Local,2026-09-05,18000.0,20000.0,19000.0,19000.0,quintal,19000.0,₹/quintal,True
Tamil Nadu,Krishnagiri,Krishnagiri,Ginger(Green),Green Ginger,Local,2026-09-05,17000.0,18000.0,17500.0,17500.0,quintal,17500.0,₹/quintal,True
Tamil Nadu,Krishnagiri,Krishnagiri,Green Avare(W),Green Avare (W),Local,2026-09-05,3000.0,4000.0,3500.0,3500.0,quintal,3500.0,₹/quintal,True
Tamil Nadu,Krishnagiri,Krishnagiri,Green Chilli,Green Chilly,Local,2026-09-05,3000.0,3500.0,3250.0,3250.0,quintal,3250.0,₹/quintal,True
Tamil Nadu,Krishnagiri,Krishnagiri,Groundnut,Big (With Shell),Local,2026-09-05,7000.0,7500.0,7250.0,7250.0,quintal,7250.0,₹/quintal,True
Tamil Nadu,Krishnagiri,Krishnagiri,Guava,Guava Allahabad,Local,2026-09-05,4000.0,4500.0,4250.0,4250.0,quintal,4250.0,₹/quintal,True
Tamil Nadu,Krishnagiri,Krishnagiri,Indian Beans(Seam),Indian Beans (Seam),Local,2026-09-05,3000.0,3800.0,3400.0,3400.0,quintal,3400.0,₹/quintal,True
Tamil Nadu,Krishnagiri,Krishnagiri,Knool Khol,Knool Khol,Local,2026-09-05,4000.0,5000.0,4500.0,4500.0,quintal,4500.0,₹/quintal,True
Tamil Nadu,Krishnagiri,Krishnagiri,Lemon,Lemon,Local,2026-09-05,11000.0,12000.0,11500.0,11500.0,quintal,11500.0,₹/quintal,True
Tamil Nadu,Krishnagiri,Krishnagiri,Marigold(Calcutta),Marigold(Calcutta),Local,2026-09-05,9000.0,10000.0,9500.0,9500.0,quintal,9500.0,₹/quintal,True
Tamil Nadu,Krishnagiri,Krishnagiri,Mint(Pudina),Mint(Pudina),Local,2026-09-05,2000.0,2500.0,2250.0,2250.0,quintal,2250.0,₹/quintal,True
Tamil Nadu,Krishnagiri,Krishnagiri,Onion,Bellary,Local,2026-09-05,5000.0,6000.0,5500.0,5500.0,quintal,5500.0,₹/quintal,True
Tamil Nadu,Krishnagiri,Krishnagiri,Onion Green,Onion Green,Local,2026-09-05,6000.0,7000.0,6500.0,6500.0,quintal,6500.0,₹/quintal,True
Tamil Nadu,Krishnagiri,Krishnagiri,Papaya,Papaya,Local,2026-09-05,2500.0,3000.0,2750.0,2750.0,quintal,2750.0,₹/quintal,True
Tamil Nadu,Krishnagiri,Krishnagiri,Potato,Red Nanital,Local,2026-09-05,2000.0,2600.0,2300.0,2300.0,quintal,2300.0,₹/quintal,True
Tamil Nadu,Krishnagiri,Krishnagiri,Pumpkin,Pumpkin,Local,2026-09-05,1500.0,2000.0,1750.0,1750.0,quintal,1750.0,₹/quintal,True
Tamil Nadu,Krishnagiri,Krishnagiri,Raddish,Raddish,Local,2026-09-05,1000.0,1200.0,1100.0,1100.0,quintal,1100.0,₹/quintal,True
Tamil Nadu,Krishnagiri,Krishnagiri,Ridgeguard(Tori),Ridgeguard(Tori),Local,2026-09-05,2000.0,2800.0,2400.0,2400.0,quintal,2400.0,₹/quintal,True
Tamil Nadu,Krishnagiri,Krishnagiri,Rose(Local),Rose (Local),Local,2026-09-05,15000.0,16000.0,15500.0,15500.0,quintal,15500.0,₹/quintal,True
Tamil Nadu,Krishnagiri,Krishnagiri,Snakeguard,Snakeguard,Local,2026-09-05,2000.0,2400.0,2200.0,2200.0,quintal,2200.0,₹/quintal,True
Tamil Nadu,Krishnagiri,Krishnagiri,Sweet Corn ,Sweet Corn ,Local,2026-09-05,2500.0,3000.0,2750.0,2750.0,quintal,2750.0,₹/quintal,True
Tamil Nadu,Krishnagiri,Krishnagiri,Sweet Potato,Hosur Red,Local,2026-09-05,2000.0,2800.0,2400.0,2400.0,quintal,2400.0,₹/quintal,True
Tamil Nadu,Krishnagiri,Krishnagiri,Tamarind Fruit,Tamarind Fruit,Local,2026-09-05,11000.0,12000.0,11500.0,11500.0,quintal,11500.0,₹/quintal,True
Tamil Nadu,Krishnagiri,Krishnagiri,Tapioca,Tapioca,Local,2026-09-05,2500.0,2800.0,2650.0,2650.0,quintal,2650.0,₹/quintal,True
Tamil Nadu,Krishnagiri,Krishnagiri,Tender Coconut,Tender Coconut,Local,2026-09-05,3000.0,4000.0,3500.0,3500.0,quintal,3500.0,₹/quintal,True
Tamil Nadu,Krishnagiri,Krishnagiri,Thondekai,Thondekai,Local,2026-09-05,4000.0,5000.0,4500.0,4500.0,quintal,4500.0,₹/quintal,True
Tamil Nadu,Krishnagiri,Krishnagiri,Tomato,Deshi,Local,2026-09-05,1400.0,1600.0,1500.0,1500.0,quintal,1500.0,₹/quintal,True
Tamil Nadu,Krishnagiri,Krishnagiri,Water Melon,Water Melon,Local,2026-09-05,1500.0,2000.0,1750.0,1750.0,quintal,1750.0,₹/quintal,True
Tamil Nadu,Madurai,Anaiyur,Amaranthus,Amaranthus,Local,2026-09-05,3000.0,3600.0,3300.0,3300.0,quintal,3300.0,₹/quintal,True
Tamil Nadu,Madurai,Anaiyur,Amla(Nelli Kai),Amla,Local,2026-09-05,7000.0,8000.0,7500.0,7500.0,quintal,7500.0,₹/quintal,True
Tamil Nadu,Madurai,Anaiyur,Apple,American,Local,2026-09-05,20000.0,22000.0,21000.0,21000.0,quintal,21000.0,₹/quintal,True
Tamil Nadu,Madurai,Anaiyur,Ashgourd,Gouard,Local,2026-09-05,1800.0,2000.0,1900.0,1900.0,quintal,1900.0,₹/quintal,True
Tamil Nadu,Madurai,Anaiyur,Banana,Besrai,Local,2026-09-05,3500.0,4000.0,3750.0,3750.0,quintal,3750.0,₹/quintal,True
Tamil Nadu,Madurai,Anaiyur,Banana - Green,Banana - Green,Local,2026-09-05,2000.0,2400.0,2200.0,2200.0,quintal,2200.0,₹/quintal,True
Tamil Nadu,Madurai,Anaiyur,Beans,Beans (Whole),Local,2026-09-05,8000.0,9000.0,8500.0,8500.0,quintal,8500.0,₹/quintal,True
Tamil Nadu,Madurai,Anaiyur,Beetroot,Beetroot,Local,2026-09-05,4000.0,5000.0,4500.0,4500.0,quintal,4500.0,₹/quintal,True
Tamil Nadu,Madurai,Anaiyur,Betal Leaves,Mysore,Local,2026-09-05,24000.0,26000.0,25000.0,25000.0,quintal,25000.0,₹/quintal,True
Tamil Nadu,Madurai,Anaiyur,Bhindi(Ladies Finger),Bhindi,Local,2026-09-05,2500.0,3200.0,2850.0,2850.0,quintal,2850.0,₹/quintal,True
Tamil Nadu,Madurai,Anaiyur,Bitter gourd,Bitter Gourd,Local,2026-09-05,5000.0,6500.0,5750.0,5750.0,quintal,5750.0,₹/quintal,True
Tamil Nadu,Madurai,Anaiyur,Bottle gourd,Bottle Gourd,Local,2026-09-05,2000.0,2600.0,2300.0,2300.0,quintal,2300.0,₹/quintal,True
Tamil Nadu,Madurai,Anaiyur,Brinjal,Round,Local,2026-09-05,3600.0,4000.0,3800.0,3800.0,quintal,3800.0,₹/quintal,True
Tamil Nadu,Madurai,Anaiyur,Cabbage,Cabbage,Local,2026-09-05,2500.0,3000.0,2750.0,2750.0,quintal,2750.0,₹/quintal,True
Tamil Nadu,Madurai,Anaiyur,Carrot,Pusakesar,Local,2026-09-05,4000.0,5500.0,4750.0,4750.0,quintal,4750.0,₹/quintal,True
Tamil Nadu,Madurai,Anaiyur,Cauliflower,Ranchi,Local,2026-09-05,2500.0,3500.0,3000.0,3000.0,quintal,3000.0,₹/quintal,True
Tamil Nadu,Madurai,Anaiyur,Chow Chow,Chow Chow,Local,2026-09-05,2800.0,3200.0,3000.0,3000.0,quintal,3000.0,₹/quintal,True
Tamil Nadu,Madurai,Anaiyur,Cluster beans,Cluster Beans,Local,2026-09-05,3000.0,3200.0,3100.0,3100.0,quintal,3100.0,₹/quintal,True
Tamil Nadu,Madurai,Anaiyur,Coconut,Coconut,Local,2026-09-05,6000.0,7000.0,6500.0,6500.0,quintal,6500.0,₹/quintal,True
Tamil Nadu,Madurai,Anaiyur,Colacasia,Colacasia,Local,2026-09-05,5000.0,6000.0,5500.0,5500.0,quintal,5500.0,₹/quintal,True
Tamil Nadu,Madurai,Anaiyur,Coriander(Leaves),I Sort,Local,2026-09-05,3600.0,4000.0,3800.0,3800.0,quintal,3800.0,₹/quintal,True
Tamil Nadu,Madurai,Anaiyur,Drumstick,Drumstick,Local,2026-09-05,4000.0,5000.0,4500.0,4500.0,quintal,4500.0,₹/quintal,True
Tamil Nadu,Madurai,Anaiyur,Elephant Yam(Suran)/Amorphophallus,Elephant Yam (Suran),Local,2026-09-05,4000.0,4500.0,4250.0,4250.0,quintal,4250.0,₹/quintal,True
Tamil Nadu,Madurai,Anaiyur,Garlic,Garlic,Local,2026-09-05,20000.0,27000.0,23500.0,23500.0,quintal,23500.0,₹/quintal,True
Tamil Nadu,Madurai,Anaiyur,Ginger(Green),Green Ginger,Local,2026-09-05,15000.0,19000.0,17000.0,17000.0,quintal,17000.0,₹/quintal,True
Tamil Nadu,Madurai,Anaiyur,Grapes,Annabesahai,Local,2026-09-05,11000.0,12000.0,11500.0,11500.0,quintal,11500.0,₹/quintal,True
Tamil Nadu,Madurai,Anaiyur,Green Avare(W),Green Avare (W),Local,2026-09-05,8000.0,9000.0,8500.0,8500.0,quintal,8500.0,₹/quintal,True
Tamil Nadu,Madurai,Anaiyur,Green Chilli,Green Chilly,Local,2026-09-05,4000.0,4800.0,4400.0,4400.0,quintal,4400.0,₹/quintal,True
Tamil Nadu,Madurai,Anaiyur,Green Peas,Green Peas,Local,2026-09-05,14000.0,16000.0,15000.0,15000.0,quintal,15000.0,₹/quintal,True
Tamil Nadu,Madurai,Anaiyur,Groundnut,Big (With Shell),Local,2026-09-05,7000.0,8000.0,7500.0,7500.0,quintal,7500.0,₹/quintal,True
Tamil Nadu,Madurai,Anaiyur,Guava,Guava Allahabad,Local,2026-09-05,6000.0,7000.0,6500.0,6500.0,quintal,6500.0,₹/quintal,True
Tamil Nadu,Madurai,Anaiyur,Indian Beans(Seam),Indian Beans (Seam),Local,2026-09-05,5000.0,6000.0,5500.0,5500.0,quintal,5500.0,₹/quintal,True
Tamil Nadu,Madurai,Anaiyur,Knool Khol,Knool Khol,Local,2026-09-05,3000.0,3600.0,3300.0,3300.0,quintal,3300.0,₹/quintal,True
Tamil Nadu,Madurai,Anaiyur,Lemon,Lemon,Local,2026-09-05,20000.0,24000.0,22000.0,22000.0,quintal,22000.0,₹/quintal,True
Tamil Nadu,Madurai,Anaiyur,Lime,Lime,Local,2026-09-05,13000.0,15000.0,14000.0,14000.0,quintal,14000.0,₹/quintal,True
Tamil Nadu,Madurai,Anaiyur,Mango(Raw-Ripe),Mango - Raw-Ripe,Local,2026-09-05,9000.0,10000.0,9500.0,9500.0,quintal,9500.0,₹/quintal,True
Tamil Nadu,Madurai,Anaiyur,Mashrooms,Mashrooms,Local,2026-09-05,25000.0,30000.0,27500.0,27500.0,quintal,27500.0,₹/quintal,True
Tamil Nadu,Madurai,Anaiyur,Mint(Pudina),Mint(Pudina),Local,2026-09-05,4500.0,5000.0,4750.0,4750.0,quintal,4750.0,₹/quintal,True
Tamil Nadu,Madurai,Anaiyur,Onion,Bellary,Local,2026-09-05,5500.0,6500.0,6000.0,6000.0,quintal,6000.0,₹/quintal,True
Tamil Nadu,Madurai,Anaiyur,Onion Green,Onion Green,Local,2026-09-05,7000.0,8000.0,7500.0,7500.0,quintal,7500.0,₹/quintal,True
Tamil Nadu,Madurai,Anaiyur,Orange,Darjeeling,Local,2026-09-05,12000.0,16000.0,14000.0,14000.0,quintal,14000.0,₹/quintal,True
Tamil Nadu,Madurai,Anaiyur,Papaya,Papaya,Local,2026-09-05,4000.0,5000.0,4500.0,4500.0,quintal,4500.0,₹/quintal,True
Tamil Nadu,Madurai,Anaiyur,Pomegranate,Pomogranate,Local,2026-09-05,20000.0,22000.0,21000.0,21000.0,quintal,21000.0,₹/quintal,True
Tamil Nadu,Madurai,Anaiyur,Potato,Red Nanital,Local,2026-09-05,4500.0,5500.0,5000.0,5000.0,quintal,5000.0,₹/quintal,True
Tamil Nadu,Madurai,Anaiyur,Pumpkin,Pumpkin,Local,2026-09-05,1800.0,2000.0,1900.0,1900.0,quintal,1900.0,₹/quintal,True
Tamil Nadu,Madurai,Anaiyur,Raddish,Raddish,Local,2026-09-05,2400.0,2800.0,2600.0,2600.0,quintal,2600.0,₹/quintal,True
Tamil Nadu,Madurai,Anaiyur,Ridgeguard(Tori),Ridgeguard(Tori),Local,2026-09-05,5000.0,5500.0,5250.0,5250.0,quintal,5250.0,₹/quintal,True
Tamil Nadu,Madurai,Anaiyur,Snakeguard,Snakeguard,Local,2026-09-05,3600.0,4000.0,3800.0,3800.0,quintal,3800.0,₹/quintal,True
Tamil Nadu,Madurai,Anaiyur,Sweet Potato,Hosur Red,Local,2026-09-05,5000.0,6000.0,5500.0,5500.0,quintal,5500.0,₹/quintal,True
Tamil Nadu,Madurai,Anaiyur,Tapioca,Tapioca,Local,2026-09-05,3600.0,4000.0,3800.0,3800.0,quintal,3800.0,₹/quintal,True
Tamil Nadu,Madurai,Anaiyur,Thondekai,Thondekai,Local,2026-09-05,4000.0,4500.0,4250.0,4250.0,quintal,4250.0,₹/quintal,True
Tamil Nadu,Madurai,Anaiyur,Tomato,Deshi,Local,2026-09-05,2800.0,3200.0,3000.0,3000.0,quintal,3000.0,₹/quintal,True
Tamil Nadu,Madurai,Anaiyur,Water Melon,Water Melon,Local,2026-09-05,2000.0,2500.0,2250.0,2250.0,quintal,2250.0,₹/quintal,True
Tamil Nadu,Madurai,Anaiyur,Yam(Ratalu),Yam (Ratalu),Local,2026-09-05,6000.0,7000.0,6500.0,6500.0,quintal,6500.0,₹/quintal,True
Tamil Nadu,Madurai,Chokkikulam,Amaranthus,Amaranthus,Local,2026-09-05,3000.0,3600.0,3300.0,3300.0,quintal,3300.0,₹/quintal,True
Tamil Nadu,Madurai,Chokkikulam,Amla(Nelli Kai),Amla,Local,2026-09-05,7000.0,8000.0,7500.0,7500.0,quintal,7500.0,₹/quintal,True
Tamil Nadu,Madurai,Chokkikulam,Apple,American,Local,2026-09-05,18000.0,27000.0,22500.0,22500.0,quintal,22500.0,₹/quintal,True
Tamil Nadu,Madurai,Chokkikulam,Ashgourd,Gouard,Local,2026-09-05,1600.0,2000.0,1800.0,1800.0,quintal,1800.0,₹/quintal,True
Tamil Nadu,Madurai,Chokkikulam,Banana,Besrai,Local,2026-09-05,4000.0,5000.0,4500.0,4500.0,quintal,4500.0,₹/quintal,True
Tamil Nadu,Madurai,Chokkikulam,Banana - Green,Banana - Green,Local,2026-09-05,2000.0,2400.0,2200.0,2200.0,quintal,2200.0,₹/quintal,True
Tamil Nadu,Madurai,Chokkikulam,Beans,Beans (Whole),Local,2026-09-05,9000.0,11000.0,10000.0,10000.0,quintal,10000.0,₹/quintal,True
Tamil Nadu,Madurai,Chokkikulam,Beetroot,Beetroot,Local,2026-09-05,4000.0,5000.0,4500.0,4500.0,quintal,4500.0,₹/quintal,True
Tamil Nadu,Madurai,Chokkikulam,Betal Leaves,Mysore,Local,2026-09-05,20000.0,28000.0,24000.0,24000.0,quintal,24000.0,₹/quintal,True
Tamil Nadu,Madurai,Chokkikulam,Bhindi(Ladies Finger),Bhindi,Local,2026-09-05,2800.0,3200.0,3000.0,3000.0,quintal,3000.0,₹/quintal,True
Tamil Nadu,Madurai,Chokkikulam,Bitter gourd,Bitter Gourd,Local,2026-09-05,4500.0,6500.0,5500.0,5500.0,quintal,5500.0,₹/quintal,True
Tamil Nadu,Madurai,Chokkikulam,Bottle gourd,Bottle Gourd,Local,2026-09-05,1600.0,3000.0,2300.0,2300.0,quintal,2300.0,₹/quintal,True
Tamil Nadu,Madurai,Chokkikulam,Brinjal,Round,Local,2026-09-05,3600.0,5000.0,4300.0,4300.0,quintal,4300.0,₹/quintal,True
Tamil Nadu,Madurai,Chokkikulam,Cabbage,Cabbage,Local,2026-09-05,2600.0,3000.0,2800.0,2800.0,quintal,2800.0,₹/quintal,True
Tamil Nadu,Madurai,Chokkikulam,Capsicum,Capsicum,Local,2026-09-05,4000.0,4500.0,4250.0,4250.0,quintal,4250.0,₹/quintal,True
Tamil Nadu,Madurai,Chokkikulam,Carrot,Pusakesar,Local,2026-09-05,2800.0,5000.0,3900.0,3900.0,quintal,3900.0,₹/quintal,True
Tamil Nadu,Madurai,Chokkikulam,Cauliflower,Ranchi,Local,2026-09-05,5000.0,6000.0,5500.0,5500.0,quintal,5500.0,₹/quintal,True
Tamil Nadu,Madurai,Chokkikulam,Chikoos(Sapota),Sapota,Local,2026-09-05,4000.0,6000.0,5000.0,5000.0,quintal,5000.0,₹/quintal,True
Tamil Nadu,Madurai,Chokkikulam,Chow Chow,Chow Chow,Local,2026-09-05,2800.0,3200.0,3000.0,3000.0,quintal,3000.0,₹/quintal,True
Tamil Nadu,Madurai,Chokkikulam,Cluster beans,Cluster Beans,Local,2026-09-05,3000.0,3200.0,3100.0,3100.0,quintal,3100.0,₹/quintal,True
Tamil Nadu,Madurai,Chokkikulam,Coconut,Coconut,Local,2026-09-05,6800.0,7000.0,6900.0,6900.0,quintal,6900.0,₹/quintal,True
Tamil Nadu,Madurai,Chokkikulam,Colacasia,Colacasia,Local,2026-09-05,5000.0,6000.0,5500.0,5500.0,quintal,5500.0,₹/quintal,True
Tamil Nadu,Madurai,Chokkikulam,Coriander(Leaves),I Sort,Local,2026-09-05,3600.0,4000.0,3800.0,3800.0,quintal,3800.0,₹/quintal,True
Tamil Nadu,Madurai,Chokkikulam,Cucumbar(Kheera),Cucumbar,Local,2026-09-05,4000.0,5000.0,4500.0,4500.0,quintal,4500.0,₹/quintal,True
Tamil Nadu,Madurai,Chokkikulam,Custard Apple(Sharifa),Custard Apple(Sharifa),Local,2026-09-05,5500.0,6000.0,5750.0,5750.0,quintal,5750.0,₹/quintal,True
Tamil Nadu,Madurai,Chokkikulam,Drumstick,Drumstick,Local,2026-09-05,3000.0,5000.0,4000.0,4000.0,quintal,4000.0,₹/quintal,True
Tamil Nadu,Madurai,Chokkikulam,Elephant Yam(Suran)/Amorphophallus,Elephant Yam (Suran),Local,2026-09-05,4500.0,5000.0,4750.0,4750.0,quintal,4750.0,₹/quintal,True
Tamil Nadu,Madurai,Chokkikulam,Garlic,Garlic,Local,2026-09-05,14000.0,27000.0,20500.0,20500.0,quintal,20500.0,₹/quintal,True
Tamil Nadu,Madurai,Chokkikulam,Ginger(Green),Green Ginger,Local,2026-09-05,12000.0,19000.0,15500.0,15500.0,quintal,15500.0,₹/quintal,True
Tamil Nadu,Madurai,Chokkikulam,Grapes,Annabesahai,Local,2026-09-05,11000.0,12000.0,11500.0,11500.0,quintal,11500.0,₹/quintal,True
Tamil Nadu,Madurai,Chokkikulam,Green Avare(W),Green Avare (W),Local,2026-09-05,6000.0,9000.0,7500.0,7500.0,quintal,7500.0,₹/quintal,True
Tamil Nadu,Madurai,Chokkikulam,Green Chilli,Green Chilly,Local,2026-09-05,4000.0,4800.0,4400.0,4400.0,quintal,4400.0,₹/quintal,True
Tamil Nadu,Madurai,Chokkikulam,Green Peas,Green Peas,Local,2026-09-05,14000.0,16000.0,15000.0,15000.0,quintal,15000.0,₹/quintal,True
Tamil Nadu,Madurai,Chokkikulam,Groundnut,Big (With Shell),Local,2026-09-05,7000.0,8000.0,7500.0,7500.0,quintal,7500.0,₹/quintal,True
Tamil Nadu,Madurai,Chokkikulam,Guava,Guava Allahabad,Local,2026-09-05,6000.0,7000.0,6500.0,6500.0,quintal,6500.0,₹/quintal,True
Tamil Nadu,Madurai,Chokkikulam,Indian Beans(Seam),Indian Beans (Seam),Local,2026-09-05,5500.0,6000.0,5750.0,5750.0,quintal,5750.0,₹/quintal,True
Tamil Nadu,Madurai,Chokkikulam,Knool Khol,Knool Khol,Local,2026-09-05,3600.0,4000.0,3800.0,3800.0,quintal,3800.0,₹/quintal,True
Tamil Nadu,Madurai,Chokkikulam,Lemon,Lemon,Local,2026-09-05,20000.0,24000.0,22000.0,22000.0,quintal,22000.0,₹/quintal,True
Tamil Nadu,Madurai,Chokkikulam,Lime,Lime,Local,2026-09-05,3600.0,4000.0,3800.0,3800.0,quintal,3800.0,₹/quintal,True
Tamil Nadu,Madurai,Chokkikulam,Mango(Raw-Ripe),Mango - Raw-Ripe,Local,2026-09-05,9000.0,10000.0,9500.0,9500.0,quintal,9500.0,₹/quintal,True
Tamil Nadu,Madurai,Chokkikulam,Mashrooms,Mashrooms,Local,2026-09-05,25000.0,30000.0,27500.0,27500.0,quintal,27500.0,₹/quintal,True
Tamil Nadu,Madurai,Chokkikulam,Mint(Pudina),Mint(Pudina),Local,2026-09-05,4500.0,5000.0,4750.0,4750.0,quintal,4750.0,₹/quintal,True
Tamil Nadu,Madurai,Chokkikulam,Mousambi(Sweet Lime),Mousambi,Local,2026-09-05,6500.0,7000.0,6750.0,6750.0,quintal,6750.0,₹/quintal,True
Tamil Nadu,Madurai,Chokkikulam,Onion,Bellary,Local,2026-09-05,3000.0,6500.0,4750.0,4750.0,quintal,4750.0,₹/quintal,True
Tamil Nadu,Madurai,Chokkikulam,Onion Green,Onion Green,Local,2026-09-05,7500.0,8000.0,7750.0,7750.0,quintal,7750.0,₹/quintal,True
Tamil Nadu,Madurai,Chokkikulam,Orange,Darjeeling,Local,2026-09-05,14000.0,16000.0,15000.0,15000.0,quintal,15000.0,₹/quintal,True
Tamil Nadu,Madurai,Chokkikulam,Papaya,Papaya,Local,2026-09-05,4500.0,5000.0,4750.0,4750.0,quintal,4750.0,₹/quintal,True
Tamil Nadu,Madurai,Chokkikulam,Pineapple,Pine Apple,Local,2026-09-05,6000.0,7000.0,6500.0,6500.0,quintal,6500.0,₹/quintal,True
Tamil Nadu,Madurai,Chokkikulam,Pomegranate,Pomogranate,Local,2026-09-05,18000.0,22000.0,20000.0,20000.0,quintal,20000.0,₹/quintal,True
Tamil Nadu,Madurai,Chokkikulam,Potato,Red Nanital,Local,2026-09-05,4500.0,5500.0,5000.0,5000.0,quintal,5000.0,₹/quintal,True
Tamil Nadu,Madurai,Chokkikulam,Pumpkin,Pumpkin,Local,2026-09-05,1600.0,2000.0,1800.0,1800.0,quintal,1800.0,₹/quintal,True
Tamil Nadu,Madurai,Chokkikulam,Raddish,Raddish,Local,2026-09-05,2400.0,2800.0,2600.0,2600.0,quintal,2600.0,₹/quintal,True
Tamil Nadu,Madurai,Chokkikulam,Ridgeguard(Tori),Ridgeguard(Tori),Local,2026-09-05,5000.0,5500.0,5250.0,5250.0,quintal,5250.0,₹/quintal,True
Tamil Nadu,Madurai,Chokkikulam,Snakeguard,Snakeguard,Local,2026-09-05,3600.0,4000.0,3800.0,3800.0,quintal,3800.0,₹/quintal,True
Tamil Nadu,Madurai,Chokkikulam,Sweet Potato,Hosur Red,Local,2026-09-05,5000.0,6000.0,5500.0,5500.0,quintal,5500.0,₹/quintal,True
Tamil Nadu,Madurai,Chokkikulam,Tapioca,Tapioca,Local,2026-09-05,3000.0,4000.0,3500.0,3500.0,quintal,3500.0,₹/quintal,True
Tamil Nadu,Madurai,Chokkikulam,Thondekai,Thondekai,Local,2026-09-05,4500.0,4800.0,4650.0,4650.0,quintal,4650.0,₹/quintal,True
Tamil Nadu,Madurai,Chokkikulam,Tomato,Deshi,Local,2026-09-05,2800.0,3200.0,3000.0,3000.0,quintal,3000.0,₹/quintal,True
Tamil Nadu,Madurai,Chokkikulam,Water Melon,Water Melon,Local,2026-09-05,2000.0,2500.0,2250.0,2250.0,quintal,2250.0,₹/quintal,True
Tamil Nadu,Madurai,Chokkikulam,Yam(Ratalu),Yam (Ratalu),Local,2026-09-05,6000.0,7000.0,6500.0,6500.0,quintal,6500.0,₹/quintal,True
Tamil Nadu,Madurai,Melur,Amaranthus,Amaranthus,Local,2026-09-05,3000.0,3600.0,3300.0,3300.0,quintal,3300.0,₹/quintal,True
Tamil Nadu,Madurai,Melur,Amla(Nelli Kai),Amla,Local,2026-09-05,7000.0,8000.0,7500.0,7500.0,quintal,7500.0,₹/quintal,True
Tamil Nadu,Madurai,Melur,Ashgourd,Gouard,Local,2026-09-05,1600.0,2000.0,1800.0,1800.0,quintal,1800.0,₹/quintal,True
Tamil Nadu,Madurai,Melur,Banana,Besrai,Local,2026-09-05,4000.0,5000.0,4500.0,4500.0,quintal,4500.0,₹/quintal,True
Tamil Nadu,Madurai,Melur,Banana - Green,Banana - Green,Local,2026-09-05,1800.0,2200.0,2000.0,2000.0,quintal,2000.0,₹/quintal,True
Tamil Nadu,Madurai,Melur,Bhindi(Ladies Finger),Bhindi,Local,2026-09-05,2800.0,3200.0,3000.0,3000.0,quintal,3000.0,₹/quintal,True
Tamil Nadu,Madurai,Melur,Bitter gourd,Other,Local,2026-09-05,4500.0,5000.0,4750.0,4750.0,quintal,4750.0,₹/quintal,True
Tamil Nadu,Madurai,Melur,Bottle gourd,Bottle Gourd,Local,2026-09-05,1600.0,2000.0,1800.0,1800.0,quintal,1800.0,₹/quintal,True
Tamil Nadu,Madurai,Melur,Brinjal,Round,Local,2026-09-05,3600.0,4200.0,3900.0,3900.0,quintal,3900.0,₹/quintal,True
Tamil Nadu,Madurai,Melur,Chikoos(Sapota),Sapota,Local,2026-09-05,4000.0,6000.0,5000.0,5000.0,quintal,5000.0,₹/quintal,True
Tamil Nadu,Madurai,Melur,Cluster beans,Cluster Beans,Local,2026-09-05,3000.0,3200.0,3100.0,3100.0,quintal,3100.0,₹/quintal,True
Tamil Nadu,Madurai,Melur,Coconut,Coconut,Local,2026-09-05,6800.0,7000.0,6900.0,6900.0,quintal,6900.0,₹/quintal,True
Tamil Nadu,Madurai,Melur,Colacasia,Colacasia,Local,2026-09-05,5000.0,6000.0,5500.0,5500.0,quintal,5500.0,₹/quintal,True
Tamil Nadu,Madurai,Melur,Coriander(Leaves),I Sort,Local,2026-09-05,3600.0,4000.0,3800.0,3800.0,quintal,3800.0,₹/quintal,True
Tamil Nadu,Madurai,Melur,Cowpea(Veg),Cowpea (Veg),Local,2026-09-05,3000.0,4000.0,3500.0,3500.0,quintal,3500.0,₹/quintal,True
Tamil Nadu,Madurai,Melur,Cucumbar(Kheera),Cucumbar,Local,2026-09-05,4000.0,5000.0,4500.0,4500.0,quintal,4500.0,₹/quintal,True
Tamil Nadu,Madurai,Melur,Drumstick,Drumstick,Local,2026-09-05,4000.0,5000.0,4500.0,4500.0,quintal,4500.0,₹/quintal,True
Tamil Nadu,Madurai,Melur,Elephant Yam(Suran)/Amorphophallus,Elephant Yam (Suran),Local,2026-09-05,4000.0,4500.0,4250.0,4250.0,quintal,4250.0,₹/quintal,True
Tamil Nadu,Madurai,Melur,Green Avare(W),Green Avare (W),Local,2026-09-05,8000.0,9000.0,8500.0,8500.0,quintal,8500.0,₹/quintal,True
Tamil Nadu,Madurai,Melur,Green Chilli,Green Chilly,Local,2026-09-05,4500.0,4800.0,4650.0,4650.0,quintal,4650.0,₹/quintal,True
Tamil Nadu,Madurai,Melur,Groundnut,Big (With Shell),Local,2026-09-05,7000.0,8000.0,7500.0,7500.0,quintal,7500.0,₹/quintal,True
Tamil Nadu,Madurai,Melur,Guava,Guava Allahabad,Local,2026-09-05,6000.0,7000.0,6500.0,6500.0,quintal,6500.0,₹/quintal,True
Tamil Nadu,Madurai,Melur,Lemon,Lemon,Local,2026-09-05,22000.0,24000.0,23000.0,23000.0,quintal,23000.0,₹/quintal,True
Tamil Nadu,Madurai,Melur,Lime,Lime,Local,2026-09-05,3600.0,4000.0,3800.0,3800.0,quintal,3800.0,₹/quintal,True
Tamil Nadu,Madurai,Melur,Mango,Safeda,Local,2026-09-05,8000.0,9000.0,8500.0,8500.0,quintal,8500.0,₹/quintal,True
Tamil Nadu,Madurai,Melur,Mango(Raw-Ripe),Mango - Raw-Ripe,Local,2026-09-05,9000.0,10000.0,9500.0,9500.0,quintal,9500.0,₹/quintal,True
Tamil Nadu,Madurai,Melur,Mint(Pudina),Mint(Pudina),Local,2026-09-05,4500.0,5000.0,4750.0,4750.0,quintal,4750.0,₹/quintal,True
Tamil Nadu,Madurai,Melur,Onion,Bellary,Local,2026-09-05,6000.0,6500.0,6250.0,6250.0,quintal,6250.0,₹/quintal,True
Tamil Nadu,Madurai,Melur,Onion Green,Onion Green,Local,2026-09-05,7500.0,8000.0,7750.0,7750.0,quintal,7750.0,₹/quintal,True
Tamil Nadu,Madurai,Melur,Papaya,Papaya,Local,2026-09-05,4500.0,5000.0,4750.0,4750.0,quintal,4750.0,₹/quintal,True
Tamil Nadu,Madurai,Melur,Pumpkin,Pumpkin,Local,2026-09-05,1600.0,2000.0,1800.0,1800.0,quintal,1800.0,₹/quintal,True
Tamil Nadu,Madurai,Melur,Raddish,Raddish,Local,2026-09-05,2400.0,2800.0,2600.0,2600.0,quintal,2600.0,₹/quintal,True
Tamil Nadu,Madurai,Melur,Ridgeguard(Tori),Ridgeguard(Tori),Local,2026-09-05,5000.0,5500.0,5250.0,5250.0,quintal,5250.0,₹/quintal,True
Tamil Nadu,Madurai,Melur,Snakeguard,Snakeguard,Local,2026-09-05,3600.0,4000.0,3800.0,3800.0,quintal,3800.0,₹/quintal,True
Tamil Nadu,Madurai,Melur,Sweet Potato,Hosur Red,Local,2026-09-05,5500.0,6000.0,5750.0,5750.0,quintal,5750.0,₹/quintal,True
Tamil Nadu,Madurai,Melur,Tapioca,Tapioca,Local,2026-09-05,3600.0,4000.0,3800.0,3800.0,quintal,3800.0,₹/quintal,True
Tamil Nadu,Madurai,Melur,Thondekai,Thondekai,Local,2026-09-05,4500.0,4800.0,4650.0,4650.0,quintal,4650.0,₹/quintal,True
Tamil Nadu,Madurai,Melur,Tomato,Deshi,Local,2026-09-05,2800.0,3200.0,3000.0,3000.0,quintal,3000.0,₹/quintal,True
Tamil Nadu,Madurai,Melur,Yam(Ratalu),Yam (Ratalu),Local,2026-09-05,6500.0,7000.0,6750.0,6750.0,quintal,6750.0,₹/quintal,True
Tamil Nadu,Madurai,Palanganatham,Amaranthus,Amaranthus,Local,2026-09-05,3000.0,3600.0,3300.0,3300.0,quintal,3300.0,₹/quintal,True
Tamil Nadu,Madurai,Palanganatham,Amla(Nelli Kai),Amla,Local,2026-09-05,7000.0,8000.0,7500.0,7500.0,quintal,7500.0,₹/quintal,True
Tamil Nadu,Madurai,Palanganatham,Apple,American,Local,2026-09-05,20000.0,27000.0,23500.0,23500.0,quintal,23500.0,₹/quintal,True
Tamil Nadu,Madurai,Palanganatham,Ashgourd,Gouard,Local,2026-09-05,1600.0,2000.0,1800.0,1800.0,quintal,1800.0,₹/quintal,True
Tamil Nadu,Madurai,Palanganatham,Banana,Besrai,Local,2026-09-05,3600.0,4000.0,3800.0,3800.0,quintal,3800.0,₹/quintal,True
Tamil Nadu,Madurai,Palanganatham,Banana - Green,Banana - Green,Local,2026-09-05,1500.0,2000.0,1750.0,1750.0,quintal,1750.0,₹/quintal,True
Tamil Nadu,Madurai,Palanganatham,Beans,Beans (Whole),Local,2026-09-05,8000.0,9000.0,8500.0,8500.0,quintal,8500.0,₹/quintal,True
Tamil Nadu,Madurai,Palanganatham,Beetroot,Beetroot,Local,2026-09-05,4000.0,5000.0,4500.0,4500.0,quintal,4500.0,₹/quintal,True
Tamil Nadu,Madurai,Palanganatham,Betal Leaves,Mysore,Local,2026-09-05,20000.0,28000.0,24000.0,24000.0,quintal,24000.0,₹/quintal,True
Tamil Nadu,Madurai,Palanganatham,Bhindi(Ladies Finger),Bhindi,Local,2026-09-05,2800.0,3200.0,3000.0,3000.0,quintal,3000.0,₹/quintal,True
Tamil Nadu,Madurai,Palanganatham,Bitter gourd,Bitter Gourd,Local,2026-09-05,5000.0,6000.0,5500.0,5500.0,quintal,5500.0,₹/quintal,True
Tamil Nadu,Madurai,Palanganatham,Bottle gourd,Bottle Gourd,Local,2026-09-05,2400.0,2800.0,2600.0,2600.0,quintal,2600.0,₹/quintal,True
Tamil Nadu,Madurai,Palanganatham,Brinjal,Other,Local,2026-09-05,3600.0,4000.0,3800.0,3800.0,quintal,3800.0,₹/quintal,True
Tamil Nadu,Madurai,Palanganatham,Cabbage,Cabbage,Local,2026-09-05,2500.0,3000.0,2750.0,2750.0,quintal,2750.0,₹/quintal,True
Tamil Nadu,Madurai,Palanganatham,Capsicum,Capsicum,Local,2026-09-05,7000.0,8000.0,7500.0,7500.0,quintal,7500.0,₹/quintal,True
Tamil Nadu,Madurai,Palanganatham,Carrot,Pusakesar,Local,2026-09-05,4000.0,5000.0,4500.0,4500.0,quintal,4500.0,₹/quintal,True
Tamil Nadu,Madurai,Palanganatham,Cauliflower,Ranchi,Local,2026-09-05,3000.0,3500.0,3250.0,3250.0,quintal,3250.0,₹/quintal,True
Tamil Nadu,Madurai,Palanganatham,Chow Chow,Chow Chow,Local,2026-09-05,2800.0,3200.0,3000.0,3000.0,quintal,3000.0,₹/quintal,True
Tamil Nadu,Madurai,Palanganatham,Cluster beans,Cluster Beans,Local,2026-09-05,2800.0,3200.0,3000.0,3000.0,quintal,3000.0,₹/quintal,True
Tamil Nadu,Madurai,Palanganatham,Coconut,Coconut,Local,2026-09-05,6800.0,7000.0,6900.0,6900.0,quintal,6900.0,₹/quintal,True
Tamil Nadu,Madurai,Palanganatham,Colacasia,Colacasia,Local,2026-09-05,5000.0,6000.0,5500.0,5500.0,quintal,5500.0,₹/quintal,True
Tamil Nadu,Madurai,Palanganatham,Coriander(Leaves),I Sort,Local,2026-09-05,3600.0,4000.0,3800.0,3800.0,quintal,3800.0,₹/quintal,True
Tamil Nadu,Madurai,Palanganatham,Drumstick,Drumstick,Local,2026-09-05,4000.0,5000.0,4500.0,4500.0,quintal,4500.0,₹/quintal,True
Tamil Nadu,Madurai,Palanganatham,Elephant Yam(Suran)/Amorphophallus,Elephant Yam (Suran),Local,2026-09-05,4000.0,5000.0,4500.0,4500.0,quintal,4500.0,₹/quintal,True
Tamil Nadu,Madurai,Palanganatham,Garlic,Garlic,Local,2026-09-05,13000.0,27000.0,20000.0,20000.0,quintal,20000.0,₹/quintal,True
Tamil Nadu,Madurai,Palanganatham,Ginger(Green),Green Ginger,Local,2026-09-05,12000.0,19000.0,15500.0,15500.0,quintal,15500.0,₹/quintal,True
Tamil Nadu,Madurai,Palanganatham,Grapes,Annabesahai,Local,2026-09-05,10000.0,12000.0,11000.0,11000.0,quintal,11000.0,₹/quintal,True
Tamil Nadu,Madurai,Palanganatham,Green Avare(W),Green Avare (W),Local,2026-09-05,5000.0,9000.0,7000.0,7000.0,quintal,7000.0,₹/quintal,True
Tamil Nadu,Madurai,Palanganatham,Green Chilli,Green Chilly,Local,2026-09-05,4000.0,4800.0,4400.0,4400.0,quintal,4400.0,₹/quintal,True
Tamil Nadu,Madurai,Palanganatham,Green Peas,Green Peas,Local,2026-09-05,14000.0,16000.0,15000.0,15000.0,quintal,15000.0,₹/quintal,True
Tamil Nadu,Madurai,Palanganatham,Guava,Guava Allahabad,Local,2026-09-05,6000.0,7000.0,6500.0,6500.0,quintal,6500.0,₹/quintal,True
Tamil Nadu,Madurai,Palanganatham,Indian Beans(Seam),Indian Beans (Seam),Local,2026-09-05,5000.0,6000.0,5500.0,5500.0,quintal,5500.0,₹/quintal,True
Tamil Nadu,Madurai,Palanganatham,Knool Khol,Knool Khol,Local,2026-09-05,3000.0,3600.0,3300.0,3300.0,quintal,3300.0,₹/quintal,True
Tamil Nadu,Madurai,Palanganatham,Lemon,Lemon,Local,2026-09-05,20000.0,24000.0,22000.0,22000.0,quintal,22000.0,₹/quintal,True
Tamil Nadu,Madurai,Palanganatham,Lime,Lime,Local,2026-09-05,14000.0,16000.0,15000.0,15000.0,quintal,15000.0,₹/quintal,True
Tamil Nadu,Madurai,Palanganatham,Mango(Raw-Ripe),Mango - Raw-Ripe,Local,2026-09-05,9000.0,10000.0,9500.0,9500.0,quintal,9500.0,₹/quintal,True
Tamil Nadu,Madurai,Palanganatham,Mashrooms,Mashrooms,Local,2026-09-05,25000.0,30000.0,27500.0,27500.0,quintal,27500.0,₹/quintal,True
Tamil Nadu,Madurai,Palanganatham,Mint(Pudina),Mint(Pudina),Local,2026-09-05,4000.0,5000.0,4500.0,4500.0,quintal,4500.0,₹/quintal,True
Tamil Nadu,Madurai,Palanganatham,Mousambi(Sweet Lime),Mousambi,Local,2026-09-05,6000.0,7000.0,6500.0,6500.0,quintal,6500.0,₹/quintal,True
Tamil Nadu,Madurai,Palanganatham,Onion,Bellary,Local,2026-09-05,6000.0,6500.0,6250.0,6250.0,quintal,6250.0,₹/quintal,True
Tamil Nadu,Madurai,Palanganatham,Onion Green,Onion Green,Local,2026-09-05,7000.0,8000.0,7500.0,7500.0,quintal,7500.0,₹/quintal,True
Tamil Nadu,Madurai,Palanganatham,Orange,Darjeeling,Local,2026-09-05,12000.0,16000.0,14000.0,14000.0,quintal,14000.0,₹/quintal,True
Tamil Nadu,Madurai,Palanganatham,Papaya,Papaya,Local,2026-09-05,4500.0,5000.0,4750.0,4750.0,quintal,4750.0,₹/quintal,True
Tamil Nadu,Madurai,Palanganatham,Pomegranate,Pomogranate,Local,2026-09-05,18000.0,22000.0,20000.0,20000.0,quintal,20000.0,₹/quintal,True
Tamil Nadu,Madurai,Palanganatham,Potato,Other,Local,2026-09-05,4500.0,5500.0,5000.0,5000.0,quintal,5000.0,₹/quintal,True
Tamil Nadu,Madurai,Palanganatham,Pumpkin,Pumpkin,Local,2026-09-05,1600.0,2000.0,1800.0,1800.0,quintal,1800.0,₹/quintal,True
Tamil Nadu,Madurai,Palanganatham,Raddish,Raddish,Local,2026-09-05,2400.0,2800.0,2600.0,2600.0,quintal,2600.0,₹/quintal,True
Tamil Nadu,Madurai,Palanganatham,Ridgeguard(Tori),Ridgeguard(Tori),Local,2026-09-05,5000.0,5500.0,5250.0,5250.0,quintal,5250.0,₹/quintal,True
Tamil Nadu,Madurai,Palanganatham,Snakeguard,Snakeguard,Local,2026-09-05,3600.0,4000.0,3800.0,3800.0,quintal,3800.0,₹/quintal,True
Tamil Nadu,Madurai,Palanganatham,Thondekai,Thondekai,Local,2026-09-05,4000.0,4500.0,4250.0,4250.0,quintal,4250.0,₹/quintal,True
Tamil Nadu,Madurai,Palanganatham,Tomato,Other,Local,2026-09-05,2800.0,3200.0,3000.0,3000.0,quintal,3000.0,₹/quintal,True
Tamil Nadu,Madurai,Palanganatham,Yam(Ratalu),Yam (Ratalu),Local,2026-09-05,6000.0,7000.0,6500.0,6500.0,quintal,6500.0,₹/quintal,True
Tamil Nadu,Madurai,Thirumangalam,Amaranthus,Amaranthus,Local,2026-09-05,3000.0,3600.0,3300.0,3300.0,quintal,3300.0,₹/quintal,True
Tamil Nadu,Madurai,Thirumangalam,Amla(Nelli Kai),Amla,Local,2026-09-05,4500.0,5000.0,4750.0,4750.0,quintal,4750.0,₹/quintal,True
Tamil Nadu,Madurai,Thirumangalam,Ashgourd,Gouard,Local,2026-09-05,1600.0,2000.0,1800.0,1800.0,quintal,1800.0,₹/quintal,True
Tamil Nadu,Madurai,Thirumangalam,Banana,Besrai,Local,2026-09-05,3000.0,4000.0,3500.0,3500.0,quintal,3500.0,₹/quintal,True
Tamil Nadu,Madurai,Thirumangalam,Bhindi(Ladies Finger),Bhindi,Local,2026-09-05,2800.0,3200.0,3000.0,3000.0,quintal,3000.0,₹/quintal,True
Tamil Nadu,Madurai,Thirumangalam,Bitter gourd,Bitter Gourd,Local,2026-09-05,4500.0,5000.0,4750.0,4750.0,quintal,4750.0,₹/quintal,True
Tamil Nadu,Madurai,Thirumangalam,Bottle gourd,Bottle Gourd,Local,2026-09-05,1600.0,2000.0,1800.0,1800.0,quintal,1800.0,₹/quintal,True
Tamil Nadu,Madurai,Thirumangalam,Brinjal,Round,Local,2026-09-05,3600.0,4000.0,3800.0,3800.0,quintal,3800.0,₹/quintal,True
Tamil Nadu,Madurai,Thirumangalam,Chikoos(Sapota),Sapota,Local,2026-09-05,4500.0,6000.0,5250.0,5250.0,quintal,5250.0,₹/quintal,True
Tamil Nadu,Madurai,Thirumangalam,Cluster beans,Cluster Beans,Local,2026-09-05,3000.0,3200.0,3100.0,3100.0,quintal,3100.0,₹/quintal,True
Tamil Nadu,Madurai,Thirumangalam,Coconut,Coconut,Local,2026-09-05,6800.0,7000.0,6900.0,6900.0,quintal,6900.0,₹/quintal,True
Tamil Nadu,Madurai,Thirumangalam,Drumstick,Drumstick,Local,2026-09-05,4000.0,5000.0,4500.0,4500.0,quintal,4500.0,₹/quintal,True
Tamil Nadu,Madurai,Thirumangalam,Elephant Yam(Suran)/Amorphophallus,Elephant Yam (Suran),Local,2026-09-05,4000.0,4500.0,4250.0,4250.0,quintal,4250.0,₹/quintal,True
Tamil Nadu,Madurai,Thirumangalam,Green Avare(W),Green Avare (W),Local,2026-09-05,8000.0,9000.0,8500.0,8500.0,quintal,8500.0,₹/quintal,True
Tamil Nadu,Madurai,Thirumangalam,Green Chilli,Green Chilly,Local,2026-09-05,4500.0,4800.0,4650.0,4650.0,quintal,4650.0,₹/quintal,True
Tamil Nadu,Madurai,Thirumangalam,Guava,Guava Allahabad,Local,2026-09-05,6000.0,7000.0,6500.0,6500.0,quintal,6500.0,₹/quintal,True
Tamil Nadu,Madurai,Thirumangalam,Lemon,Lemon,Local,2026-09-05,22000.0,24000.0,23000.0,23000.0,quintal,23000.0,₹/quintal,True
Tamil Nadu,Madurai,Thirumangalam,Onion,Bellary,Local,2026-09-05,6000.0,6500.0,6250.0,6250.0,quintal,6250.0,₹/quintal,True
Tamil Nadu,Madurai,Thirumangalam,Onion Green,Onion Green,Local,2026-09-05,7500.0,8000.0,7750.0,7750.0,quintal,7750.0,₹/quintal,True
Tamil Nadu,Madurai,Thirumangalam,Papaya,Papaya,Local,2026-09-05,4500.0,5000.0,4750.0,4750.0,quintal,4750.0,₹/quintal,True
Tamil Nadu,Madurai,Thirumangalam,Pumpkin,Pumpkin,Local,2026-09-05,1600.0,2000.0,1800.0,1800.0,quintal,1800.0,₹/quintal,True
Tamil Nadu,Madurai,Thirumangalam,Raddish,Raddish,Local,2026-09-05,2400.0,2800.0,2600.0,2600.0,quintal,2600.0,₹/quintal,True
Tamil Nadu,Madurai,Thirumangalam,Ridgeguard(Tori),Ridgeguard(Tori),Local,2026-09-05,5000.0,5500.0,5250.0,5250.0,quintal,5250.0,₹/quintal,True
Tamil Nadu,Madurai,Thirumangalam,Snakeguard,Snakeguard,Local,2026-09-05,3000.0,3600.0,3300.0,3300.0,quintal,3300.0,₹/quintal,True
Tamil Nadu,Madurai,Thirumangalam,Tomato,Deshi,Local,2026-09-05,2800.0,3200.0,3000.0,3000.0,quintal,3000.0,₹/quintal,True
Tamil Nadu,Madurai,Thirumangalam,Yam(Ratalu),Yam (Ratalu),Local,2026-09-05,6500.0,7000.0,6750.0,6750.0,quintal,6750.0,₹/quintal,True
Tamil Nadu,Madurai,Usilampatti,Amaranthus,Amaranthus,Local,2026-09-05,3000.0,3600.0,3300.0,3300.0,quintal,3300.0,₹/quintal,True
Tamil Nadu,Madurai,Usilampatti,Ashgourd,Gouard,Local,2026-09-05,1600.0,2000.0,1800.0,1800.0,quintal,1800.0,₹/quintal,True
Tamil Nadu,Madurai,Usilampatti,Banana - Green,Banana - Green,Local,2026-09-05,2500.0,3000.0,2750.0,2750.0,quintal,2750.0,₹/quintal,True
Tamil Nadu,Madurai,Usilampatti,Bhindi(Ladies Finger),Bhindi,Local,2026-09-05,2800.0,3200.0,3000.0,3000.0,quintal,3000.0,₹/quintal,True
Tamil Nadu,Madurai,Usilampatti,Bitter gourd,Other,Local,2026-09-05,4500.0,5000.0,4750.0,4750.0,quintal,4750.0,₹/quintal,True
Tamil Nadu,Madurai,Usilampatti,Bottle gourd,Bottle Gourd,Local,2026-09-05,2600.0,3800.0,3200.0,3200.0,quintal,3200.0,₹/quintal,True
Tamil Nadu,Madurai,Usilampatti,Brinjal,Round,Local,2026-09-05,3600.0,4000.0,3800.0,3800.0,quintal,3800.0,₹/quintal,True
Tamil Nadu,Madurai,Usilampatti,Cluster beans,Cluster Beans,Local,2026-09-05,3000.0,3200.0,3100.0,3100.0,quintal,3100.0,₹/quintal,True
Tamil Nadu,Madurai,Usilampatti,Coconut,Coconut,Local,2026-09-05,6800.0,7000.0,6900.0,6900.0,quintal,6900.0,₹/quintal,True
Tamil Nadu,Madurai,Usilampatti,Coriander(Leaves),I Sort,Local,2026-09-05,3600.0,4000.0,3800.0,3800.0,quintal,3800.0,₹/quintal,True
Tamil Nadu,Madurai,Usilampatti,Drumstick,Drumstick,Local,2026-09-05,4000.0,5000.0,4500.0,4500.0,quintal,4500.0,₹/quintal,True
Tamil Nadu,Madurai,Usilampatti,Elephant Yam(Suran)/Amorphophallus,Elephant Yam (Suran),Local,2026-09-05,4000.0,4500.0,4250.0,4250.0,quintal,4250.0,₹/quintal,True
Tamil Nadu,Madurai,Usilampatti,Green Avare(W),Green Avare (W),Local,2026-09-05,8000.0,9000.0,8500.0,8500.0,quintal,8500.0,₹/quintal,True
Tamil Nadu,Madurai,Usilampatti,Green Chilli,Green Chilly,Local,2026-09-05,4500.0,4800.0,4650.0,4650.0,quintal,4650.0,₹/quintal,True
Tamil Nadu,Madurai,Usilampatti,Indian Beans(Seam),Indian Beans (Seam),Local,2026-09-05,5500.0,6000.0,5750.0,5750.0,quintal,5750.0,₹/quintal,True
Tamil Nadu,Madurai,Usilampatti,Lemon,Lemon,Local,2026-09-05,22000.0,24000.0,23000.0,23000.0,quintal,23000.0,₹/quintal,True
Tamil Nadu,Madurai,Usilampatti,Mint(Pudina),Mint(Pudina),Local,2026-09-05,4500.0,5000.0,4750.0,4750.0,quintal,4750.0,₹/quintal,True
Tamil Nadu,Madurai,Usilampatti,Onion,Bellary,Local,2026-09-05,6000.0,6500.0,6250.0,6250.0,quintal,6250.0,₹/quintal,True
Tamil Nadu,Madurai,Usilampatti,Onion Green,Onion Green,Local,2026-09-05,7500.0,8000.0,7750.0,7750.0,quintal,7750.0,₹/quintal,True
Tamil Nadu,Madurai,Usilampatti,Ridgeguard(Tori),Ridgeguard(Tori),Local,2026-09-05,5000.0,5500.0,5250.0,5250.0,quintal,5250.0,₹/quintal,True
Tamil Nadu,Madurai,Usilampatti,Snakeguard,Snakeguard,Local,2026-09-05,3600.0,4000.0,3800.0,3800.0,quintal,3800.0,₹/quintal,True
Tamil Nadu,Madurai,Usilampatti,Tapioca,Tapioca,Local,2026-09-05,3600.0,4000.0,3800.0,3800.0,quintal,3800.0,₹/quintal,True
Tamil Nadu,Madurai,Usilampatti,Tomato,Deshi,Local,2026-09-05,2800.0,3200.0,3000.0,3000.0,quintal,3000.0,₹/quintal,True
Tamil Nadu,Nagapattinam,Mayiladuthurai,Amaranthus,Amaranthus,Local,2026-09-05,1500.0,2000.0,1750.0,1750.0,quintal,1750.0,₹/quintal,True
Tamil Nadu,Nagapattinam,Mayiladuthurai,Ashgourd,Gouard,Local,2026-09-05,1500.0,2000.0,1750.0,1750.0,quintal,1750.0,₹/quintal,True
Tamil Nadu,Nagapattinam,Mayiladuthurai,Banana,Besrai,Local,2026-09-05,3500.0,4000.0,3750.0,3750.0,quintal,3750.0,₹/quintal,True
Tamil Nadu,Nagapattinam,Mayiladuthurai,Banana - Green,Banana - Green,Local,2026-09-05,3000.0,3500.0,3250.0,3250.0,quintal,3250.0,₹/quintal,True
Tamil Nadu,Nagapattinam,Mayiladuthurai,Beetroot,Beetroot,Local,2026-09-05,5000.0,5000.0,5000.0,5000.0,quintal,5000.0,₹/quintal,True
Tamil Nadu,Nagapattinam,Mayiladuthurai,Bhindi(Ladies Finger),Bhindi,Local,2026-09-05,4500.0,5000.0,4750.0,4750.0,quintal,4750.0,₹/quintal,True
Tamil Nadu,Nagapattinam,Mayiladuthurai,Bitter gourd,Bitter Gourd,Local,2026-09-05,5000.0,6000.0,5500.0,5500.0,quintal,5500.0,₹/quintal,True
Tamil Nadu,Nagapattinam,Mayiladuthurai,Bottle gourd,Bottle Gourd,Local,2026-09-05,2500.0,3000.0,2750.0,2750.0,quintal,2750.0,₹/quintal,True
Tamil Nadu,Nagapattinam,Mayiladuthurai,Brinjal,Round,Local,2026-09-05,4500.0,5000.0,4750.0,4750.0,quintal,4750.0,₹/quintal,True
Tamil Nadu,Nagapattinam,Mayiladuthurai,Cabbage,Cabbage,Local,2026-09-05,4000.0,4000.0,4000.0,4000.0,quintal,4000.0,₹/quintal,True
Tamil Nadu,Nagapattinam,Mayiladuthurai,Carrot,Pusakesar,Local,2026-09-05,9000.0,9000.0,9000.0,9000.0,quintal,9000.0,₹/quintal,True
Tamil Nadu,Nagapattinam,Mayiladuthurai,Cauliflower,Ranchi,Local,2026-09-05,5000.0,5000.0,5000.0,5000.0,quintal,5000.0,₹/quintal,True
Tamil Nadu,Nagapattinam,Mayiladuthurai,Chow Chow,Chow Chow,Local,2026-09-05,3500.0,4000.0,3750.0,3750.0,quintal,3750.0,₹/quintal,True
Tamil Nadu,Nagapattinam,Mayiladuthurai,Cluster beans,Cluster Beans,Local,2026-09-05,4500.0,5000.0,4750.0,4750.0,quintal,4750.0,₹/quintal,True
Tamil Nadu,Nagapattinam,Mayiladuthurai,Coconut,Coconut,Local,2026-09-05,3500.0,4000.0,3750.0,3750.0,quintal,3750.0,₹/quintal,True
Tamil Nadu,Nagapattinam,Mayiladuthurai,Green Avare(W),Green Avare (W),Local,2026-09-05,7000.0,8000.0,7500.0,7500.0,quintal,7500.0,₹/quintal,True
Tamil Nadu,Nagapattinam,Mayiladuthurai,Green Chilli,Green Chilly,Local,2026-09-05,5000.0,6000.0,5500.0,5500.0,quintal,5500.0,₹/quintal,True
Tamil Nadu,Nagapattinam,Mayiladuthurai,Lime,Lime,Local,2026-09-05,3500.0,4000.0,3750.0,3750.0,quintal,3750.0,₹/quintal,True
Tamil Nadu,Nagapattinam,Mayiladuthurai,Mango(Raw-Ripe),Mango - Raw-Ripe,Local,2026-09-05,6000.0,7000.0,6500.0,6500.0,quintal,6500.0,₹/quintal,True
Tamil Nadu,Nagapattinam,Mayiladuthurai,Onion,Bellary,Local,2026-09-05,4500.0,5000.0,4750.0,4750.0,quintal,4750.0,₹/quintal,True
Tamil Nadu,Nagapattinam,Mayiladuthurai,Onion Green,Onion Green,Local,2026-09-05,5000.0,6000.0,5500.0,5500.0,quintal,5500.0,₹/quintal,True
Tamil Nadu,Nagapattinam,Mayiladuthurai,Potato,Red Nanital,Local,2026-09-05,3000.0,3000.0,3000.0,3000.0,quintal,3000.0,₹/quintal,True
Tamil Nadu,Nagapattinam,Mayiladuthurai,Pumpkin,Pumpkin,Local,2026-09-05,1500.0,2000.0,1750.0,1750.0,quintal,1750.0,₹/quintal,True
Tamil Nadu,Nagapattinam,Mayiladuthurai,Raddish,Raddish,Local,2026-09-05,2500.0,3000.0,2750.0,2750.0,quintal,2750.0,₹/quintal,True
Tamil Nadu,Nagapattinam,Mayiladuthurai,Ridgeguard(Tori),Ridgeguard(Tori),Local,2026-09-05,6000.0,7000.0,6500.0,6500.0,quintal,6500.0,₹/quintal,True
Tamil Nadu,Nagapattinam,Mayiladuthurai,Snakeguard,Snakeguard,Local,2026-09-05,3500.0,4000.0,3750.0,3750.0,quintal,3750.0,₹/quintal,True
Tamil Nadu,Nagapattinam,Mayiladuthurai,Tender Coconut,Tender Coconut,Local,2026-09-05,2000.0,2500.0,2250.0,2250.0,quintal,2250.0,₹/quintal,True
Tamil Nadu,Nagapattinam,Mayiladuthurai,Tomato,Deshi,Local,2026-09-05,2500.0,3000.0,2750.0,2750.0,quintal,2750.0,₹/quintal,True
Tamil Nadu,Nagapattinam,Mayiladuthurai,Yam(Ratalu),Yam (Ratalu),Local,2026-09-05,8000.0,9000.0,8500.0,8500.0,quintal,8500.0,₹/quintal,True
Tamil Nadu,Nagapattinam,Nagapattinam,Amaranthus,Amaranthus,Local,2026-09-05,2300.0,2600.0,2450.0,2450.0,quintal,2450.0,₹/quintal,True
Tamil Nadu,Nagapattinam,Nagapattinam,Ashgourd,Gouard,Local,2026-09-05,3100.0,3600.0,3350.0,3350.0,quintal,3350.0,₹/quintal,True
Tamil Nadu,Nagapattinam,Nagapattinam,Banana,Poovan,Local,2026-09-05,3500.0,4000.0,3750.0,3750.0,quintal,3750.0,₹/quintal,True
Tamil Nadu,Nagapattinam,Nagapattinam,Banana - Green,Banana - Green,Local,2026-09-05,2500.0,3000.0,2750.0,2750.0,quintal,2750.0,₹/quintal,True
Tamil Nadu,Nagapattinam,Nagapattinam,Beans,Beans (Whole),Local,2026-09-05,10000.0,12000.0,11000.0,11000.0,quintal,11000.0,₹/quintal,True
Tamil Nadu,Nagapattinam,Nagapattinam,Beetroot,Beetroot,Local,2026-09-05,4000.0,4500.0,4250.0,4250.0,quintal,4250.0,₹/quintal,True
Tamil Nadu,Nagapattinam,Nagapattinam,Bhindi(Ladies Finger),Bhindi,Local,2026-09-05,5300.0,6000.0,5650.0,5650.0,quintal,5650.0,₹/quintal,True
Tamil Nadu,Nagapattinam,Nagapattinam,Bitter gourd,Other,Local,2026-09-05,4200.0,4200.0,4200.0,4200.0,quintal,4200.0,₹/quintal,True
Tamil Nadu,Nagapattinam,Nagapattinam,Bottle gourd,Bottle Gourd,Local,2026-09-05,2600.0,3300.0,2950.0,2950.0,quintal,2950.0,₹/quintal,True
Tamil Nadu,Nagapattinam,Nagapattinam,Brinjal,Round,Local,2026-09-05,4000.0,5000.0,4500.0,4500.0,quintal,4500.0,₹/quintal,True
Tamil Nadu,Nagapattinam,Nagapattinam,Cabbage,Cabbage,Local,2026-09-05,4000.0,4500.0,4250.0,4250.0,quintal,4250.0,₹/quintal,True
Tamil Nadu,Nagapattinam,Nagapattinam,Carrot,Pusakesar,Local,2026-09-05,7500.0,8000.0,7750.0,7750.0,quintal,7750.0,₹/quintal,True
Tamil Nadu,Nagapattinam,Nagapattinam,Chow Chow,Chow Chow,Local,2026-09-05,2700.0,2700.0,2700.0,2700.0,quintal,2700.0,₹/quintal,True
Tamil Nadu,Nagapattinam,Nagapattinam,Cluster beans,Cluster Beans,Local,2026-09-05,3800.0,3800.0,3800.0,3800.0,quintal,3800.0,₹/quintal,True
Tamil Nadu,Nagapattinam,Nagapattinam,Coconut,Coconut,Local,2026-09-05,5400.0,5400.0,5400.0,5400.0,quintal,5400.0,₹/quintal,True
Tamil Nadu,Nagapattinam,Nagapattinam,Coriander(Leaves),I Sort,Local,2026-09-05,4200.0,4200.0,4200.0,4200.0,quintal,4200.0,₹/quintal,True
Tamil Nadu,Nagapattinam,Nagapattinam,Cucumbar(Kheera),Cucumbar,Local,2026-09-05,8000.0,8000.0,8000.0,8000.0,quintal,8000.0,₹/quintal,True
Tamil Nadu,Nagapattinam,Nagapattinam,Drumstick,Drumstick,Local,2026-09-05,3500.0,3500.0,3500.0,3500.0,quintal,3500.0,₹/quintal,True
Tamil Nadu,Nagapattinam,Nagapattinam,Elephant Yam(Suran)/Amorphophallus,Elephant Yam (Suran),Local,2026-09-05,5900.0,5900.0,5900.0,5900.0,quintal,5900.0,₹/quintal,True
Tamil Nadu,Nagapattinam,Nagapattinam,Garlic,Garlic,Local,2026-09-05,17100.0,22000.0,19550.0,19550.0,quintal,19550.0,₹/quintal,True
Tamil Nadu,Nagapattinam,Nagapattinam,Ginger(Green),Green Ginger,Local,2026-09-05,14600.0,19000.0,16800.0,16800.0,quintal,16800.0,₹/quintal,True
Tamil Nadu,Nagapattinam,Nagapattinam,Green Avare(W),Green Avare (W),Local,2026-09-05,6600.0,7500.0,7050.0,7050.0,quintal,7050.0,₹/quintal,True
Tamil Nadu,Nagapattinam,Nagapattinam,Green Chilli,Green Chilly,Local,2026-09-05,3300.0,3500.0,3400.0,3400.0,quintal,3400.0,₹/quintal,True
Tamil Nadu,Nagapattinam,Nagapattinam,Groundnut,Big (With Shell),Local,2026-09-05,5000.0,5900.0,5450.0,5450.0,quintal,5450.0,₹/quintal,True
Tamil Nadu,Nagapattinam,Nagapattinam,Lemon,Lemon,Local,2026-09-05,11500.0,13000.0,12250.0,12250.0,quintal,12250.0,₹/quintal,True
Tamil Nadu,Nagapattinam,Nagapattinam,Lime,Lime,Local,2026-09-05,2800.0,2800.0,2800.0,2800.0,quintal,2800.0,₹/quintal,True
Tamil Nadu,Nagapattinam,Nagapattinam,Mango,Neelam,Local,2026-09-05,6000.0,7000.0,6500.0,6500.0,quintal,6500.0,₹/quintal,True
Tamil Nadu,Nagapattinam,Nagapattinam,Mango(Raw-Ripe),Mango - Raw-Ripe,Local,2026-09-05,5500.0,6500.0,6000.0,6000.0,quintal,6000.0,₹/quintal,True
Tamil Nadu,Nagapattinam,Nagapattinam,Mint(Pudina),Mint(Pudina),Local,2026-09-05,3700.0,3700.0,3700.0,3700.0,quintal,3700.0,₹/quintal,True
Tamil Nadu,Nagapattinam,Nagapattinam,Onion,Bellary,Local,2026-09-05,3000.0,3800.0,3400.0,3400.0,quintal,3400.0,₹/quintal,True
Tamil Nadu,Nagapattinam,Nagapattinam,Onion Green,Onion Green,Local,2026-09-05,6000.0,7300.0,6650.0,6650.0,quintal,6650.0,₹/quintal,True
Tamil Nadu,Nagapattinam,Nagapattinam,Papaya,Papaya,Local,2026-09-05,4100.0,4100.0,4100.0,4100.0,quintal,4100.0,₹/quintal,True
Tamil Nadu,Nagapattinam,Nagapattinam,Potato,Red Nanital,Local,2026-09-05,3500.0,3500.0,3500.0,3500.0,quintal,3500.0,₹/quintal,True
Tamil Nadu,Nagapattinam,Nagapattinam,Pumpkin,Pumpkin,Local,2026-09-05,3100.0,3100.0,3100.0,3100.0,quintal,3100.0,₹/quintal,True
Tamil Nadu,Nagapattinam,Nagapattinam,Raddish,Raddish,Local,2026-09-05,4100.0,4100.0,4100.0,4100.0,quintal,4100.0,₹/quintal,True
Tamil Nadu,Nagapattinam,Nagapattinam,Ridgeguard(Tori),Ridgeguard(Tori),Local,2026-09-05,5100.0,5600.0,5350.0,5350.0,quintal,5350.0,₹/quintal,True
Tamil Nadu,Nagapattinam,Nagapattinam,Snakeguard,Snakeguard,Local,2026-09-05,2500.0,3000.0,2750.0,2750.0,quintal,2750.0,₹/quintal,True
Tamil Nadu,Nagapattinam,Nagapattinam,Tamarind Fruit,Tamarind Fruit,Local,2026-09-05,12100.0,13500.0,12800.0,12800.0,quintal,12800.0,₹/quintal,True
Tamil Nadu,Nagapattinam,Nagapattinam,Tomato,Deshi,Local,2026-09-05,3800.0,3800.0,3800.0,3800.0,quintal,3800.0,₹/quintal,True
Tamil Nadu,Nagapattinam,Nagapattinam,Yam(Ratalu),Yam (Ratalu),Local,2026-09-05,5600.0,5600.0,5600.0,5600.0,quintal,5600.0,₹/quintal,True
Tamil Nadu,Nagapattinam,Sirkali,Amaranthus,Amaranthus,Local,2026-09-05,1500.0,2000.0,1750.0,1750.0,quintal,1750.0,₹/quintal,True
Tamil Nadu,Nagapattinam,Sirkali,Ashgourd,Gouard,Local,2026-09-05,2500.0,3000.0,2750.0,2750.0,quintal,2750.0,₹/quintal,True
Tamil Nadu,Nagapattinam,Sirkali,Banana,Besrai,Local,2026-09-05,4000.0,5000.0,4500.0,4500.0,quintal,4500.0,₹/quintal,True
Tamil Nadu,Nagapattinam,Sirkali,Banana - Green,Banana - Green,Local,2026-09-05,2500.0,3000.0,2750.0,2750.0,quintal,2750.0,₹/quintal,True
Tamil Nadu,Nagapattinam,Sirkali,Beans,Beans (Whole),Local,2026-09-05,9000.0,9000.0,9000.0,9000.0,quintal,9000.0,₹/quintal,True
Tamil Nadu,Nagapattinam,Sirkali,Beetroot,Beetroot,Local,2026-09-05,4500.0,5000.0,4750.0,4750.0,quintal,4750.0,₹/quintal,True
Tamil Nadu,Nagapattinam,Sirkali,Bhindi(Ladies Finger),Bhindi,Local,2026-09-05,4500.0,5000.0,4750.0,4750.0,quintal,4750.0,₹/quintal,True
Tamil Nadu,Nagapattinam,Sirkali,Bitter gourd,Bitter Gourd,Local,2026-09-05,5500.0,6000.0,5750.0,5750.0,quintal,5750.0,₹/quintal,True
Tamil Nadu,Nagapattinam,Sirkali,Bottle gourd,Bottle Gourd,Local,2026-09-05,2500.0,3000.0,2750.0,2750.0,quintal,2750.0,₹/quintal,True
Tamil Nadu,Nagapattinam,Sirkali,Brinjal,Round,Local,2026-09-05,5000.0,5500.0,5250.0,5250.0,quintal,5250.0,₹/quintal,True
Tamil Nadu,Nagapattinam,Sirkali,Cabbage,Cabbage,Local,2026-09-05,2500.0,3000.0,2750.0,2750.0,quintal,2750.0,₹/quintal,True
Tamil Nadu,Nagapattinam,Sirkali,Carrot,Pusakesar,Local,2026-09-05,8000.0,8000.0,8000.0,8000.0,quintal,8000.0,₹/quintal,True
Tamil Nadu,Nagapattinam,Sirkali,Cauliflower,Ranchi,Local,2026-09-05,5000.0,5000.0,5000.0,5000.0,quintal,5000.0,₹/quintal,True
Tamil Nadu,Nagapattinam,Sirkali,Chow Chow,Chow Chow,Local,2026-09-05,3000.0,3000.0,3000.0,3000.0,quintal,3000.0,₹/quintal,True
Tamil Nadu,Nagapattinam,Sirkali,Cluster beans,Cluster Beans,Local,2026-09-05,4500.0,5000.0,4750.0,4750.0,quintal,4750.0,₹/quintal,True
Tamil Nadu,Nagapattinam,Sirkali,Coconut,Coconut,Local,2026-09-05,3500.0,4000.0,3750.0,3750.0,quintal,3750.0,₹/quintal,True
Tamil Nadu,Nagapattinam,Sirkali,Coriander(Leaves),I Sort,Local,2026-09-05,3500.0,4000.0,3750.0,3750.0,quintal,3750.0,₹/quintal,True
Tamil Nadu,Nagapattinam,Sirkali,Cucumbar(Kheera),Cucumbar,Local,2026-09-05,2500.0,3000.0,2750.0,2750.0,quintal,2750.0,₹/quintal,True
Tamil Nadu,Nagapattinam,Sirkali,Drumstick,Drumstick,Local,2026-09-05,5500.0,6000.0,5750.0,5750.0,quintal,5750.0,₹/quintal,True
Tamil Nadu,Nagapattinam,Sirkali,Elephant Yam(Suran)/Amorphophallus,Elephant Yam (Suran),Local,2026-09-05,6500.0,7000.0,6750.0,6750.0,quintal,6750.0,₹/quintal,True
Tamil Nadu,Nagapattinam,Sirkali,Ginger(Green),Green Ginger,Local,2026-09-05,18000.0,20000.0,19000.0,19000.0,quintal,19000.0,₹/quintal,True
Tamil Nadu,Nagapattinam,Sirkali,Green Avare(W),Green Avare (W),Local,2026-09-05,6500.0,7000.0,6750.0,6750.0,quintal,6750.0,₹/quintal,True
Tamil Nadu,Nagapattinam,Sirkali,Green Chilli,Green Chilly,Local,2026-09-05,5500.0,6000.0,5750.0,5750.0,quintal,5750.0,₹/quintal,True
Tamil Nadu,Nagapattinam,Sirkali,Groundnut,Big (With Shell),Local,2026-09-05,5500.0,6000.0,5750.0,5750.0,quintal,5750.0,₹/quintal,True
Tamil Nadu,Nagapattinam,Sirkali,Guava,Guava Allahabad,Local,2026-09-05,4000.0,5000.0,4500.0,4500.0,quintal,4500.0,₹/quintal,True
Tamil Nadu,Nagapattinam,Sirkali,Lemon,Lemon,Local,2026-09-05,9000.0,10000.0,9500.0,9500.0,quintal,9500.0,₹/quintal,True
Tamil Nadu,Nagapattinam,Sirkali,Lime,Lime,Local,2026-09-05,3500.0,4000.0,3750.0,3750.0,quintal,3750.0,₹/quintal,True
Tamil Nadu,Nagapattinam,Sirkali,Mango(Raw-Ripe),Mango - Raw-Ripe,Local,2026-09-05,6500.0,7000.0,6750.0,6750.0,quintal,6750.0,₹/quintal,True
Tamil Nadu,Nagapattinam,Sirkali,Mint(Pudina),Mint(Pudina),Local,2026-09-05,4000.0,4500.0,4250.0,4250.0,quintal,4250.0,₹/quintal,True
Tamil Nadu,Nagapattinam,Sirkali,Onion,Bellary,Local,2026-09-05,5500.0,6000.0,5750.0,5750.0,quintal,5750.0,₹/quintal,True
Tamil Nadu,Nagapattinam,Sirkali,Onion Green,Onion Green,Local,2026-09-05,5500.0,6000.0,5750.0,5750.0,quintal,5750.0,₹/quintal,True
Tamil Nadu,Nagapattinam,Sirkali,Papaya,Papaya,Local,2026-09-05,3000.0,3500.0,3250.0,3250.0,quintal,3250.0,₹/quintal,True
Tamil Nadu,Nagapattinam,Sirkali,Potato,Red Nanital,Local,2026-09-05,3600.0,4000.0,3800.0,3800.0,quintal,3800.0,₹/quintal,True
Tamil Nadu,Nagapattinam,Sirkali,Pumpkin,Pumpkin,Local,2026-09-05,2500.0,3000.0,2750.0,2750.0,quintal,2750.0,₹/quintal,True
Tamil Nadu,Nagapattinam,Sirkali,Raddish,Raddish,Local,2026-09-05,3600.0,4000.0,3800.0,3800.0,quintal,3800.0,₹/quintal,True
Tamil Nadu,Nagapattinam,Sirkali,Ridgeguard(Tori),Ridgeguard(Tori),Local,2026-09-05,5500.0,6000.0,5750.0,5750.0,quintal,5750.0,₹/quintal,True
Tamil Nadu,Nagapattinam,Sirkali,Snakeguard,Snakeguard,Local,2026-09-05,4500.0,5000.0,4750.0,4750.0,quintal,4750.0,₹/quintal,True
Tamil Nadu,Nagapattinam,Sirkali,Sweet Potato,Hosur Red,Local,2026-09-05,5500.0,6000.0,5750.0,5750.0,quintal,5750.0,₹/quintal,True
Tamil Nadu,Nagapattinam,Sirkali,Tamarind Fruit,Tamarind Fruit,Local,2026-09-05,15000.0,15000.0,15000.0,15000.0,quintal,15000.0,₹/quintal,True
Tamil Nadu,Nagapattinam,Sirkali,Tapioca,Tapioca,Local,2026-09-05,4500.0,5000.0,4750.0,4750.0,quintal,4750.0,₹/quintal,True
Tamil Nadu,Nagapattinam,Sirkali,Tomato,Deshi,Local,2026-09-05,2500.0,3000.0,2750.0,2750.0,quintal,2750.0,₹/quintal,True
Tamil Nadu,Nagapattinam,Sirkali,Yam(Ratalu),Yam (Ratalu),Local,2026-09-05,5500.0,6000.0,5750.0,5750.0,quintal,5750.0,₹/quintal,True
Tamil Nadu,Nagapattinam,Vedaranyam,Amaranthus,Amaranthus,Local,2026-09-05,1800.0,2000.0,1900.0,1900.0,quintal,1900.0,₹/quintal,True
Tamil Nadu,Nagapattinam,Vedaranyam,Ashgourd,Gouard,Local,2026-09-05,1800.0,2000.0,1900.0,1900.0,quintal,1900.0,₹/quintal,True
Tamil Nadu,Nagapattinam,Vedaranyam,Banana,Other,Local,2026-09-05,3800.0,4000.0,3900.0,3900.0,quintal,3900.0,₹/quintal,True
Tamil Nadu,Nagapattinam,Vedaranyam,Banana - Green,Banana - Green,Local,2026-09-05,1600.0,1800.0,1700.0,1700.0,quintal,1700.0,₹/quintal,True
Tamil Nadu,Nagapattinam,Vedaranyam,Beetroot,Beetroot,Local,2026-09-05,3800.0,4000.0,3900.0,3900.0,quintal,3900.0,₹/quintal,True
Tamil Nadu,Nagapattinam,Vedaranyam,Bhindi(Ladies Finger),Bhindi,Local,2026-09-05,4200.0,4500.0,4350.0,4350.0,quintal,4350.0,₹/quintal,True
Tamil Nadu,Nagapattinam,Vedaranyam,Bitter gourd,Bitter Gourd,Local,2026-09-05,4200.0,4500.0,4350.0,4350.0,quintal,4350.0,₹/quintal,True
Tamil Nadu,Nagapattinam,Vedaranyam,Bottle gourd,Bottle Gourd,Local,2026-09-05,2200.0,2500.0,2350.0,2350.0,quintal,2350.0,₹/quintal,True
Tamil Nadu,Nagapattinam,Vedaranyam,Brinjal,Round,Local,2026-09-05,4800.0,5000.0,4900.0,4900.0,quintal,4900.0,₹/quintal,True
Tamil Nadu,Nagapattinam,Vedaranyam,Cabbage,Cabbage,Local,2026-09-05,3200.0,3500.0,3350.0,3350.0,quintal,3350.0,₹/quintal,True
Tamil Nadu,Nagapattinam,Vedaranyam,Chow Chow,Chow Chow,Local,2026-09-05,2800.0,3000.0,2900.0,2900.0,quintal,2900.0,₹/quintal,True
Tamil Nadu,Nagapattinam,Vedaranyam,Cluster beans,Cluster Beans,Local,2026-09-05,3200.0,3500.0,3350.0,3350.0,quintal,3350.0,₹/quintal,True
Tamil Nadu,Nagapattinam,Vedaranyam,Coconut,Coconut,Local,2026-09-05,4800.0,5000.0,4900.0,4900.0,quintal,4900.0,₹/quintal,True
Tamil Nadu,Nagapattinam,Vedaranyam,Drumstick,Drumstick,Local,2026-09-05,2200.0,2500.0,2350.0,2350.0,quintal,2350.0,₹/quintal,True
Tamil Nadu,Nagapattinam,Vedaranyam,Ginger(Green),Green Ginger,Local,2026-09-05,14800.0,15000.0,14900.0,14900.0,quintal,14900.0,₹/quintal,True
Tamil Nadu,Nagapattinam,Vedaranyam,Green Avare(W),Green Avare (W),Local,2026-09-05,5800.0,6000.0,5900.0,5900.0,quintal,5900.0,₹/quintal,True
Tamil Nadu,Nagapattinam,Vedaranyam,Green Chilli,Green Chilly,Local,2026-09-05,3800.0,4000.0,3900.0,3900.0,quintal,3900.0,₹/quintal,True
Tamil Nadu,Nagapattinam,Vedaranyam,Lemon,Lemon,Local,2026-09-05,8800.0,9000.0,8900.0,8900.0,quintal,8900.0,₹/quintal,True
Tamil Nadu,Nagapattinam,Vedaranyam,Lime,Lime,Local,2026-09-05,2500.0,2800.0,2650.0,2650.0,quintal,2650.0,₹/quintal,True
Tamil Nadu,Nagapattinam,Vedaranyam,Mango(Raw-Ripe),Mango - Raw-Ripe,Local,2026-09-05,3800.0,4000.0,3900.0,3900.0,quintal,3900.0,₹/quintal,True
Tamil Nadu,Nagapattinam,Vedaranyam,Onion,Bellary,Local,2026-09-05,3200.0,3500.0,3350.0,3350.0,quintal,3350.0,₹/quintal,True
Tamil Nadu,Nagapattinam,Vedaranyam,Onion Green,Onion Green,Local,2026-09-05,6200.0,6500.0,6350.0,6350.0,quintal,6350.0,₹/quintal,True
Tamil Nadu,Nagapattinam,Vedaranyam,Potato,Red Nanital,Local,2026-09-05,3500.0,3800.0,3650.0,3650.0,quintal,3650.0,₹/quintal,True
Tamil Nadu,Nagapattinam,Vedaranyam,Pumpkin,Pumpkin,Local,2026-09-05,2000.0,2400.0,2200.0,2200.0,quintal,2200.0,₹/quintal,True
Tamil Nadu,Nagapattinam,Vedaranyam,Raddish,Raddish,Local,2026-09-05,2500.0,3000.0,2750.0,2750.0,quintal,2750.0,₹/quintal,True
Tamil Nadu,Nagapattinam,Vedaranyam,Ridgeguard(Tori),Ridgeguard(Tori),Local,2026-09-05,3800.0,4000.0,3900.0,3900.0,quintal,3900.0,₹/quintal,True
Tamil Nadu,Nagapattinam,Vedaranyam,Snakeguard,Snakeguard,Local,2026-09-05,3800.0,4000.0,3900.0,3900.0,quintal,3900.0,₹/quintal,True
Tamil Nadu,Nagapattinam,Vedaranyam,Tomato,Deshi,Local,2026-09-05,3200.0,3500.0,3350.0,3350.0,quintal,3350.0,₹/quintal,True
Tamil Nadu,Nagapattinam,Vedaranyam,Yam(Ratalu),Yam (Ratalu),Local,2026-09-05,6200.0,6500.0,6350.0,6350.0,quintal,6350.0,₹/quintal,True
Tamil Nadu,Nagercoil (Kannyiakumari),Myladi,Amaranthus,Amaranthus,Local,2026-09-05,1200.0,1500.0,1350.0,1350.0,quintal,1350.0,₹/quintal,True
Tamil Nadu,Nagercoil (Kannyiakumari),Myladi,Apple,American,Local,2026-09-05,14000.0,15000.0,14500.0,14500.0,quintal,14500.0,₹/quintal,True
Tamil Nadu,Nagercoil (Kannyiakumari),Myladi,Ashgourd,Gouard,Local,2026-09-05,2200.0,2500.0,2350.0,2350.0,quintal,2350.0,₹/quintal,True
Tamil Nadu,Nagercoil (Kannyiakumari),Myladi,Banana,Besrai,Local,2026-09-05,5500.0,6000.0,5750.0,5750.0,quintal,5750.0,₹/quintal,True
Tamil Nadu,Nagercoil (Kannyiakumari),Myladi,Banana - Green,Banana - Green,Local,2026-09-05,6500.0,7000.0,6750.0,6750.0,quintal,6750.0,₹/quintal,True
Tamil Nadu,Nagercoil (Kannyiakumari),Myladi,Beans,Beans (Whole),Local,2026-09-05,11000.0,12000.0,11500.0,11500.0,quintal,11500.0,₹/quintal,True
Tamil Nadu,Nagercoil (Kannyiakumari),Myladi,Beetroot,Beetroot,Local,2026-09-05,5000.0,5500.0,5250.0,5250.0,quintal,5250.0,₹/quintal,True
Tamil Nadu,Nagercoil (Kannyiakumari),Myladi,Bhindi(Ladies Finger),Bhindi,Local,2026-09-05,5500.0,6000.0,5750.0,5750.0,quintal,5750.0,₹/quintal,True
Tamil Nadu,Nagercoil (Kannyiakumari),Myladi,Bitter gourd,Bitter Gourd,Local,2026-09-05,6500.0,7000.0,6750.0,6750.0,quintal,6750.0,₹/quintal,True
Tamil Nadu,Nagercoil (Kannyiakumari),Myladi,Bottle gourd,Bottle Gourd,Local,2026-09-05,2200.0,2500.0,2350.0,2350.0,quintal,2350.0,₹/quintal,True
Tamil Nadu,Nagercoil (Kannyiakumari),Myladi,Brinjal,Round,Local,2026-09-05,5500.0,6000.0,5750.0,5750.0,quintal,5750.0,₹/quintal,True
Tamil Nadu,Nagercoil (Kannyiakumari),Myladi,Cabbage,Cabbage,Local,2026-09-05,4500.0,5000.0,4750.0,4750.0,quintal,4750.0,₹/quintal,True
Tamil Nadu,Nagercoil (Kannyiakumari),Myladi,Carrot,Pusakesar,Local,2026-09-05,7500.0,8000.0,7750.0,7750.0,quintal,7750.0,₹/quintal,True
Tamil Nadu,Nagercoil (Kannyiakumari),Myladi,Cauliflower,Ranchi,Local,2026-09-05,1500.0,5000.0,3250.0,3250.0,quintal,3250.0,₹/quintal,True
Tamil Nadu,Nagercoil (Kannyiakumari),Myladi,Cluster beans,Cluster Beans,Local,2026-09-05,3500.0,4000.0,3750.0,3750.0,quintal,3750.0,₹/quintal,True
Tamil Nadu,Nagercoil (Kannyiakumari),Myladi,Coconut,Coconut,Local,2026-09-05,5800.0,6000.0,5900.0,5900.0,quintal,5900.0,₹/quintal,True
Tamil Nadu,Nagercoil (Kannyiakumari),Myladi,Cucumbar(Kheera),Cucumbar,Local,2026-09-05,1800.0,2000.0,1900.0,1900.0,quintal,1900.0,₹/quintal,True
Tamil Nadu,Nagercoil (Kannyiakumari),Myladi,Drumstick,Drumstick,Local,2026-09-05,4500.0,5000.0,4750.0,4750.0,quintal,4750.0,₹/quintal,True
Tamil Nadu,Nagercoil (Kannyiakumari),Myladi,Elephant Yam(Suran)/Amorphophallus,Elephant Yam (Suran),Local,2026-09-05,4500.0,5000.0,4750.0,4750.0,quintal,4750.0,₹/quintal,True
Tamil Nadu,Nagercoil (Kannyiakumari),Myladi,Garlic,Garlic,Local,2026-09-05,11000.0,15000.0,13000.0,13000.0,quintal,13000.0,₹/quintal,True
Tamil Nadu,Nagercoil (Kannyiakumari),Myladi,Ginger(Green),Green Ginger,Local,2026-09-05,18000.0,19000.0,18500.0,18500.0,quintal,18500.0,₹/quintal,True
Tamil Nadu,Nagercoil (Kannyiakumari),Myladi,Green Chilli,Green Chilly,Local,2026-09-05,5500.0,6000.0,5750.0,5750.0,quintal,5750.0,₹/quintal,True
Tamil Nadu,Nagercoil (Kannyiakumari),Myladi,Onion,Bellary,Local,2026-09-05,5500.0,6000.0,5750.0,5750.0,quintal,5750.0,₹/quintal,True
Tamil Nadu,Nagercoil (Kannyiakumari),Myladi,Onion Green,Onion Green,Local,2026-09-05,6500.0,7500.0,7000.0,7000.0,quintal,7000.0,₹/quintal,True
Tamil Nadu,Nagercoil (Kannyiakumari),Myladi,Papaya,Papaya,Local,2026-09-05,2500.0,3000.0,2750.0,2750.0,quintal,2750.0,₹/quintal,True
Tamil Nadu,Nagercoil (Kannyiakumari),Myladi,Pineapple,Pine Apple,Local,2026-09-05,4500.0,5000.0,4750.0,4750.0,quintal,4750.0,₹/quintal,True
Tamil Nadu,Nagercoil (Kannyiakumari),Myladi,Pomegranate,Pomogranate,Local,2026-09-05,13000.0,14000.0,13500.0,13500.0,quintal,13500.0,₹/quintal,True
Tamil Nadu,Nagercoil (Kannyiakumari),Myladi,Potato,Red Nanital,Local,2026-09-05,3000.0,3500.0,3250.0,3250.0,quintal,3250.0,₹/quintal,True
Tamil Nadu,Nagercoil (Kannyiakumari),Myladi,Pumpkin,Pumpkin,Local,2026-09-05,1800.0,2000.0,1900.0,1900.0,quintal,1900.0,₹/quintal,True
Tamil Nadu,Nagercoil (Kannyiakumari),Myladi,Snakeguard,Snakeguard,Local,2026-09-05,3500.0,4000.0,3750.0,3750.0,quintal,3750.0,₹/quintal,True
Tamil Nadu,Nagercoil (Kannyiakumari),Myladi,Tamarind Fruit,Tamarind Fruit,Local,2026-09-05,14000.0,15000.0,14500.0,14500.0,quintal,14500.0,₹/quintal,True
Tamil Nadu,Nagercoil (Kannyiakumari),Myladi,Tapioca,Tapioca,Local,2026-09-05,3500.0,4000.0,3750.0,3750.0,quintal,3750.0,₹/quintal,True
Tamil Nadu,Nagercoil (Kannyiakumari),Myladi,Tomato,Deshi,Local,2026-09-05,3000.0,3500.0,3250.0,3250.0,quintal,3250.0,₹/quintal,True
Tamil Nadu,Nagercoil (Kannyiakumari),Vadaseri APMC,Amaranthus,Amaranthus,Local,2026-09-05,1500.0,2000.0,1750.0,1750.0,quintal,1750.0,₹/quintal,True
Tamil Nadu,Nagercoil (Kannyiakumari),Vadaseri APMC,Amla(Nelli Kai),Amla,Local,2026-09-05,7500.0,8000.0,7750.0,7750.0,quintal,7750.0,₹/quintal,True
Tamil Nadu,Nagercoil (Kannyiakumari),Vadaseri APMC,Ashgourd,Gouard,Local,2026-09-05,2200.0,2500.0,2350.0,2350.0,quintal,2350.0,₹/quintal,True
Tamil Nadu,Nagercoil (Kannyiakumari),Vadaseri APMC,Banana,Besrai,Local,2026-09-05,5500.0,6000.0,5750.0,5750.0,quintal,5750.0,₹/quintal,True
Tamil Nadu,Nagercoil (Kannyiakumari),Vadaseri APMC,Banana - Green,Banana - Green,Local,2026-09-05,6500.0,7000.0,6750.0,6750.0,quintal,6750.0,₹/quintal,True
Tamil Nadu,Nagercoil (Kannyiakumari),Vadaseri APMC,Beans,Beans (Whole),Local,2026-09-05,11600.0,12600.0,12100.0,12100.0,quintal,12100.0,₹/quintal,True
Tamil Nadu,Nagercoil (Kannyiakumari),Vadaseri APMC,Beetroot,Beetroot,Local,2026-09-05,5000.0,5500.0,5250.0,5250.0,quintal,5250.0,₹/quintal,True
Tamil Nadu,Nagercoil (Kannyiakumari),Vadaseri APMC,Bhindi(Ladies Finger),Bhindi,Local,2026-09-05,4000.0,4500.0,4250.0,4250.0,quintal,4250.0,₹/quintal,True
Tamil Nadu,Nagercoil (Kannyiakumari),Vadaseri APMC,Bitter gourd,Bitter Gourd,Local,2026-09-05,6500.0,7000.0,6750.0,6750.0,quintal,6750.0,₹/quintal,True
Tamil Nadu,Nagercoil (Kannyiakumari),Vadaseri APMC,Bottle gourd,Bottle Gourd,Local,2026-09-05,2200.0,2500.0,2350.0,2350.0,quintal,2350.0,₹/quintal,True
Tamil Nadu,Nagercoil (Kannyiakumari),Vadaseri APMC,Brinjal,Round,Local,2026-09-05,5500.0,6000.0,5750.0,5750.0,quintal,5750.0,₹/quintal,True
Tamil Nadu,Nagercoil (Kannyiakumari),Vadaseri APMC,Cabbage,Cabbage,Local,2026-09-05,5000.0,5500.0,5250.0,5250.0,quintal,5250.0,₹/quintal,True
Tamil Nadu,Nagercoil (Kannyiakumari),Vadaseri APMC,Carrot,Pusakesar,Local,2026-09-05,7500.0,8000.0,7750.0,7750.0,quintal,7750.0,₹/quintal,True
Tamil Nadu,Nagercoil (Kannyiakumari),Vadaseri APMC,Cauliflower,Ranchi,Local,2026-09-05,5000.0,5500.0,5250.0,5250.0,quintal,5250.0,₹/quintal,True
Tamil Nadu,Nagercoil (Kannyiakumari),Vadaseri APMC,Chow Chow,Chow Chow,Local,2026-09-05,4300.0,4800.0,4550.0,4550.0,quintal,4550.0,₹/quintal,True
Tamil Nadu,Nagercoil (Kannyiakumari),Vadaseri APMC,Coconut,Coconut,Local,2026-09-05,6100.0,6300.0,6200.0,6200.0,quintal,6200.0,₹/quintal,True
Tamil Nadu,Nagercoil (Kannyiakumari),Vadaseri APMC,Colacasia,Colacasia,Local,2026-09-05,9000.0,10000.0,9500.0,9500.0,quintal,9500.0,₹/quintal,True
Tamil Nadu,Nagercoil (Kannyiakumari),Vadaseri APMC,Coriander(Leaves),I Sort,Local,2026-09-05,4300.0,4800.0,4550.0,4550.0,quintal,4550.0,₹/quintal,True
Tamil Nadu,Nagercoil (Kannyiakumari),Vadaseri APMC,Cowpea(Veg),Cowpea (Veg),Local,2026-09-05,4300.0,4800.0,4550.0,4550.0,quintal,4550.0,₹/quintal,True
Tamil Nadu,Nagercoil (Kannyiakumari),Vadaseri APMC,Cucumbar(Kheera),Cucumbar,Local,2026-09-05,1700.0,2000.0,1850.0,1850.0,quintal,1850.0,₹/quintal,True
Tamil Nadu,Nagercoil (Kannyiakumari),Vadaseri APMC,Drumstick,Drumstick,Local,2026-09-05,4500.0,5000.0,4750.0,4750.0,quintal,4750.0,₹/quintal,True
Tamil Nadu,Nagercoil (Kannyiakumari),Vadaseri APMC,Elephant Yam(Suran)/Amorphophallus,Elephant Yam (Suran),Local,2026-09-05,5000.0,5500.0,5250.0,5250.0,quintal,5250.0,₹/quintal,True
Tamil Nadu,Nagercoil (Kannyiakumari),Vadaseri APMC,Garlic,Garlic,Local,2026-09-05,20000.0,22000.0,21000.0,21000.0,quintal,21000.0,₹/quintal,True
Tamil Nadu,Nagercoil (Kannyiakumari),Vadaseri APMC,Ginger(Green),Green Ginger,Local,2026-09-05,16000.0,18000.0,17000.0,17000.0,quintal,17000.0,₹/quintal,True
Tamil Nadu,Nagercoil (Kannyiakumari),Vadaseri APMC,Green Avare(W),Green Avare (W),Local,2026-09-05,3500.0,4000.0,3750.0,3750.0,quintal,3750.0,₹/quintal,True
Tamil Nadu,Nagercoil (Kannyiakumari),Vadaseri APMC,Green Chilli,Green Chilly,Local,2026-09-05,6000.0,6500.0,6250.0,6250.0,quintal,6250.0,₹/quintal,True
Tamil Nadu,Nagercoil (Kannyiakumari),Vadaseri APMC,Jack Fruit(Ripe),Jack Fruit,Local,2026-09-05,3000.0,3500.0,3250.0,3250.0,quintal,3250.0,₹/quintal,True
Tamil Nadu,Nagercoil (Kannyiakumari),Vadaseri APMC,Kakada,Kakada,Local,2026-09-05,60000.0,70000.0,65000.0,65000.0,quintal,65000.0,₹/quintal,True
Tamil Nadu,Nagercoil (Kannyiakumari),Vadaseri APMC,Lemon,Lemon,Local,2026-09-05,23000.0,25000.0,24000.0,24000.0,quintal,24000.0,₹/quintal,True
Tamil Nadu,Nagercoil (Kannyiakumari),Vadaseri APMC,Lime,Lime,Local,2026-09-05,4500.0,5000.0,4750.0,4750.0,quintal,4750.0,₹/quintal,True
Tamil Nadu,Nagercoil (Kannyiakumari),Vadaseri APMC,Mango,Safeda,Local,2026-09-05,6500.0,7000.0,6750.0,6750.0,quintal,6750.0,₹/quintal,True
Tamil Nadu,Nagercoil (Kannyiakumari),Vadaseri APMC,Mango(Raw-Ripe),Mango - Raw-Ripe,Local,2026-09-05,6500.0,7000.0,6750.0,6750.0,quintal,6750.0,₹/quintal,True
Tamil Nadu,Nagercoil (Kannyiakumari),Vadaseri APMC,Mint(Pudina),Mint(Pudina),Local,2026-09-05,6500.0,7000.0,6750.0,6750.0,quintal,6750.0,₹/quintal,True
Tamil Nadu,Nagercoil (Kannyiakumari),Vadaseri APMC,Onion,Bellary,Local,2026-09-05,5500.0,6000.0,5750.0,5750.0,quintal,5750.0,₹/quintal,True
Tamil Nadu,Nagercoil (Kannyiakumari),Vadaseri APMC,Onion Green,Onion Green,Local,2026-09-05,8500.0,9000.0,8750.0,8750.0,quintal,8750.0,₹/quintal,True
Tamil Nadu,Nagercoil (Kannyiakumari),Vadaseri APMC,Papaya,Papaya,Local,2026-09-05,3500.0,4000.0,3750.0,3750.0,quintal,3750.0,₹/quintal,True
Tamil Nadu,Nagercoil (Kannyiakumari),Vadaseri APMC,Pineapple,Pine Apple,Local,2026-09-05,4500.0,5000.0,4750.0,4750.0,quintal,4750.0,₹/quintal,True
Tamil Nadu,Nagercoil (Kannyiakumari),Vadaseri APMC,Potato,Red Nanital,Local,2026-09-05,3000.0,3500.0,3250.0,3250.0,quintal,3250.0,₹/quintal,True
Tamil Nadu,Nagercoil (Kannyiakumari),Vadaseri APMC,Pumpkin,Pumpkin,Local,2026-09-05,1700.0,2000.0,1850.0,1850.0,quintal,1850.0,₹/quintal,True
Tamil Nadu,Nagercoil (Kannyiakumari),Vadaseri APMC,Raddish,Raddish,Local,2026-09-05,4000.0,4500.0,4250.0,4250.0,quintal,4250.0,₹/quintal,True
Tamil Nadu,Nagercoil (Kannyiakumari),Vadaseri APMC,Snakeguard,Snakeguard,Local,2026-09-05,3500.0,4000.0,3750.0,3750.0,quintal,3750.0,₹/quintal,True
Tamil Nadu,Nagercoil (Kannyiakumari),Vadaseri APMC,Sweet Potato,Hosur Red,Local,2026-09-05,3500.0,4000.0,3750.0,3750.0,quintal,3750.0,₹/quintal,True
Tamil Nadu,Nagercoil (Kannyiakumari),Vadaseri APMC,Tamarind Fruit,Tamarind Fruit,Local,2026-09-05,13000.0,14000.0,13500.0,13500.0,quintal,13500.0,₹/quintal,True
Tamil Nadu,Nagercoil (Kannyiakumari),Vadaseri APMC,Tapioca,Tapioca,Local,2026-09-05,3500.0,4000.0,3750.0,3750.0,quintal,3750.0,₹/quintal,True
Tamil Nadu,Nagercoil (Kannyiakumari),Vadaseri APMC,Tender Coconut,Tender Coconut,Local,2026-09-05,4500.0,5000.0,4750.0,4750.0,quintal,4750.0,₹/quintal,True
Tamil Nadu,Nagercoil (Kannyiakumari),Vadaseri APMC,Tomato,Local,Local,2026-09-05,2700.0,3000.0,2850.0,2850.0,quintal,2850.0,₹/quintal,True
Tamil Nadu,Namakkal,Kumarapalayam,Amaranthus,Amaranthus,Local,2026-09-05,4500.0,5000.0,4750.0,4750.0,quintal,4750.0,₹/quintal,True
Tamil Nadu,Namakkal,Kumarapalayam,Amla(Nelli Kai),Amla,Local,2026-09-05,9500.0,10000.0,9750.0,9750.0,quintal,9750.0,₹/quintal,True
Tamil Nadu,Namakkal,Kumarapalayam,Ashgourd,Gouard,Local,2026-09-05,2800.0,3000.0,2900.0,2900.0,quintal,2900.0,₹/quintal,True
Tamil Nadu,Namakkal,Kumarapalayam,Baby Corn,Baby Corn,Grade A,2026-09-05,2500.0,3000.0,2750.0,2750.0,quintal,2750.0,₹/quintal,True
Tamil Nadu,Namakkal,Kumarapalayam,Banana,Red Banana,Local,2026-09-05,5500.0,6000.0,5750.0,5750.0,quintal,5750.0,₹/quintal,True
Tamil Nadu,Namakkal,Kumarapalayam,Banana - Green,Banana - Green,Local,2026-09-05,3500.0,4000.0,3750.0,3750.0,quintal,3750.0,₹/quintal,True
Tamil Nadu,Namakkal,Kumarapalayam,Beans,Beans (Whole),Local,2026-09-05,7000.0,8000.0,7500.0,7500.0,quintal,7500.0,₹/quintal,True
Tamil Nadu,Namakkal,Kumarapalayam,Beetroot,Beetroot,Local,2026-09-05,6000.0,7000.0,6500.0,6500.0,quintal,6500.0,₹/quintal,True
Tamil Nadu,Namakkal,Kumarapalayam,Bhindi(Ladies Finger),Bhindi,Local,2026-09-05,2200.0,3000.0,2600.0,2600.0,quintal,2600.0,₹/quintal,True
Tamil Nadu,Namakkal,Kumarapalayam,Bitter gourd,Other,Local,2026-09-05,5900.0,6500.0,6200.0,6200.0,quintal,6200.0,₹/quintal,True
Tamil Nadu,Namakkal,Kumarapalayam,Bottle gourd,Bottle Gourd,Local,2026-09-05,1800.0,2000.0,1900.0,1900.0,quintal,1900.0,₹/quintal,True
Tamil Nadu,Namakkal,Kumarapalayam,Brinjal,Other,Local,2026-09-05,4500.0,5000.0,4750.0,4750.0,quintal,4750.0,₹/quintal,True
Tamil Nadu,Namakkal,Kumarapalayam,Cabbage,Cabbage,Local,2026-09-05,3600.0,4000.0,3800.0,3800.0,quintal,3800.0,₹/quintal,True
Tamil Nadu,Namakkal,Kumarapalayam,Carrot,Pusakesar,Local,2026-09-05,7500.0,8000.0,7750.0,7750.0,quintal,7750.0,₹/quintal,True
Tamil Nadu,Namakkal,Kumarapalayam,Cauliflower,Ranchi,Local,2026-09-05,3000.0,4000.0,3500.0,3500.0,quintal,3500.0,₹/quintal,True
Tamil Nadu,Namakkal,Kumarapalayam,Chikoos(Sapota),Sapota,Local,2026-09-05,3500.0,4000.0,3750.0,3750.0,quintal,3750.0,₹/quintal,True
Tamil Nadu,Namakkal,Kumarapalayam,Cluster beans,Cluster Beans,Local,2026-09-05,2600.0,3000.0,2800.0,2800.0,quintal,2800.0,₹/quintal,True
Tamil Nadu,Namakkal,Kumarapalayam,Coconut,Coconut,Local,2026-09-05,5600.0,6000.0,5800.0,5800.0,quintal,5800.0,₹/quintal,True
Tamil Nadu,Namakkal,Kumarapalayam,Coriander(Leaves),I Sort,Local,2026-09-05,7000.0,8000.0,7500.0,7500.0,quintal,7500.0,₹/quintal,True
Tamil Nadu,Namakkal,Kumarapalayam,Drumstick,Drumstick,Local,2026-09-05,3500.0,4000.0,3750.0,3750.0,quintal,3750.0,₹/quintal,True
Tamil Nadu,Namakkal,Kumarapalayam,Elephant Yam(Suran)/Amorphophallus,Elephant Yam (Suran),Local,2026-09-05,2500.0,3000.0,2750.0,2750.0,quintal,2750.0,₹/quintal,True
Tamil Nadu,Namakkal,Kumarapalayam,Ginger(Green),Green Ginger,Local,2026-09-05,18000.0,19000.0,18500.0,18500.0,quintal,18500.0,₹/quintal,True
Tamil Nadu,Namakkal,Kumarapalayam,Green Chilli,Green Chilly,Local,2026-09-05,5900.0,6500.0,6200.0,6200.0,quintal,6200.0,₹/quintal,True
Tamil Nadu,Namakkal,Kumarapalayam,Guava,Guava Allahabad,Local,2026-09-05,5000.0,6000.0,5500.0,5500.0,quintal,5500.0,₹/quintal,True
Tamil Nadu,Namakkal,Kumarapalayam,Jasmine,Jasmine,Local,2026-09-05,50000.0,55000.0,52500.0,52500.0,quintal,52500.0,₹/quintal,True
Tamil Nadu,Namakkal,Kumarapalayam,Lemon,Lemon,Local,2026-09-05,5500.0,7500.0,6500.0,6500.0,quintal,6500.0,₹/quintal,True
Tamil Nadu,Namakkal,Kumarapalayam,Mint(Pudina),Mint(Pudina),Local,2026-09-05,5500.0,6000.0,5750.0,5750.0,quintal,5750.0,₹/quintal,True
Tamil Nadu,Namakkal,Kumarapalayam,Mousambi(Sweet Lime),Mousambi,Local,2026-09-05,3000.0,3500.0,3250.0,3250.0,quintal,3250.0,₹/quintal,True
Tamil Nadu,Namakkal,Kumarapalayam,Onion,Bellary,Local,2026-09-05,2800.0,3000.0,2900.0,2900.0,quintal,2900.0,₹/quintal,True
Tamil Nadu,Namakkal,Kumarapalayam,Onion Green,Onion Green,Local,2026-09-05,5000.0,7000.0,6000.0,6000.0,quintal,6000.0,₹/quintal,True
Tamil Nadu,Namakkal,Kumarapalayam,Papaya,Papaya,Local,2026-09-05,2500.0,3000.0,2750.0,2750.0,quintal,2750.0,₹/quintal,True
Tamil Nadu,Namakkal,Kumarapalayam,Potato,Other,Local,2026-09-05,2800.0,3000.0,2900.0,2900.0,quintal,2900.0,₹/quintal,True
Tamil Nadu,Namakkal,Kumarapalayam,Pumpkin,Pumpkin,Local,2026-09-05,2600.0,3000.0,2800.0,2800.0,quintal,2800.0,₹/quintal,True
Tamil Nadu,Namakkal,Kumarapalayam,Raddish,Raddish,Local,2026-09-05,2200.0,3000.0,2600.0,2600.0,quintal,2600.0,₹/quintal,True
Tamil Nadu,Namakkal,Kumarapalayam,Ridgeguard(Tori),Ridgeguard(Tori),Local,2026-09-05,5000.0,5500.0,5250.0,5250.0,quintal,5250.0,₹/quintal,True
Tamil Nadu,Namakkal,Kumarapalayam,Snakeguard,Snakeguard,Local,2026-09-05,4500.0,5000.0,4750.0,4750.0,quintal,4750.0,₹/quintal,True
Tamil Nadu,Namakkal,Kumarapalayam,Tapioca,Tapioca,Local,2026-09-05,2400.0,3000.0,2700.0,2700.0,quintal,2700.0,₹/quintal,True
Tamil Nadu,Namakkal,Kumarapalayam,Tender Coconut,Tender Coconut,Local,2026-09-05,3000.0,3500.0,3250.0,3250.0,quintal,3250.0,₹/quintal,True
Tamil Nadu,Namakkal,Kumarapalayam,Tomato,Other,Local,2026-09-05,2200.0,3000.0,2600.0,2600.0,quintal,2600.0,₹/quintal,True
Tamil Nadu,Namakkal,Kumarapalayam,Water Melon,Water Melon,Local,2026-09-05,1000.0,1500.0,1250.0,1250.0,quintal,1250.0,₹/quintal,True
Tamil Nadu,Namakkal,Mohanur,Amaranthus,Amaranthus,Local,2026-09-05,4500.0,5000.0,4750.0,4750.0,quintal,4750.0,₹/quintal,True
Tamil Nadu,Namakkal,Mohanur,Ashgourd,Gouard,Local,2026-09-05,2400.0,2800.0,2600.0,2600.0,quintal,2600.0,₹/quintal,True
Tamil Nadu,Namakkal,Mohanur,Banana,Red Banana,Local,2026-09-05,7000.0,8000.0,7500.0,7500.0,quintal,7500.0,₹/quintal,True
Tamil Nadu,Namakkal,Mohanur,Banana - Green,Banana - Green,Local,2026-09-05,4400.0,4800.0,4600.0,4600.0,quintal,4600.0,₹/quintal,True
Tamil Nadu,Namakkal,Mohanur,Beans,Beans (Whole),Local,2026-09-05,8000.0,9000.0,8500.0,8500.0,quintal,8500.0,₹/quintal,True
Tamil Nadu,Namakkal,Mohanur,Beetroot,Beetroot,Local,2026-09-05,6000.0,7000.0,6500.0,6500.0,quintal,6500.0,₹/quintal,True
Tamil Nadu,Namakkal,Mohanur,Bhindi(Ladies Finger),Bhindi,Local,2026-09-05,4400.0,4800.0,4600.0,4600.0,quintal,4600.0,₹/quintal,True
Tamil Nadu,Namakkal,Mohanur,Bitter gourd,Other,Local,2026-09-05,6000.0,6800.0,6400.0,6400.0,quintal,6400.0,₹/quintal,True
Tamil Nadu,Namakkal,Mohanur,Bottle gourd,Bottle Gourd,Local,2026-09-05,1500.0,2000.0,1750.0,1750.0,quintal,1750.0,₹/quintal,True
Tamil Nadu,Namakkal,Mohanur,Brinjal,Other,Local,2026-09-05,4000.0,5000.0,4500.0,4500.0,quintal,4500.0,₹/quintal,True
Tamil Nadu,Namakkal,Mohanur,Cabbage,Cabbage,Local,2026-09-05,3000.0,3500.0,3250.0,3250.0,quintal,3250.0,₹/quintal,True
Tamil Nadu,Namakkal,Mohanur,Carrot,Pusakesar,Local,2026-09-05,7000.0,8000.0,7500.0,7500.0,quintal,7500.0,₹/quintal,True
Tamil Nadu,Namakkal,Mohanur,Cauliflower,Ranchi,Local,2026-09-05,3000.0,3500.0,3250.0,3250.0,quintal,3250.0,₹/quintal,True
Tamil Nadu,Namakkal,Mohanur,Chow Chow,Chow Chow,Local,2026-09-05,4000.0,5000.0,4500.0,4500.0,quintal,4500.0,₹/quintal,True
Tamil Nadu,Namakkal,Mohanur,Cluster beans,Cluster Beans,Local,2026-09-05,3500.0,4000.0,3750.0,3750.0,quintal,3750.0,₹/quintal,True
Tamil Nadu,Namakkal,Mohanur,Coconut,Coconut,Local,2026-09-05,5500.0,6000.0,5750.0,5750.0,quintal,5750.0,₹/quintal,True
Tamil Nadu,Namakkal,Mohanur,Coriander(Leaves),I Sort,Local,2026-09-05,7000.0,8000.0,7500.0,7500.0,quintal,7500.0,₹/quintal,True
Tamil Nadu,Namakkal,Mohanur,Cucumbar(Kheera),Cucumbar,Local,2026-09-05,7000.0,8000.0,7500.0,7500.0,quintal,7500.0,₹/quintal,True
Tamil Nadu,Namakkal,Mohanur,Drumstick,Drumstick,Local,2026-09-05,2800.0,3200.0,3000.0,3000.0,quintal,3000.0,₹/quintal,True
Tamil Nadu,Namakkal,Mohanur,Ginger(Green),Green Ginger,Local,2026-09-05,18000.0,20000.0,19000.0,19000.0,quintal,19000.0,₹/quintal,True
Tamil Nadu,Namakkal,Mohanur,Green Avare(W),Other,Local,2026-09-05,7000.0,8000.0,7500.0,7500.0,quintal,7500.0,₹/quintal,True
Tamil Nadu,Namakkal,Mohanur,Green Chilli,Green Chilly,Local,2026-09-05,6000.0,7000.0,6500.0,6500.0,quintal,6500.0,₹/quintal,True
Tamil Nadu,Namakkal,Mohanur,Lemon,Lemon,Local,2026-09-05,9000.0,10000.0,9500.0,9500.0,quintal,9500.0,₹/quintal,True
Tamil Nadu,Namakkal,Mohanur,Mint(Pudina),Mint(Pudina),Local,2026-09-05,5500.0,6000.0,5750.0,5750.0,quintal,5750.0,₹/quintal,True
Tamil Nadu,Namakkal,Mohanur,Onion,Bellary,Local,2026-09-05,5000.0,6000.0,5500.0,5500.0,quintal,5500.0,₹/quintal,True
Tamil Nadu,Namakkal,Mohanur,Onion Green,Onion Green,Local,2026-09-05,5000.0,8000.0,6500.0,6500.0,quintal,6500.0,₹/quintal,True
Tamil Nadu,Namakkal,Mohanur,Papaya,Papaya,Local,2026-09-05,3200.0,3600.0,3400.0,3400.0,quintal,3400.0,₹/quintal,True
Tamil Nadu,Namakkal,Mohanur,Potato,Other,Local,2026-09-05,3000.0,3500.0,3250.0,3250.0,quintal,3250.0,₹/quintal,True
Tamil Nadu,Namakkal,Mohanur,Pumpkin,Pumpkin,Local,2026-09-05,2400.0,2800.0,2600.0,2600.0,quintal,2600.0,₹/quintal,True
Tamil Nadu,Namakkal,Mohanur,Raddish,Raddish,Local,2026-09-05,3500.0,4000.0,3750.0,3750.0,quintal,3750.0,₹/quintal,True
Tamil Nadu,Namakkal,Mohanur,Ridgeguard(Tori),Ridgeguard(Tori),Local,2026-09-05,5000.0,6000.0,5500.0,5500.0,quintal,5500.0,₹/quintal,True
Tamil Nadu,Namakkal,Mohanur,Snakeguard,Snakeguard,Local,2026-09-05,5000.0,5500.0,5250.0,5250.0,quintal,5250.0,₹/quintal,True
Tamil Nadu,Namakkal,Mohanur,Tapioca,Tapioca,Local,2026-09-05,3000.0,3500.0,3250.0,3250.0,quintal,3250.0,₹/quintal,True
Tamil Nadu,Namakkal,Mohanur,Tender Coconut,Tender Coconut,Local,2026-09-05,3000.0,3500.0,3250.0,3250.0,quintal,3250.0,₹/quintal,True
Tamil Nadu,Namakkal,Mohanur,Tomato,Deshi,Local,2026-09-05,2500.0,3200.0,2850.0,2850.0,quintal,2850.0,₹/quintal,True
Tamil Nadu,Namakkal,Mohanur,Water Melon,Water Melon,Local,2026-09-05,1000.0,1200.0,1100.0,1100.0,quintal,1100.0,₹/quintal,True
Tamil Nadu,Namakkal,Namakkal,Amaranthus,Amaranthus,Local,2026-09-05,3500.0,4000.0,3750.0,3750.0,quintal,3750.0,₹/quintal,True
Tamil Nadu,Namakkal,Namakkal,Amla(Nelli Kai),Amla,Local,2026-09-05,7000.0,7500.0,7250.0,7250.0,quintal,7250.0,₹/quintal,True
Tamil Nadu,Namakkal,Namakkal,Ashgourd,Gouard,Local,2026-09-05,2000.0,2500.0,2250.0,2250.0,quintal,2250.0,₹/quintal,True
Tamil Nadu,Namakkal,Namakkal,Banana,Red Banana,Local,2026-09-05,7000.0,7500.0,7250.0,7250.0,quintal,7250.0,₹/quintal,True
Tamil Nadu,Namakkal,Namakkal,Banana - Green,Banana - Green,Local,2026-09-05,3500.0,4000.0,3750.0,3750.0,quintal,3750.0,₹/quintal,True
Tamil Nadu,Namakkal,Namakkal,Beans,Beans (Whole),Local,2026-09-05,7000.0,7500.0,7250.0,7250.0,quintal,7250.0,₹/quintal,True
Tamil Nadu,Namakkal,Namakkal,Beetroot,Beetroot,Local,2026-09-05,6000.0,6800.0,6400.0,6400.0,quintal,6400.0,₹/quintal,True
Tamil Nadu,Namakkal,Namakkal,Betal Leaves,Mysore,Local,2026-09-05,12000.0,13000.0,12500.0,12500.0,quintal,12500.0,₹/quintal,True
Tamil Nadu,Namakkal,Namakkal,Bhindi(Ladies Finger),Bhindi,Local,2026-09-05,3000.0,3600.0,3300.0,3300.0,quintal,3300.0,₹/quintal,True
Tamil Nadu,Namakkal,Namakkal,Bitter gourd,Other,Local,2026-09-05,6500.0,6800.0,6650.0,6650.0,quintal,6650.0,₹/quintal,True
Tamil Nadu,Namakkal,Namakkal,Bottle gourd,Bottle Gourd,Local,2026-09-05,1500.0,2000.0,1750.0,1750.0,quintal,1750.0,₹/quintal,True
Tamil Nadu,Namakkal,Namakkal,Brinjal,Other,Local,2026-09-05,4000.0,4800.0,4400.0,4400.0,quintal,4400.0,₹/quintal,True
Tamil Nadu,Namakkal,Namakkal,Cabbage,Cabbage,Local,2026-09-05,2000.0,2500.0,2250.0,2250.0,quintal,2250.0,₹/quintal,True
Tamil Nadu,Namakkal,Namakkal,Capsicum,Capsicum,Local,2026-09-05,4500.0,5000.0,4750.0,4750.0,quintal,4750.0,₹/quintal,True
Tamil Nadu,Namakkal,Namakkal,Carrot,Pusakesar,Local,2026-09-05,5000.0,6000.0,5500.0,5500.0,quintal,5500.0,₹/quintal,True
Tamil Nadu,Namakkal,Namakkal,Cauliflower,Ranchi,Local,2026-09-05,2500.0,3500.0,3000.0,3000.0,quintal,3000.0,₹/quintal,True
Tamil Nadu,Namakkal,Namakkal,Chow Chow,Chow Chow,Local,2026-09-05,2500.0,3000.0,2750.0,2750.0,quintal,2750.0,₹/quintal,True
Tamil Nadu,Namakkal,Namakkal,Cluster beans,Cluster Beans,Local,2026-09-05,3000.0,3400.0,3200.0,3200.0,quintal,3200.0,₹/quintal,True
Tamil Nadu,Namakkal,Namakkal,Coconut,Coconut,Local,2026-09-05,5500.0,6000.0,5750.0,5750.0,quintal,5750.0,₹/quintal,True
Tamil Nadu,Namakkal,Namakkal,Coriander(Leaves),I Sort,Local,2026-09-05,7000.0,8000.0,7500.0,7500.0,quintal,7500.0,₹/quintal,True
Tamil Nadu,Namakkal,Namakkal,Cowpea(Veg),Cowpea (Veg),Local,2026-09-05,4500.0,5000.0,4750.0,4750.0,quintal,4750.0,₹/quintal,True
Tamil Nadu,Namakkal,Namakkal,Cucumbar(Kheera),Cucumbar,Local,2026-09-05,7000.0,9000.0,8000.0,8000.0,quintal,8000.0,₹/quintal,True
Tamil Nadu,Namakkal,Namakkal,Drumstick,Drumstick,Local,2026-09-05,2500.0,3000.0,2750.0,2750.0,quintal,2750.0,₹/quintal,True
Tamil Nadu,Namakkal,Namakkal,Garlic,Garlic,Local,2026-09-05,24000.0,27000.0,25500.0,25500.0,quintal,25500.0,₹/quintal,True
Tamil Nadu,Namakkal,Namakkal,Ginger(Green),Green Ginger,Local,2026-09-05,15000.0,16000.0,15500.0,15500.0,quintal,15500.0,₹/quintal,True
Tamil Nadu,Namakkal,Namakkal,Green Chilli,Green Chilly,Local,2026-09-05,5000.0,5800.0,5400.0,5400.0,quintal,5400.0,₹/quintal,True
Tamil Nadu,Namakkal,Namakkal,Green Peas,Green Peas,Local,2026-09-05,17000.0,18000.0,17500.0,17500.0,quintal,17500.0,₹/quintal,True
Tamil Nadu,Namakkal,Namakkal,Groundnut,Big (With Shell),Local,2026-09-05,7000.0,7500.0,7250.0,7250.0,quintal,7250.0,₹/quintal,True
Tamil Nadu,Namakkal,Namakkal,Guava,Guava Allahabad,Local,2026-09-05,6500.0,7000.0,6750.0,6750.0,quintal,6750.0,₹/quintal,True
Tamil Nadu,Namakkal,Namakkal,Jack Fruit(Ripe),Jack Fruit,Local,2026-09-05,2500.0,3000.0,2750.0,2750.0,quintal,2750.0,₹/quintal,True
Tamil Nadu,Namakkal,Namakkal,Jasmine,Jasmine,Local,2026-09-05,25000.0,30000.0,27500.0,27500.0,quintal,27500.0,₹/quintal,True
Tamil Nadu,Namakkal,Namakkal,Knool Khol,Knool Khol,Local,2026-09-05,2500.0,3000.0,2750.0,2750.0,quintal,2750.0,₹/quintal,True
Tamil Nadu,Namakkal,Namakkal,Lemon,Lemon,Local,2026-09-05,10000.0,11000.0,10500.0,10500.0,quintal,10500.0,₹/quintal,True
Tamil Nadu,Namakkal,Namakkal,Lime,Lime,Local,2026-09-05,3500.0,4000.0,3750.0,3750.0,quintal,3750.0,₹/quintal,True
Tamil Nadu,Namakkal,Namakkal,Mango,Neelam,Local,2026-09-05,8000.0,9000.0,8500.0,8500.0,quintal,8500.0,₹/quintal,True
Tamil Nadu,Namakkal,Namakkal,Mango(Raw-Ripe),Mango - Raw-Ripe,Local,2026-09-05,4500.0,5000.0,4750.0,4750.0,quintal,4750.0,₹/quintal,True
Tamil Nadu,Namakkal,Namakkal,Mashrooms,Mashrooms,Local,2026-09-05,20000.0,25000.0,22500.0,22500.0,quintal,22500.0,₹/quintal,True
Tamil Nadu,Namakkal,Namakkal,Mint(Pudina),Mint(Pudina),Local,2026-09-05,4500.0,5000.0,4750.0,4750.0,quintal,4750.0,₹/quintal,True
Tamil Nadu,Namakkal,Namakkal,Mousambi(Sweet Lime),Mousambi,Local,2026-09-05,3500.0,4000.0,3750.0,3750.0,quintal,3750.0,₹/quintal,True
Tamil Nadu,Namakkal,Namakkal,Onion,Bellary,Local,2026-09-05,5500.0,5800.0,5650.0,5650.0,quintal,5650.0,₹/quintal,True
Tamil Nadu,Namakkal,Namakkal,Onion Green,Onion Green,Local,2026-09-05,4000.0,7500.0,5750.0,5750.0,quintal,5750.0,₹/quintal,True
Tamil Nadu,Namakkal,Namakkal,Papaya,Papaya,Local,2026-09-05,3000.0,3500.0,3250.0,3250.0,quintal,3250.0,₹/quintal,True
Tamil Nadu,Namakkal,Namakkal,Potato,Other,Local,2026-09-05,2500.0,3000.0,2750.0,2750.0,quintal,2750.0,₹/quintal,True
Tamil Nadu,Namakkal,Namakkal,Pumpkin,Pumpkin,Local,2026-09-05,2000.0,2500.0,2250.0,2250.0,quintal,2250.0,₹/quintal,True
Tamil Nadu,Namakkal,Namakkal,Raddish,Raddish,Local,2026-09-05,3000.0,3600.0,3300.0,3300.0,quintal,3300.0,₹/quintal,True
Tamil Nadu,Namakkal,Namakkal,Ridgeguard(Tori),Ridgeguard(Tori),Local,2026-09-05,5000.0,6000.0,5500.0,5500.0,quintal,5500.0,₹/quintal,True
Tamil Nadu,Namakkal,Namakkal,Snakeguard,Snakeguard,Local,2026-09-05,4500.0,5000.0,4750.0,4750.0,quintal,4750.0,₹/quintal,True
Tamil Nadu,Namakkal,Namakkal,Tapioca,Tapioca,Local,2026-09-05,3000.0,3500.0,3250.0,3250.0,quintal,3250.0,₹/quintal,True
Tamil Nadu,Namakkal,Namakkal,Tender Coconut,Tender Coconut,Local,2026-09-05,2500.0,3500.0,3000.0,3000.0,quintal,3000.0,₹/quintal,True
Tamil Nadu,Namakkal,Namakkal,Thondekai,Thondekai,Local,2026-09-05,3500.0,4000.0,3750.0,3750.0,quintal,3750.0,₹/quintal,True
Tamil Nadu,Namakkal,Namakkal,Water Melon,Water Melon,Local,2026-09-05,1000.0,1500.0,1250.0,1250.0,quintal,1250.0,₹/quintal,True
Tamil Nadu,Namakkal,Paramathivelur,Amaranthus,Amaranthus,Local,2026-09-05,3000.0,3500.0,3250.0,3250.0,quintal,3250.0,₹/quintal,True
Tamil Nadu,Namakkal,Paramathivelur,Amla(Nelli Kai),Amla,Local,2026-09-05,7000.0,8000.0,7500.0,7500.0,quintal,7500.0,₹/quintal,True
Tamil Nadu,Namakkal,Paramathivelur,Ashgourd,Gouard,Local,2026-09-05,1500.0,2000.0,1750.0,1750.0,quintal,1750.0,₹/quintal,True
Tamil Nadu,Namakkal,Paramathivelur,Banana,Karpura,Local,2026-09-05,4000.0,4500.0,4250.0,4250.0,quintal,4250.0,₹/quintal,True
Tamil Nadu,Namakkal,Paramathivelur,Banana - Green,Banana - Green,Local,2026-09-05,3000.0,4000.0,3500.0,3500.0,quintal,3500.0,₹/quintal,True
Tamil Nadu,Namakkal,Paramathivelur,Beans,Beans (Whole),Local,2026-09-05,7000.0,8000.0,7500.0,7500.0,quintal,7500.0,₹/quintal,True
Tamil Nadu,Namakkal,Paramathivelur,Beetroot,Beetroot,Local,2026-09-05,7000.0,8000.0,7500.0,7500.0,quintal,7500.0,₹/quintal,True
Tamil Nadu,Namakkal,Paramathivelur,Bhindi(Ladies Finger),Bhindi,Local,2026-09-05,3000.0,4000.0,3500.0,3500.0,quintal,3500.0,₹/quintal,True
Tamil Nadu,Namakkal,Paramathivelur,Bitter gourd,Bitter Gourd,Local,2026-09-05,6000.0,7000.0,6500.0,6500.0,quintal,6500.0,₹/quintal,True
Tamil Nadu,Namakkal,Paramathivelur,Bottle gourd,Bottle Gourd,Local,2026-09-05,1500.0,2000.0,1750.0,1750.0,quintal,1750.0,₹/quintal,True
Tamil Nadu,Namakkal,Paramathivelur,Brinjal,Round,Local,2026-09-05,5000.0,5500.0,5250.0,5250.0,quintal,5250.0,₹/quintal,True
Tamil Nadu,Namakkal,Paramathivelur,Cabbage,Cabbage,Local,2026-09-05,2500.0,3000.0,2750.0,2750.0,quintal,2750.0,₹/quintal,True
Tamil Nadu,Namakkal,Paramathivelur,Carrot,Pusakesar,Local,2026-09-05,8000.0,9000.0,8500.0,8500.0,quintal,8500.0,₹/quintal,True
Tamil Nadu,Namakkal,Paramathivelur,Cauliflower,Ranchi,Local,2026-09-05,3500.0,4000.0,3750.0,3750.0,quintal,3750.0,₹/quintal,True
Tamil Nadu,Namakkal,Paramathivelur,Cluster beans,Cluster Beans,Local,2026-09-05,3000.0,4000.0,3500.0,3500.0,quintal,3500.0,₹/quintal,True
Tamil Nadu,Namakkal,Paramathivelur,Coconut,Coconut,Local,2026-09-05,5500.0,6000.0,5750.0,5750.0,quintal,5750.0,₹/quintal,True
Tamil Nadu,Namakkal,Paramathivelur,Coriander(Leaves),I Sort,Local,2026-09-05,6000.0,7000.0,6500.0,6500.0,quintal,6500.0,₹/quintal,True
Tamil Nadu,Namakkal,Paramathivelur,Drumstick,Drumstick,Local,2026-09-05,2000.0,2500.0,2250.0,2250.0,quintal,2250.0,₹/quintal,True
Tamil Nadu,Namakkal,Paramathivelur,Elephant Yam(Suran)/Amorphophallus,Elephant Yam (Suran),Local,2026-09-05,3000.0,4000.0,3500.0,3500.0,quintal,3500.0,₹/quintal,True
Tamil Nadu,Namakkal,Paramathivelur,Ginger(Green),Green Ginger,Local,2026-09-05,19000.0,21000.0,20000.0,20000.0,quintal,20000.0,₹/quintal,True
Tamil Nadu,Namakkal,Paramathivelur,Green Avare(W),Green Avare (W),Local,2026-09-05,8000.0,9000.0,8500.0,8500.0,quintal,8500.0,₹/quintal,True
Tamil Nadu,Namakkal,Paramathivelur,Green Chilli,Green Chilly,Local,2026-09-05,6000.0,6500.0,6250.0,6250.0,quintal,6250.0,₹/quintal,True
Tamil Nadu,Namakkal,Paramathivelur,Guava,Guava Allahabad,Local,2026-09-05,5000.0,6000.0,5500.0,5500.0,quintal,5500.0,₹/quintal,True
Tamil Nadu,Namakkal,Paramathivelur,Lemon,Lemon,Local,2026-09-05,10000.0,12000.0,11000.0,11000.0,quintal,11000.0,₹/quintal,True
Tamil Nadu,Namakkal,Paramathivelur,Mint(Pudina),Mint(Pudina),Local,2026-09-05,3000.0,4000.0,3500.0,3500.0,quintal,3500.0,₹/quintal,True
Tamil Nadu,Namakkal,Paramathivelur,Onion,Bellary,Local,2026-09-05,5200.0,5600.0,5400.0,5400.0,quintal,5400.0,₹/quintal,True
Tamil Nadu,Namakkal,Paramathivelur,Onion Green,Onion Green,Local,2026-09-05,6500.0,7500.0,7000.0,7000.0,quintal,7000.0,₹/quintal,True
Tamil Nadu,Namakkal,Paramathivelur,Papaya,Papaya,Local,2026-09-05,3500.0,4000.0,3750.0,3750.0,quintal,3750.0,₹/quintal,True
Tamil Nadu,Namakkal,Paramathivelur,Potato,Red Nanital,Local,2026-09-05,2000.0,3000.0,2500.0,2500.0,quintal,2500.0,₹/quintal,True
Tamil Nadu,Namakkal,Paramathivelur,Pumpkin,Pumpkin,Local,2026-09-05,1500.0,2000.0,1750.0,1750.0,quintal,1750.0,₹/quintal,True
Tamil Nadu,Namakkal,Paramathivelur,Raddish,Raddish,Local,2026-09-05,3000.0,4000.0,3500.0,3500.0,quintal,3500.0,₹/quintal,True
Tamil Nadu,Namakkal,Paramathivelur,Ridgeguard(Tori),Ridgeguard(Tori),Local,2026-09-05,5000.0,6000.0,5500.0,5500.0,quintal,5500.0,₹/quintal,True
Tamil Nadu,Namakkal,Paramathivelur,Snakeguard,Snakeguard,Local,2026-09-05,4000.0,4500.0,4250.0,4250.0,quintal,4250.0,₹/quintal,True
Tamil Nadu,Namakkal,Paramathivelur,Sweet Corn ,Sweet Corn ,Local,2026-09-05,4000.0,5000.0,4500.0,4500.0,quintal,4500.0,₹/quintal,True
Tamil Nadu,Namakkal,Paramathivelur,Tapioca,Tapioca,Local,2026-09-05,3000.0,3500.0,3250.0,3250.0,quintal,3250.0,₹/quintal,True
Tamil Nadu,Namakkal,Paramathivelur,Tender Coconut,Tender Coconut,Local,2026-09-05,3000.0,3500.0,3250.0,3250.0,quintal,3250.0,₹/quintal,True
Tamil Nadu,Namakkal,Paramathivelur,Tomato,Deshi,Local,2026-09-05,3000.0,3200.0,3100.0,3100.0,quintal,3100.0,₹/quintal,True
Tamil Nadu,Namakkal,Rasipuram,Amaranthus,Amaranthus,Local,2026-09-05,3500.0,4000.0,3750.0,3750.0,quintal,3750.0,₹/quintal,True
Tamil Nadu,Namakkal,Rasipuram,Amla(Nelli Kai),Amla,Local,2026-09-05,8000.0,9000.0,8500.0,8500.0,quintal,8500.0,₹/quintal,True
Tamil Nadu,Namakkal,Rasipuram,Ashgourd,Gouard,Local,2026-09-05,2000.0,2400.0,2200.0,2200.0,quintal,2200.0,₹/quintal,True
Tamil Nadu,Namakkal,Rasipuram,Banana,Red Banana,Local,2026-09-05,7000.0,7500.0,7250.0,7250.0,quintal,7250.0,₹/quintal,True
Tamil Nadu,Namakkal,Rasipuram,Banana - Green,Banana - Green,Local,2026-09-05,3500.0,4000.0,3750.0,3750.0,quintal,3750.0,₹/quintal,True
Tamil Nadu,Namakkal,Rasipuram,Beans,Beans (Whole),Local,2026-09-05,7500.0,8500.0,8000.0,8000.0,quintal,8000.0,₹/quintal,True
Tamil Nadu,Namakkal,Rasipuram,Beetroot,Beetroot,Local,2026-09-05,6500.0,7500.0,7000.0,7000.0,quintal,7000.0,₹/quintal,True
Tamil Nadu,Namakkal,Rasipuram,Bhindi(Ladies Finger),Bhindi,Local,2026-09-05,3400.0,4000.0,3700.0,3700.0,quintal,3700.0,₹/quintal,True
Tamil Nadu,Namakkal,Rasipuram,Bitter gourd,Other,Local,2026-09-05,6000.0,6500.0,6250.0,6250.0,quintal,6250.0,₹/quintal,True
Tamil Nadu,Namakkal,Rasipuram,Bottle gourd,Bottle Gourd,Local,2026-09-05,1800.0,2500.0,2150.0,2150.0,quintal,2150.0,₹/quintal,True
Tamil Nadu,Namakkal,Rasipuram,Brinjal,Other,Local,2026-09-05,5000.0,5800.0,5400.0,5400.0,quintal,5400.0,₹/quintal,True
Tamil Nadu,Namakkal,Rasipuram,Cabbage,Cabbage,Local,2026-09-05,3400.0,3600.0,3500.0,3500.0,quintal,3500.0,₹/quintal,True
Tamil Nadu,Namakkal,Rasipuram,Carrot,Pusakesar,Local,2026-09-05,6500.0,7500.0,7000.0,7000.0,quintal,7000.0,₹/quintal,True
Tamil Nadu,Namakkal,Rasipuram,Cauliflower,Ranchi,Local,2026-09-05,3000.0,4000.0,3500.0,3500.0,quintal,3500.0,₹/quintal,True
Tamil Nadu,Namakkal,Rasipuram,Chikoos(Sapota),Sapota,Local,2026-09-05,4000.0,4500.0,4250.0,4250.0,quintal,4250.0,₹/quintal,True
Tamil Nadu,Namakkal,Rasipuram,Chili Red,Bold,Local,2026-09-05,17000.0,18000.0,17500.0,17500.0,quintal,17500.0,₹/quintal,True
Tamil Nadu,Namakkal,Rasipuram,Chow Chow,Chow Chow,Local,2026-09-05,2500.0,3000.0,2750.0,2750.0,quintal,2750.0,₹/quintal,True
Tamil Nadu,Namakkal,Rasipuram,Cluster beans,Cluster Beans,Local,2026-09-05,2600.0,3000.0,2800.0,2800.0,quintal,2800.0,₹/quintal,True
Tamil Nadu,Namakkal,Rasipuram,Coconut,Coconut,Local,2026-09-05,6000.0,6200.0,6100.0,6100.0,quintal,6100.0,₹/quintal,True
Tamil Nadu,Namakkal,Rasipuram,Coriander(Leaves),I Sort,Local,2026-09-05,7500.0,8000.0,7750.0,7750.0,quintal,7750.0,₹/quintal,True
Tamil Nadu,Namakkal,Rasipuram,Custard Apple(Sharifa),Custard Apple(Sharifa),Local,2026-09-05,3500.0,4000.0,3750.0,3750.0,quintal,3750.0,₹/quintal,True
Tamil Nadu,Namakkal,Rasipuram,Drumstick,Drumstick,Local,2026-09-05,2500.0,3000.0,2750.0,2750.0,quintal,2750.0,₹/quintal,True
Tamil Nadu,Namakkal,Rasipuram,Elephant Yam(Suran)/Amorphophallus,Elephant Yam (Suran),Local,2026-09-05,3500.0,4000.0,3750.0,3750.0,quintal,3750.0,₹/quintal,True
Tamil Nadu,Namakkal,Rasipuram,Ginger(Green),Green Ginger,Local,2026-09-05,17000.0,18000.0,17500.0,17500.0,quintal,17500.0,₹/quintal,True
Tamil Nadu,Namakkal,Rasipuram,Green Avare(W),Other,Local,2026-09-05,6500.0,8500.0,7500.0,7500.0,quintal,7500.0,₹/quintal,True
Tamil Nadu,Namakkal,Rasipuram,Green Chilli,Green Chilly,Local,2026-09-05,5400.0,6000.0,5700.0,5700.0,quintal,5700.0,₹/quintal,True
Tamil Nadu,Namakkal,Rasipuram,Groundnut,Big (With Shell),Local,2026-09-05,6500.0,7000.0,6750.0,6750.0,quintal,6750.0,₹/quintal,True
Tamil Nadu,Namakkal,Rasipuram,Guava,Guava Allahabad,Local,2026-09-05,5000.0,6000.0,5500.0,5500.0,quintal,5500.0,₹/quintal,True
Tamil Nadu,Namakkal,Rasipuram,Lemon,Lemon,Local,2026-09-05,10500.0,11000.0,10750.0,10750.0,quintal,10750.0,₹/quintal,True
Tamil Nadu,Namakkal,Rasipuram,Mango(Raw-Ripe),Mango - Raw-Ripe,Local,2026-09-05,4500.0,5500.0,5000.0,5000.0,quintal,5000.0,₹/quintal,True
Tamil Nadu,Namakkal,Rasipuram,Marigold(Calcutta),Marigold(Calcutta),Local,2026-09-05,20000.0,22000.0,21000.0,21000.0,quintal,21000.0,₹/quintal,True
Tamil Nadu,Namakkal,Rasipuram,Mint(Pudina),Mint(Pudina),Local,2026-09-05,5500.0,6000.0,5750.0,5750.0,quintal,5750.0,₹/quintal,True
Tamil Nadu,Namakkal,Rasipuram,Mousambi(Sweet Lime),Mousambi,Local,2026-09-05,3500.0,4000.0,3750.0,3750.0,quintal,3750.0,₹/quintal,True
Tamil Nadu,Namakkal,Rasipuram,Onion,Bellary,Local,2026-09-05,5800.0,6200.0,6000.0,6000.0,quintal,6000.0,₹/quintal,True
Tamil Nadu,Namakkal,Rasipuram,Onion Green,Onion Green,Local,2026-09-05,5400.0,8000.0,6700.0,6700.0,quintal,6700.0,₹/quintal,True
Tamil Nadu,Namakkal,Rasipuram,Papaya,Papaya,Local,2026-09-05,3000.0,3500.0,3250.0,3250.0,quintal,3250.0,₹/quintal,True
Tamil Nadu,Namakkal,Rasipuram,Pineapple,Pine Apple,Local,2026-09-05,4500.0,5500.0,5000.0,5000.0,quintal,5000.0,₹/quintal,True
Tamil Nadu,Namakkal,Rasipuram,Potato,Other,Local,2026-09-05,3000.0,3500.0,3250.0,3250.0,quintal,3250.0,₹/quintal,True
Tamil Nadu,Namakkal,Rasipuram,Pumpkin,Pumpkin,Local,2026-09-05,2200.0,2600.0,2400.0,2400.0,quintal,2400.0,₹/quintal,True
Tamil Nadu,Namakkal,Rasipuram,Raddish,Raddish,Local,2026-09-05,2600.0,3200.0,2900.0,2900.0,quintal,2900.0,₹/quintal,True
Tamil Nadu,Namakkal,Rasipuram,Ridgeguard(Tori),Ridgeguard(Tori),Local,2026-09-05,5500.0,6000.0,5750.0,5750.0,quintal,5750.0,₹/quintal,True
Tamil Nadu,Namakkal,Rasipuram,Rose(Local),Rose (Local),Local,2026-09-05,12000.0,14000.0,13000.0,13000.0,quintal,13000.0,₹/quintal,True
Tamil Nadu,Namakkal,Rasipuram,Snakeguard,Snakeguard,Local,2026-09-05,4500.0,5000.0,4750.0,4750.0,quintal,4750.0,₹/quintal,True
Tamil Nadu,Namakkal,Rasipuram,Sweet Corn ,Sweet Corn ,Local,2026-09-05,2000.0,2500.0,2250.0,2250.0,quintal,2250.0,₹/quintal,True
Tamil Nadu,Namakkal,Rasipuram,Tamarind Fruit,Tamarind Fruit,Local,2026-09-05,13000.0,15000.0,14000.0,14000.0,quintal,14000.0,₹/quintal,True
Tamil Nadu,Namakkal,Rasipuram,Tapioca,Tapioca,Local,2026-09-05,3800.0,4000.0,3900.0,3900.0,quintal,3900.0,₹/quintal,True
Tamil Nadu,Namakkal,Rasipuram,Tender Coconut,Tender Coconut,Local,2026-09-05,3500.0,4000.0,3750.0,3750.0,quintal,3750.0,₹/quintal,True
Tamil Nadu,Namakkal,Rasipuram,Thondekai,Thondekai,Local,2026-09-05,4500.0,5000.0,4750.0,4750.0,quintal,4750.0,₹/quintal,True
Tamil Nadu,Namakkal,Rasipuram,Tomato,Other,Local,2026-09-05,3000.0,3400.0,3200.0,3200.0,quintal,3200.0,₹/quintal,True
Tamil Nadu,Namakkal,Rasipuram,Water Melon,Water Melon,Local,2026-09-05,1500.0,2000.0,1750.0,1750.0,quintal,1750.0,₹/quintal,True
Tamil Nadu,Namakkal,Tiruchengode APMC,Amaranthus,Amaranthus,Local,2026-09-05,3500.0,4000.0,3750.0,3750.0,quintal,3750.0,₹/quintal,True
Tamil Nadu,Namakkal,Tiruchengode APMC,Amla(Nelli Kai),Amla,Local,2026-09-05,8000.0,9000.0,8500.0,8500.0,quintal,8500.0,₹/quintal,True
Tamil Nadu,Namakkal,Tiruchengode APMC,Ashgourd,Gouard,Local,2026-09-05,2200.0,2500.0,2350.0,2350.0,quintal,2350.0,₹/quintal,True
Tamil Nadu,Namakkal,Tiruchengode APMC,Banana,Red Banana,Local,2026-09-05,6600.0,7500.0,7050.0,7050.0,quintal,7050.0,₹/quintal,True
Tamil Nadu,Namakkal,Tiruchengode APMC,Banana - Green,Banana - Green,Local,2026-09-05,3500.0,4000.0,3750.0,3750.0,quintal,3750.0,₹/quintal,True
Tamil Nadu,Namakkal,Tiruchengode APMC,Beans,Beans (Whole),Local,2026-09-05,7200.0,8000.0,7600.0,7600.0,quintal,7600.0,₹/quintal,True
Tamil Nadu,Namakkal,Tiruchengode APMC,Beetroot,Beetroot,Local,2026-09-05,6300.0,7000.0,6650.0,6650.0,quintal,6650.0,₹/quintal,True
Tamil Nadu,Namakkal,Tiruchengode APMC,Bhindi(Ladies Finger),Bhindi,Local,2026-09-05,2600.0,3000.0,2800.0,2800.0,quintal,2800.0,₹/quintal,True
Tamil Nadu,Namakkal,Tiruchengode APMC,Bitter gourd,Other,Local,2026-09-05,4500.0,5000.0,4750.0,4750.0,quintal,4750.0,₹/quintal,True
Tamil Nadu,Namakkal,Tiruchengode APMC,Bottle gourd,Bottle Gourd,Local,2026-09-05,1800.0,2000.0,1900.0,1900.0,quintal,1900.0,₹/quintal,True
Tamil Nadu,Namakkal,Tiruchengode APMC,Brinjal,Other,Local,2026-09-05,2500.0,3000.0,2750.0,2750.0,quintal,2750.0,₹/quintal,True
Tamil Nadu,Namakkal,Tiruchengode APMC,Cabbage,Cabbage,Local,2026-09-05,2500.0,3000.0,2750.0,2750.0,quintal,2750.0,₹/quintal,True
Tamil Nadu,Namakkal,Tiruchengode APMC,Capsicum,Capsicum,Local,2026-09-05,6200.0,7000.0,6600.0,6600.0,quintal,6600.0,₹/quintal,True
Tamil Nadu,Namakkal,Tiruchengode APMC,Carrot,Pusakesar,Local,2026-09-05,6200.0,7000.0,6600.0,6600.0,quintal,6600.0,₹/quintal,True
Tamil Nadu,Namakkal,Tiruchengode APMC,Cauliflower,Ranchi,Local,2026-09-05,3400.0,4000.0,3700.0,3700.0,quintal,3700.0,₹/quintal,True
Tamil Nadu,Namakkal,Tiruchengode APMC,Chikoos(Sapota),Sapota,Local,2026-09-05,3800.0,4500.0,4150.0,4150.0,quintal,4150.0,₹/quintal,True
Tamil Nadu,Namakkal,Tiruchengode APMC,Chow Chow,Chow Chow,Local,2026-09-05,2500.0,3000.0,2750.0,2750.0,quintal,2750.0,₹/quintal,True
Tamil Nadu,Namakkal,Tiruchengode APMC,Cluster beans,Cluster Beans,Local,2026-09-05,2500.0,3000.0,2750.0,2750.0,quintal,2750.0,₹/quintal,True
Tamil Nadu,Namakkal,Tiruchengode APMC,Coconut,Coconut,Local,2026-09-05,5400.0,6000.0,5700.0,5700.0,quintal,5700.0,₹/quintal,True
Tamil Nadu,Namakkal,Tiruchengode APMC,Coriander(Leaves),I Sort,Local,2026-09-05,8000.0,9000.0,8500.0,8500.0,quintal,8500.0,₹/quintal,True
Tamil Nadu,Namakkal,Tiruchengode APMC,Cucumbar(Kheera),Cucumbar,Local,2026-09-05,8000.0,9000.0,8500.0,8500.0,quintal,8500.0,₹/quintal,True
Tamil Nadu,Namakkal,Tiruchengode APMC,Drumstick,Drumstick,Local,2026-09-05,2500.0,3000.0,2750.0,2750.0,quintal,2750.0,₹/quintal,True
Tamil Nadu,Namakkal,Tiruchengode APMC,Elephant Yam(Suran)/Amorphophallus,Elephant Yam (Suran),Local,2026-09-05,3000.0,3500.0,3250.0,3250.0,quintal,3250.0,₹/quintal,True
Tamil Nadu,Namakkal,Tiruchengode APMC,Garlic,Garlic,Local,2026-09-05,24500.0,27000.0,25750.0,25750.0,quintal,25750.0,₹/quintal,True
Tamil Nadu,Namakkal,Tiruchengode APMC,Ginger(Green),Green Ginger,Local,2026-09-05,15000.0,17000.0,16000.0,16000.0,quintal,16000.0,₹/quintal,True
Tamil Nadu,Namakkal,Tiruchengode APMC,Green Avare(W),Other,Local,2026-09-05,4500.0,5000.0,4750.0,4750.0,quintal,4750.0,₹/quintal,True
Tamil Nadu,Namakkal,Tiruchengode APMC,Green Chilli,Green Chilly,Local,2026-09-05,5300.0,6000.0,5650.0,5650.0,quintal,5650.0,₹/quintal,True
Tamil Nadu,Namakkal,Tiruchengode APMC,Guava,Guava Allahabad,Local,2026-09-05,4800.0,6000.0,5400.0,5400.0,quintal,5400.0,₹/quintal,True
Tamil Nadu,Namakkal,Tiruchengode APMC,Lemon,Lemon,Local,2026-09-05,9500.0,12000.0,10750.0,10750.0,quintal,10750.0,₹/quintal,True
Tamil Nadu,Namakkal,Tiruchengode APMC,Mint(Pudina),Mint(Pudina),Local,2026-09-05,4500.0,5000.0,4750.0,4750.0,quintal,4750.0,₹/quintal,True
Tamil Nadu,Namakkal,Tiruchengode APMC,Mousambi(Sweet Lime),Mousambi,Local,2026-09-05,3500.0,4000.0,3750.0,3750.0,quintal,3750.0,₹/quintal,True
Tamil Nadu,Namakkal,Tiruchengode APMC,Onion,Bellary,Local,2026-09-05,5200.0,6000.0,5600.0,5600.0,quintal,5600.0,₹/quintal,True
Tamil Nadu,Namakkal,Tiruchengode APMC,Onion Green,Onion Green,Local,2026-09-05,6600.0,7500.0,7050.0,7050.0,quintal,7050.0,₹/quintal,True
Tamil Nadu,Namakkal,Tiruchengode APMC,Papaya,Papaya,Local,2026-09-05,3000.0,3500.0,3250.0,3250.0,quintal,3250.0,₹/quintal,True
Tamil Nadu,Namakkal,Tiruchengode APMC,Potato,Other,Local,2026-09-05,2600.0,3000.0,2800.0,2800.0,quintal,2800.0,₹/quintal,True
Tamil Nadu,Namakkal,Tiruchengode APMC,Pumpkin,Pumpkin,Local,2026-09-05,2000.0,2500.0,2250.0,2250.0,quintal,2250.0,₹/quintal,True
Tamil Nadu,Namakkal,Tiruchengode APMC,Raddish,Raddish,Local,2026-09-05,2000.0,2400.0,2200.0,2200.0,quintal,2200.0,₹/quintal,True
Tamil Nadu,Namakkal,Tiruchengode APMC,Ridgeguard(Tori),Ridgeguard(Tori),Local,2026-09-05,5400.0,6000.0,5700.0,5700.0,quintal,5700.0,₹/quintal,True
Tamil Nadu,Namakkal,Tiruchengode APMC,Snakeguard,Snakeguard,Local,2026-09-05,4500.0,5000.0,4750.0,4750.0,quintal,4750.0,₹/quintal,True
Tamil Nadu,Namakkal,Tiruchengode APMC,Sweet Corn ,Sweet Corn ,Local,2026-09-05,4500.0,5000.0,4750.0,4750.0,quintal,4750.0,₹/quintal,True
Tamil Nadu,Namakkal,Tiruchengode APMC,Sweet Potato,Hosur Red,Local,2026-09-05,5400.0,6000.0,5700.0,5700.0,quintal,5700.0,₹/quintal,True
Tamil Nadu,Namakkal,Tiruchengode APMC,Tapioca,Tapioca,Local,2026-09-05,2500.0,3000.0,2750.0,2750.0,quintal,2750.0,₹/quintal,True
Tamil Nadu,Namakkal,Tiruchengode APMC,Tender Coconut,Tender Coconut,Local,2026-09-05,3500.0,4000.0,3750.0,3750.0,quintal,3750.0,₹/quintal,True
Tamil Nadu,Namakkal,Tiruchengode APMC,Tomato,Other,Local,2026-09-05,2600.0,3000.0,2800.0,2800.0,quintal,2800.0,₹/quintal,True
Tamil Nadu,Namakkal,Tiruchengode APMC,Water Melon,Water Melon,Local,2026-09-05,1000.0,1200.0,1100.0,1100.0,quintal,1100.0,₹/quintal,True
Tamil Nadu,Namakkal,Tiruchengode APMC,Yam(Ratalu),Yam (Ratalu),Local,2026-09-05,6200.0,7000.0,6600.0,6600.0,quintal,6600.0,₹/quintal,True
Tamil Nadu,Perambalur,Perambalur,Amaranthus,Amaranthus,Local,2026-09-05,2000.0,3000.0,2500.0,2500.0,quintal,2500.0,₹/quintal,True
Tamil Nadu,Perambalur,Perambalur,Apple,American,Local,2026-09-05,18000.0,20000.0,19000.0,19000.0,quintal,19000.0,₹/quintal,True
Tamil Nadu,Perambalur,Perambalur,Ashgourd,Gouard,Local,2026-09-05,2000.0,2500.0,2250.0,2250.0,quintal,2250.0,₹/quintal,True
Tamil Nadu,Perambalur,Perambalur,Banana,Red Banana,Local,2026-09-05,7000.0,8000.0,7500.0,7500.0,quintal,7500.0,₹/quintal,True
Tamil Nadu,Perambalur,Perambalur,Banana - Green,Banana - Green,Local,2026-09-05,3000.0,4000.0,3500.0,3500.0,quintal,3500.0,₹/quintal,True
Tamil Nadu,Perambalur,Perambalur,Beans,Beans (Whole),Local,2026-09-05,9200.0,9600.0,9400.0,9400.0,quintal,9400.0,₹/quintal,True
Tamil Nadu,Perambalur,Perambalur,Beetroot,Beetroot,Local,2026-09-05,4800.0,5200.0,5000.0,5000.0,quintal,5000.0,₹/quintal,True
Tamil Nadu,Perambalur,Perambalur,Bhindi(Ladies Finger),Bhindi,Local,2026-09-05,3600.0,4000.0,3800.0,3800.0,quintal,3800.0,₹/quintal,True
Tamil Nadu,Perambalur,Perambalur,Bitter gourd,Bitter Gourd,Local,2026-09-05,6000.0,6400.0,6200.0,6200.0,quintal,6200.0,₹/quintal,True
Tamil Nadu,Perambalur,Perambalur,Bottle gourd,Bottle Gourd,Local,2026-09-05,1800.0,2200.0,2000.0,2000.0,quintal,2000.0,₹/quintal,True
Tamil Nadu,Perambalur,Perambalur,Brinjal,Other,Local,2026-09-05,4600.0,4800.0,4700.0,4700.0,quintal,4700.0,₹/quintal,True
Tamil Nadu,Perambalur,Perambalur,Cabbage,Cabbage,Local,2026-09-05,3400.0,3400.0,3400.0,3400.0,quintal,3400.0,₹/quintal,True
Tamil Nadu,Perambalur,Perambalur,Capsicum,Capsicum,Local,2026-09-05,5600.0,6000.0,5800.0,5800.0,quintal,5800.0,₹/quintal,True
Tamil Nadu,Perambalur,Perambalur,Carrot,Pusakesar,Local,2026-09-05,7200.0,7200.0,7200.0,7200.0,quintal,7200.0,₹/quintal,True
Tamil Nadu,Perambalur,Perambalur,Cauliflower,Ranchi,Local,2026-09-05,5000.0,6000.0,5500.0,5500.0,quintal,5500.0,₹/quintal,True
Tamil Nadu,Perambalur,Perambalur,Chow Chow,Chow Chow,Local,2026-09-05,4800.0,5000.0,4900.0,4900.0,quintal,4900.0,₹/quintal,True
Tamil Nadu,Perambalur,Perambalur,Cluster beans,Cluster Beans,Local,2026-09-05,4800.0,5000.0,4900.0,4900.0,quintal,4900.0,₹/quintal,True
Tamil Nadu,Perambalur,Perambalur,Coconut,Coconut,Local,2026-09-05,5000.0,6000.0,5500.0,5500.0,quintal,5500.0,₹/quintal,True
Tamil Nadu,Perambalur,Perambalur,Colacasia,Colacasia,Local,2026-09-05,5600.0,6000.0,5800.0,5800.0,quintal,5800.0,₹/quintal,True
Tamil Nadu,Perambalur,Perambalur,Coriander(Leaves),I Sort,Local,2026-09-05,3000.0,3500.0,3250.0,3250.0,quintal,3250.0,₹/quintal,True
Tamil Nadu,Perambalur,Perambalur,Cowpea(Veg),Cowpea (Veg),Local,2026-09-05,5200.0,5200.0,5200.0,5200.0,quintal,5200.0,₹/quintal,True
Tamil Nadu,Perambalur,Perambalur,Cucumbar(Kheera),Cucumbar,Local,2026-09-05,5200.0,6000.0,5600.0,5600.0,quintal,5600.0,₹/quintal,True
Tamil Nadu,Perambalur,Perambalur,Drumstick,Drumstick,Local,2026-09-05,2000.0,2500.0,2250.0,2250.0,quintal,2250.0,₹/quintal,True
Tamil Nadu,Perambalur,Perambalur,Elephant Yam(Suran)/Amorphophallus,Elephant Yam (Suran),Local,2026-09-05,4800.0,5200.0,5000.0,5000.0,quintal,5000.0,₹/quintal,True
Tamil Nadu,Perambalur,Perambalur,Garlic,Garlic,Local,2026-09-05,18000.0,20000.0,19000.0,19000.0,quintal,19000.0,₹/quintal,True
Tamil Nadu,Perambalur,Perambalur,Ginger(Green),Green Ginger,Local,2026-09-05,14000.0,16000.0,15000.0,15000.0,quintal,15000.0,₹/quintal,True
Tamil Nadu,Perambalur,Perambalur,Grapes,Annabesahai,Local,2026-09-05,10000.0,12000.0,11000.0,11000.0,quintal,11000.0,₹/quintal,True
Tamil Nadu,Perambalur,Perambalur,Green Avare(W),Green Avare (W),Local,2026-09-05,6800.0,9400.0,8100.0,8100.0,quintal,8100.0,₹/quintal,True
Tamil Nadu,Perambalur,Perambalur,Green Chilli,Green Chilly,Local,2026-09-05,4600.0,5000.0,4800.0,4800.0,quintal,4800.0,₹/quintal,True
Tamil Nadu,Perambalur,Perambalur,Groundnut,Big (With Shell),Local,2026-09-05,8000.0,9000.0,8500.0,8500.0,quintal,8500.0,₹/quintal,True
Tamil Nadu,Perambalur,Perambalur,Guava,Guava Allahabad,Local,2026-09-05,6000.0,7000.0,6500.0,6500.0,quintal,6500.0,₹/quintal,True
Tamil Nadu,Perambalur,Perambalur,Indian Beans(Seam),Indian Beans (Seam),Local,2026-09-05,8000.0,8800.0,8400.0,8400.0,quintal,8400.0,₹/quintal,True
Tamil Nadu,Perambalur,Perambalur,Lemon,Lemon,Local,2026-09-05,12000.0,13000.0,12500.0,12500.0,quintal,12500.0,₹/quintal,True
Tamil Nadu,Perambalur,Perambalur,Mango(Raw-Ripe),Mango - Raw-Ripe,Local,2026-09-05,9000.0,9600.0,9300.0,9300.0,quintal,9300.0,₹/quintal,True
Tamil Nadu,Perambalur,Perambalur,Mashrooms,Mashrooms,Local,2026-09-05,20000.0,20000.0,20000.0,20000.0,quintal,20000.0,₹/quintal,True
Tamil Nadu,Perambalur,Perambalur,Mint(Pudina),Mint(Pudina),Local,2026-09-05,6000.0,6000.0,6000.0,6000.0,quintal,6000.0,₹/quintal,True
Tamil Nadu,Perambalur,Perambalur,Mousambi(Sweet Lime),Mousambi,Local,2026-09-05,8000.0,9000.0,8500.0,8500.0,quintal,8500.0,₹/quintal,True
Tamil Nadu,Perambalur,Perambalur,Onion,Bellary,Local,2026-09-05,6000.0,6600.0,6300.0,6300.0,quintal,6300.0,₹/quintal,True
Tamil Nadu,Perambalur,Perambalur,Onion Green,Onion Green,Local,2026-09-05,5000.0,7000.0,6000.0,6000.0,quintal,6000.0,₹/quintal,True
Tamil Nadu,Perambalur,Perambalur,Papaya,Papaya,Local,2026-09-05,4000.0,5000.0,4500.0,4500.0,quintal,4500.0,₹/quintal,True
Tamil Nadu,Perambalur,Perambalur,Pomegranate,Pomogranate,Local,2026-09-05,18000.0,20000.0,19000.0,19000.0,quintal,19000.0,₹/quintal,True
Tamil Nadu,Perambalur,Perambalur,Potato,Other,Local,2026-09-05,2800.0,3000.0,2900.0,2900.0,quintal,2900.0,₹/quintal,True
Tamil Nadu,Perambalur,Perambalur,Pumpkin,Pumpkin,Local,2026-09-05,2000.0,2500.0,2250.0,2250.0,quintal,2250.0,₹/quintal,True
Tamil Nadu,Perambalur,Perambalur,Raddish,Raddish,Local,2026-09-05,2800.0,2800.0,2800.0,2800.0,quintal,2800.0,₹/quintal,True
Tamil Nadu,Perambalur,Perambalur,Ridgeguard(Tori),Ridgeguard(Tori),Local,2026-09-05,6000.0,6400.0,6200.0,6200.0,quintal,6200.0,₹/quintal,True
Tamil Nadu,Perambalur,Perambalur,Snakeguard,Snakeguard,Local,2026-09-05,3600.0,3600.0,3600.0,3600.0,quintal,3600.0,₹/quintal,True
Tamil Nadu,Perambalur,Perambalur,Sweet Corn ,Sweet Corn ,Local,2026-09-05,4000.0,5000.0,4500.0,4500.0,quintal,4500.0,₹/quintal,True
Tamil Nadu,Perambalur,Perambalur,Sweet Potato,Hosur Red,Local,2026-09-05,6000.0,6400.0,6200.0,6200.0,quintal,6200.0,₹/quintal,True
Tamil Nadu,Perambalur,Perambalur,Tender Coconut,Tender Coconut,Local,2026-09-05,3000.0,4000.0,3500.0,3500.0,quintal,3500.0,₹/quintal,True
Tamil Nadu,Perambalur,Perambalur,Thondekai,Thondekai,Local,2026-09-05,4400.0,4800.0,4600.0,4600.0,quintal,4600.0,₹/quintal,True
Tamil Nadu,Perambalur,Perambalur,Tomato,Deshi,Local,2026-09-05,3000.0,3500.0,3250.0,3250.0,quintal,3250.0,₹/quintal,True
Tamil Nadu,Perambalur,Perambalur,Yam(Ratalu),Yam (Ratalu),Local,2026-09-05,6000.0,6800.0,6400.0,6400.0,quintal,6400.0,₹/quintal,True
Tamil Nadu,Pudukkottai,Aranthangi,Amaranthus,Amaranthus,Local,2026-09-05,1500.0,2000.0,1750.0,1750.0,quintal,1750.0,₹/quintal,True
Tamil Nadu,Pudukkottai,Aranthangi,Ashgourd,Gouard,Local,2026-09-05,1000.0,1500.0,1250.0,1250.0,quintal,1250.0,₹/quintal,True
Tamil Nadu,Pudukkottai,Aranthangi,Banana,Karpura,Local,2026-09-05,4500.0,5000.0,4750.0,4750.0,quintal,4750.0,₹/quintal,True
Tamil Nadu,Pudukkottai,Aranthangi,Banana - Green,Banana - Green,Local,2026-09-05,2500.0,3000.0,2750.0,2750.0,quintal,2750.0,₹/quintal,True
Tamil Nadu,Pudukkottai,Aranthangi,Bhindi(Ladies Finger),Bhindi,Local,2026-09-05,3500.0,4000.0,3750.0,3750.0,quintal,3750.0,₹/quintal,True
Tamil Nadu,Pudukkottai,Aranthangi,Bitter gourd,Other,Local,2026-09-05,7000.0,8000.0,7500.0,7500.0,quintal,7500.0,₹/quintal,True
Tamil Nadu,Pudukkottai,Aranthangi,Bottle gourd,Bottle Gourd,Local,2026-09-05,2000.0,2500.0,2250.0,2250.0,quintal,2250.0,₹/quintal,True
Tamil Nadu,Pudukkottai,Aranthangi,Brinjal,Other,Local,2026-09-05,4500.0,5000.0,4750.0,4750.0,quintal,4750.0,₹/quintal,True
Tamil Nadu,Pudukkottai,Aranthangi,Cluster beans,Cluster Beans,Local,2026-09-05,3500.0,4000.0,3750.0,3750.0,quintal,3750.0,₹/quintal,True
Tamil Nadu,Pudukkottai,Aranthangi,Coconut,Coconut,Local,2026-09-05,3500.0,4000.0,3750.0,3750.0,quintal,3750.0,₹/quintal,True
Tamil Nadu,Pudukkottai,Aranthangi,Coriander(Leaves),I Sort,Local,2026-09-05,4500.0,5000.0,4750.0,4750.0,quintal,4750.0,₹/quintal,True
Tamil Nadu,Pudukkottai,Aranthangi,Drumstick,Drumstick,Local,2026-09-05,5000.0,6000.0,5500.0,5500.0,quintal,5500.0,₹/quintal,True
Tamil Nadu,Pudukkottai,Aranthangi,Green Avare(W),Other,Local,2026-09-05,5000.0,6000.0,5500.0,5500.0,quintal,5500.0,₹/quintal,True
Tamil Nadu,Pudukkottai,Aranthangi,Green Chilli,Green Chilly,Local,2026-09-05,4500.0,5000.0,4750.0,4750.0,quintal,4750.0,₹/quintal,True
Tamil Nadu,Pudukkottai,Aranthangi,Lemon,Lemon,Local,2026-09-05,12000.0,13000.0,12500.0,12500.0,quintal,12500.0,₹/quintal,True
Tamil Nadu,Pudukkottai,Aranthangi,Mint(Pudina),Mint(Pudina),Local,2026-09-05,4500.0,5000.0,4750.0,4750.0,quintal,4750.0,₹/quintal,True
Tamil Nadu,Pudukkottai,Aranthangi,Onion,Bellary,Local,2026-09-05,6000.0,7000.0,6500.0,6500.0,quintal,6500.0,₹/quintal,True
Tamil Nadu,Pudukkottai,Aranthangi,Onion Green,Onion Green,Local,2026-09-05,7000.0,8000.0,7500.0,7500.0,quintal,7500.0,₹/quintal,True
Tamil Nadu,Pudukkottai,Aranthangi,Papaya,Papaya,Local,2026-09-05,2500.0,3000.0,2750.0,2750.0,quintal,2750.0,₹/quintal,True
Tamil Nadu,Pudukkottai,Aranthangi,Pumpkin,Pumpkin,Local,2026-09-05,1000.0,1500.0,1250.0,1250.0,quintal,1250.0,₹/quintal,True
Tamil Nadu,Pudukkottai,Aranthangi,Raddish,Raddish,Local,2026-09-05,3500.0,4000.0,3750.0,3750.0,quintal,3750.0,₹/quintal,True
Tamil Nadu,Pudukkottai,Aranthangi,Ridgeguard(Tori),Ridgeguard(Tori),Local,2026-09-05,4000.0,5000.0,4500.0,4500.0,quintal,4500.0,₹/quintal,True
Tamil Nadu,Pudukkottai,Aranthangi,Snakeguard,Snakeguard,Local,2026-09-05,3500.0,4000.0,3750.0,3750.0,quintal,3750.0,₹/quintal,True
Tamil Nadu,Pudukkottai,Aranthangi,Tapioca,Tapioca,Local,2026-09-05,2500.0,3000.0,2750.0,2750.0,quintal,2750.0,₹/quintal,True
Tamil Nadu,Pudukkottai,Aranthangi,Tomato,Other,Local,2026-09-05,3000.0,3500.0,3250.0,3250.0,quintal,3250.0,₹/quintal,True
Tamil Nadu,Pudukkottai,Gandarvakottai,Amaranthus,Amaranthus,Local,2026-09-05,1000.0,1500.0,1250.0,1250.0,quintal,1250.0,₹/quintal,True
Tamil Nadu,Pudukkottai,Gandarvakottai,Ashgourd,Gouard,Local,2026-09-05,1000.0,1500.0,1250.0,1250.0,quintal,1250.0,₹/quintal,True
Tamil Nadu,Pudukkottai,Gandarvakottai,Banana,Red Banana,Local,2026-09-05,6000.0,7000.0,6500.0,6500.0,quintal,6500.0,₹/quintal,True
Tamil Nadu,Pudukkottai,Gandarvakottai,Banana - Green,Banana - Green,Local,2026-09-05,2500.0,3000.0,2750.0,2750.0,quintal,2750.0,₹/quintal,True
Tamil Nadu,Pudukkottai,Gandarvakottai,Bhindi(Ladies Finger),Bhindi,Local,2026-09-05,2000.0,2500.0,2250.0,2250.0,quintal,2250.0,₹/quintal,True
Tamil Nadu,Pudukkottai,Gandarvakottai,Bitter gourd,Other,Local,2026-09-05,7000.0,8000.0,7500.0,7500.0,quintal,7500.0,₹/quintal,True
Tamil Nadu,Pudukkottai,Gandarvakottai,Bottle gourd,Bottle Gourd,Local,2026-09-05,2000.0,2500.0,2250.0,2250.0,quintal,2250.0,₹/quintal,True
Tamil Nadu,Pudukkottai,Gandarvakottai,Brinjal,Other,Local,2026-09-05,4000.0,5500.0,4750.0,4750.0,quintal,4750.0,₹/quintal,True
Tamil Nadu,Pudukkottai,Gandarvakottai,Cluster beans,Cluster Beans,Local,2026-09-05,4500.0,5000.0,4750.0,4750.0,quintal,4750.0,₹/quintal,True
Tamil Nadu,Pudukkottai,Gandarvakottai,Coconut,Coconut,Local,2026-09-05,3000.0,4000.0,3500.0,3500.0,quintal,3500.0,₹/quintal,True
Tamil Nadu,Pudukkottai,Gandarvakottai,Coriander(Leaves),I Sort,Local,2026-09-05,4500.0,5000.0,4750.0,4750.0,quintal,4750.0,₹/quintal,True
Tamil Nadu,Pudukkottai,Gandarvakottai,Drumstick,Drumstick,Local,2026-09-05,4000.0,5000.0,4500.0,4500.0,quintal,4500.0,₹/quintal,True
Tamil Nadu,Pudukkottai,Gandarvakottai,Green Avare(W),Other,Local,2026-09-05,7000.0,8000.0,7500.0,7500.0,quintal,7500.0,₹/quintal,True
Tamil Nadu,Pudukkottai,Gandarvakottai,Green Chilli,Green Chilly,Local,2026-09-05,6000.0,7000.0,6500.0,6500.0,quintal,6500.0,₹/quintal,True
Tamil Nadu,Pudukkottai,Gandarvakottai,Mint(Pudina),Mint(Pudina),Local,2026-09-05,4500.0,5000.0,4750.0,4750.0,quintal,4750.0,₹/quintal,True
Tamil Nadu,Pudukkottai,Gandarvakottai,Onion,Bellary,Local,2026-09-05,5500.0,6000.0,5750.0,5750.0,quintal,5750.0,₹/quintal,True
Tamil Nadu,Pudukkottai,Gandarvakottai,Onion Green,Onion Green,Local,2026-09-05,8000.0,8500.0,8250.0,8250.0,quintal,8250.0,₹/quintal,True
Tamil Nadu,Pudukkottai,Gandarvakottai,Papaya,Papaya,Local,2026-09-05,2500.0,3000.0,2750.0,2750.0,quintal,2750.0,₹/quintal,True
Tamil Nadu,Pudukkottai,Gandarvakottai,Potato,Other,Local,2026-09-05,6000.0,7000.0,6500.0,6500.0,quintal,6500.0,₹/quintal,True
Tamil Nadu,Pudukkottai,Gandarvakottai,Pumpkin,Pumpkin,Local,2026-09-05,1000.0,1500.0,1250.0,1250.0,quintal,1250.0,₹/quintal,True
Tamil Nadu,Pudukkottai,Gandarvakottai,Raddish,Raddish,Local,2026-09-05,3500.0,4000.0,3750.0,3750.0,quintal,3750.0,₹/quintal,True
Tamil Nadu,Pudukkottai,Gandarvakottai,Ridgeguard(Tori),Ridgeguard(Tori),Local,2026-09-05,5000.0,6000.0,5500.0,5500.0,quintal,5500.0,₹/quintal,True
Tamil Nadu,Pudukkottai,Gandarvakottai,Snakeguard,Snakeguard,Local,2026-09-05,2500.0,3000.0,2750.0,2750.0,quintal,2750.0,₹/quintal,True
Tamil Nadu,Pudukkottai,Gandarvakottai,Tomato,Other,Local,2026-09-05,2500.0,3000.0,2750.0,2750.0,quintal,2750.0,₹/quintal,True
Tamil Nadu,Pudukkottai,Karambakkudi,Amaranthus,Amaranthus,Local,2026-09-05,1500.0,2000.0,1750.0,1750.0,quintal,1750.0,₹/quintal,True
Tamil Nadu,Pudukkottai,Karambakkudi,Ashgourd,Gouard,Local,2026-09-05,1000.0,1500.0,1250.0,1250.0,quintal,1250.0,₹/quintal,True
Tamil Nadu,Pudukkottai,Karambakkudi,Banana,Other,Local,2026-09-05,6000.0,7000.0,6500.0,6500.0,quintal,6500.0,₹/quintal,True
Tamil Nadu,Pudukkottai,Karambakkudi,Banana - Green,Banana - Green,Local,2026-09-05,2500.0,3000.0,2750.0,2750.0,quintal,2750.0,₹/quintal,True
Tamil Nadu,Pudukkottai,Karambakkudi,Bhindi(Ladies Finger),Bhindi,Local,2026-09-05,2500.0,3000.0,2750.0,2750.0,quintal,2750.0,₹/quintal,True
Tamil Nadu,Pudukkottai,Karambakkudi,Bitter gourd,Other,Local,2026-09-05,7000.0,8000.0,7500.0,7500.0,quintal,7500.0,₹/quintal,True
Tamil Nadu,Pudukkottai,Karambakkudi,Bottle gourd,Bottle Gourd,Local,2026-09-05,2500.0,3000.0,2750.0,2750.0,quintal,2750.0,₹/quintal,True
Tamil Nadu,Pudukkottai,Karambakkudi,Brinjal,Other,Local,2026-09-05,5000.0,6000.0,5500.0,5500.0,quintal,5500.0,₹/quintal,True
Tamil Nadu,Pudukkottai,Karambakkudi,Cluster beans,Cluster Beans,Local,2026-09-05,3500.0,4000.0,3750.0,3750.0,quintal,3750.0,₹/quintal,True
Tamil Nadu,Pudukkottai,Karambakkudi,Coconut,Coconut,Local,2026-09-05,3500.0,4000.0,3750.0,3750.0,quintal,3750.0,₹/quintal,True
Tamil Nadu,Pudukkottai,Karambakkudi,Coriander(Leaves),I Sort,Local,2026-09-05,4500.0,5000.0,4750.0,4750.0,quintal,4750.0,₹/quintal,True
Tamil Nadu,Pudukkottai,Karambakkudi,Drumstick,Drumstick,Local,2026-09-05,4500.0,5000.0,4750.0,4750.0,quintal,4750.0,₹/quintal,True
Tamil Nadu,Pudukkottai,Karambakkudi,Green Avare(W),Other,Local,2026-09-05,7000.0,8000.0,7500.0,7500.0,quintal,7500.0,₹/quintal,True
Tamil Nadu,Pudukkottai,Karambakkudi,Green Chilli,Green Chilly,Local,2026-09-05,5000.0,6000.0,5500.0,5500.0,quintal,5500.0,₹/quintal,True
Tamil Nadu,Pudukkottai,Karambakkudi,Lemon,Lemon,Local,2026-09-05,15000.0,16000.0,15500.0,15500.0,quintal,15500.0,₹/quintal,True
Tamil Nadu,Pudukkottai,Karambakkudi,Mint(Pudina),Mint(Pudina),Local,2026-09-05,4500.0,5000.0,4750.0,4750.0,quintal,4750.0,₹/quintal,True
Tamil Nadu,Pudukkottai,Karambakkudi,Onion,Bellary,Local,2026-09-05,5000.0,6000.0,5500.0,5500.0,quintal,5500.0,₹/quintal,True
Tamil Nadu,Pudukkottai,Karambakkudi,Onion Green,Onion Green,Local,2026-09-05,7000.0,8000.0,7500.0,7500.0,quintal,7500.0,₹/quintal,True
Tamil Nadu,Pudukkottai,Karambakkudi,Papaya,Papaya,Local,2026-09-05,3500.0,4000.0,3750.0,3750.0,quintal,3750.0,₹/quintal,True
Tamil Nadu,Pudukkottai,Karambakkudi,Pumpkin,Pumpkin,Local,2026-09-05,1000.0,1500.0,1250.0,1250.0,quintal,1250.0,₹/quintal,True
Tamil Nadu,Pudukkottai,Karambakkudi,Raddish,Raddish,Local,2026-09-05,3500.0,4000.0,3750.0,3750.0,quintal,3750.0,₹/quintal,True
Tamil Nadu,Pudukkottai,Karambakkudi,Ridgeguard(Tori),Ridgeguard(Tori),Local,2026-09-05,5000.0,6000.0,5500.0,5500.0,quintal,5500.0,₹/quintal,True
Tamil Nadu,Pudukkottai,Karambakkudi,Snakeguard,Snakeguard,Local,2026-09-05,3500.0,4000.0,3750.0,3750.0,quintal,3750.0,₹/quintal,True
Tamil Nadu,Pudukkottai,Karambakkudi,Tomato,Other,Local,2026-09-05,2500.0,3000.0,2750.0,2750.0,quintal,2750.0,₹/quintal,True
Tamil Nadu,Pudukkottai,Ponnamaravathi,Amaranthus,Amaranthus,Local,2026-09-05,1500.0,2000.0,1750.0,1750.0,quintal,1750.0,₹/quintal,True
Tamil Nadu,Pudukkottai,Ponnamaravathi,Ashgourd,Gouard,Local,2026-09-05,1000.0,1500.0,1250.0,1250.0,quintal,1250.0,₹/quintal,True
Tamil Nadu,Pudukkottai,Ponnamaravathi,Banana,Besrai,Local,2026-09-05,6500.0,7000.0,6750.0,6750.0,quintal,6750.0,₹/quintal,True
Tamil Nadu,Pudukkottai,Ponnamaravathi,Banana - Green,Banana - Green,Local,2026-09-05,2500.0,3000.0,2750.0,2750.0,quintal,2750.0,₹/quintal,True
Tamil Nadu,Pudukkottai,Ponnamaravathi,Bhindi(Ladies Finger),Bhindi,Local,2026-09-05,2500.0,3000.0,2750.0,2750.0,quintal,2750.0,₹/quintal,True
Tamil Nadu,Pudukkottai,Ponnamaravathi,Bitter gourd,Bitter Gourd,Local,2026-09-05,7500.0,8000.0,7750.0,7750.0,quintal,7750.0,₹/quintal,True
Tamil Nadu,Pudukkottai,Ponnamaravathi,Bottle gourd,Bottle Gourd,Local,2026-09-05,2000.0,2500.0,2250.0,2250.0,quintal,2250.0,₹/quintal,True
Tamil Nadu,Pudukkottai,Ponnamaravathi,Brinjal,Round,Local,2026-09-05,5500.0,6000.0,5750.0,5750.0,quintal,5750.0,₹/quintal,True
Tamil Nadu,Pudukkottai,Ponnamaravathi,Cluster beans,Cluster Beans,Local,2026-09-05,3500.0,4000.0,3750.0,3750.0,quintal,3750.0,₹/quintal,True
Tamil Nadu,Pudukkottai,Ponnamaravathi,Coconut,Coconut,Local,2026-09-05,3500.0,4000.0,3750.0,3750.0,quintal,3750.0,₹/quintal,True
Tamil Nadu,Pudukkottai,Ponnamaravathi,Coriander(Leaves),I Sort,Local,2026-09-05,4500.0,5000.0,4750.0,4750.0,quintal,4750.0,₹/quintal,True
Tamil Nadu,Pudukkottai,Ponnamaravathi,Cowpea(Veg),Cowpea (Veg),Local,2026-09-05,1500.0,2000.0,1750.0,1750.0,quintal,1750.0,₹/quintal,True
Tamil Nadu,Pudukkottai,Ponnamaravathi,Drumstick,Drumstick,Local,2026-09-05,5500.0,6000.0,5750.0,5750.0,quintal,5750.0,₹/quintal,True
Tamil Nadu,Pudukkottai,Ponnamaravathi,Green Avare(W),Green Avare (W),Local,2026-09-05,6500.0,7000.0,6750.0,6750.0,quintal,6750.0,₹/quintal,True
Tamil Nadu,Pudukkottai,Ponnamaravathi,Green Chilli,Green Chilly,Local,2026-09-05,5500.0,6000.0,5750.0,5750.0,quintal,5750.0,₹/quintal,True
Tamil Nadu,Pudukkottai,Ponnamaravathi,Lemon,Lemon,Local,2026-09-05,15500.0,16000.0,15750.0,15750.0,quintal,15750.0,₹/quintal,True
Tamil Nadu,Pudukkottai,Ponnamaravathi,Lime,Lime,Local,2026-09-05,1500.0,2000.0,1750.0,1750.0,quintal,1750.0,₹/quintal,True
Tamil Nadu,Pudukkottai,Ponnamaravathi,Mint(Pudina),Mint(Pudina),Local,2026-09-05,4500.0,5000.0,4750.0,4750.0,quintal,4750.0,₹/quintal,True
Tamil Nadu,Pudukkottai,Ponnamaravathi,Onion,Bellary,Local,2026-09-05,5500.0,6000.0,5750.0,5750.0,quintal,5750.0,₹/quintal,True
Tamil Nadu,Pudukkottai,Ponnamaravathi,Onion Green,Onion Green,Local,2026-09-05,7500.0,8000.0,7750.0,7750.0,quintal,7750.0,₹/quintal,True
Tamil Nadu,Pudukkottai,Ponnamaravathi,Papaya,Papaya,Local,2026-09-05,2500.0,3000.0,2750.0,2750.0,quintal,2750.0,₹/quintal,True
Tamil Nadu,Pudukkottai,Ponnamaravathi,Pumpkin,Pumpkin,Local,2026-09-05,1000.0,1500.0,1250.0,1250.0,quintal,1250.0,₹/quintal,True
Tamil Nadu,Pudukkottai,Ponnamaravathi,Raddish,Raddish,Local,2026-09-05,3500.0,4000.0,3750.0,3750.0,quintal,3750.0,₹/quintal,True
Tamil Nadu,Pudukkottai,Ponnamaravathi,Ridgeguard(Tori),Ridgeguard(Tori),Local,2026-09-05,5500.0,6000.0,5750.0,5750.0,quintal,5750.0,₹/quintal,True
Tamil Nadu,Pudukkottai,Ponnamaravathi,Snakeguard,Snakeguard,Local,2026-09-05,3500.0,4000.0,3750.0,3750.0,quintal,3750.0,₹/quintal,True
Tamil Nadu,Pudukkottai,Ponnamaravathi,Tomato,Deshi,Local,2026-09-05,2500.0,3000.0,2750.0,2750.0,quintal,2750.0,₹/quintal,True
Tamil Nadu,Pudukkottai,Pudukottai,Amaranthus,Amaranthus,Local,2026-09-05,1500.0,2000.0,1750.0,1750.0,quintal,1750.0,₹/quintal,True
Tamil Nadu,Pudukkottai,Pudukottai,Ashgourd,Gouard,Local,2026-09-05,1000.0,1500.0,1250.0,1250.0,quintal,1250.0,₹/quintal,True
Tamil Nadu,Pudukkottai,Pudukottai,Banana,Red Banana,Local,2026-09-05,8000.0,9000.0,8500.0,8500.0,quintal,8500.0,₹/quintal,True
Tamil Nadu,Pudukkottai,Pudukottai,Banana - Green,Banana - Green,Local,2026-09-05,2500.0,3000.0,2750.0,2750.0,quintal,2750.0,₹/quintal,True
Tamil Nadu,Pudukkottai,Pudukottai,Beans,Beans (Whole),Local,2026-09-05,8000.0,8500.0,8250.0,8250.0,quintal,8250.0,₹/quintal,True
Tamil Nadu,Pudukkottai,Pudukottai,Beetroot,Beetroot,Local,2026-09-05,4000.0,4500.0,4250.0,4250.0,quintal,4250.0,₹/quintal,True
Tamil Nadu,Pudukkottai,Pudukottai,Bhindi(Ladies Finger),Bhindi,Local,2026-09-05,2500.0,3000.0,2750.0,2750.0,quintal,2750.0,₹/quintal,True
Tamil Nadu,Pudukkottai,Pudukottai,Bitter gourd,Bitter Gourd,Local,2026-09-05,7000.0,8000.0,7500.0,7500.0,quintal,7500.0,₹/quintal,True
Tamil Nadu,Pudukkottai,Pudukottai,Bottle gourd,Bottle Gourd,Local,2026-09-05,2500.0,3000.0,2750.0,2750.0,quintal,2750.0,₹/quintal,True
Tamil Nadu,Pudukkottai,Pudukottai,Brinjal,Round,Local,2026-09-05,6000.0,6500.0,6250.0,6250.0,quintal,6250.0,₹/quintal,True
Tamil Nadu,Pudukkottai,Pudukottai,Cabbage,Cabbage,Local,2026-09-05,3000.0,3500.0,3250.0,3250.0,quintal,3250.0,₹/quintal,True
Tamil Nadu,Pudukkottai,Pudukottai,Capsicum,Capsicum,Local,2026-09-05,5000.0,6000.0,5500.0,5500.0,quintal,5500.0,₹/quintal,True
Tamil Nadu,Pudukkottai,Pudukottai,Carrot,Pusakesar,Local,2026-09-05,6000.0,7000.0,6500.0,6500.0,quintal,6500.0,₹/quintal,True
Tamil Nadu,Pudukkottai,Pudukottai,Cauliflower,Ranchi,Local,2026-09-05,5000.0,6000.0,5500.0,5500.0,quintal,5500.0,₹/quintal,True
Tamil Nadu,Pudukkottai,Pudukottai,Chow Chow,Chow Chow,Local,2026-09-05,3500.0,4000.0,3750.0,3750.0,quintal,3750.0,₹/quintal,True
Tamil Nadu,Pudukkottai,Pudukottai,Cluster beans,Cluster Beans,Local,2026-09-05,4000.0,5000.0,4500.0,4500.0,quintal,4500.0,₹/quintal,True
Tamil Nadu,Pudukkottai,Pudukottai,Coconut,Coconut,Local,2026-09-05,3000.0,4000.0,3500.0,3500.0,quintal,3500.0,₹/quintal,True
Tamil Nadu,Pudukkottai,Pudukottai,Colacasia,Colacasia,Local,2026-09-05,5000.0,6000.0,5500.0,5500.0,quintal,5500.0,₹/quintal,True
Tamil Nadu,Pudukkottai,Pudukottai,Coriander(Leaves),I Sort,Local,2026-09-05,4000.0,5000.0,4500.0,4500.0,quintal,4500.0,₹/quintal,True
Tamil Nadu,Pudukkottai,Pudukottai,Cowpea(Veg),Cowpea (Veg),Local,2026-09-05,1500.0,2000.0,1750.0,1750.0,quintal,1750.0,₹/quintal,True
Tamil Nadu,Pudukkottai,Pudukottai,Drumstick,Drumstick,Local,2026-09-05,5000.0,6000.0,5500.0,5500.0,quintal,5500.0,₹/quintal,True
Tamil Nadu,Pudukkottai,Pudukottai,Elephant Yam(Suran)/Amorphophallus,Elephant Yam (Suran),Local,2026-09-05,5000.0,6000.0,5500.0,5500.0,quintal,5500.0,₹/quintal,True
Tamil Nadu,Pudukkottai,Pudukottai,Garlic,Garlic,Local,2026-09-05,28000.0,30000.0,29000.0,29000.0,quintal,29000.0,₹/quintal,True
Tamil Nadu,Pudukkottai,Pudukottai,Ginger(Green),Green Ginger,Local,2026-09-05,26000.0,28000.0,27000.0,27000.0,quintal,27000.0,₹/quintal,True
Tamil Nadu,Pudukkottai,Pudukottai,Green Avare(W),Other,Local,2026-09-05,6000.0,7000.0,6500.0,6500.0,quintal,6500.0,₹/quintal,True
Tamil Nadu,Pudukkottai,Pudukottai,Green Chilli,Green Chilly,Local,2026-09-05,6000.0,7000.0,6500.0,6500.0,quintal,6500.0,₹/quintal,True
Tamil Nadu,Pudukkottai,Pudukottai,Groundnut,Big (With Shell),Local,2026-09-05,5000.0,6000.0,5500.0,5500.0,quintal,5500.0,₹/quintal,True
Tamil Nadu,Pudukkottai,Pudukottai,Guava,Guava Allahabad,Local,2026-09-05,7000.0,8000.0,7500.0,7500.0,quintal,7500.0,₹/quintal,True
Tamil Nadu,Pudukkottai,Pudukottai,Jack Fruit(Ripe),Jack Fruit,Local,2026-09-05,2500.0,3000.0,2750.0,2750.0,quintal,2750.0,₹/quintal,True
Tamil Nadu,Pudukkottai,Pudukottai,Knool Khol,Knool Khol,Local,2026-09-05,3000.0,4000.0,3500.0,3500.0,quintal,3500.0,₹/quintal,True
Tamil Nadu,Pudukkottai,Pudukottai,Lemon,Lemon,Local,2026-09-05,18000.0,19000.0,18500.0,18500.0,quintal,18500.0,₹/quintal,True
Tamil Nadu,Pudukkottai,Pudukottai,Lime,Lime,Local,2026-09-05,1500.0,2000.0,1750.0,1750.0,quintal,1750.0,₹/quintal,True
Tamil Nadu,Pudukkottai,Pudukottai,Mango(Raw-Ripe),Mango - Raw-Ripe,Local,2026-09-05,9000.0,10000.0,9500.0,9500.0,quintal,9500.0,₹/quintal,True
Tamil Nadu,Pudukkottai,Pudukottai,Mashrooms,Mashrooms,Local,2026-09-05,24000.0,25000.0,24500.0,24500.0,quintal,24500.0,₹/quintal,True
Tamil Nadu,Pudukkottai,Pudukottai,Onion,Bellary,Local,2026-09-05,6000.0,7000.0,6500.0,6500.0,quintal,6500.0,₹/quintal,True
Tamil Nadu,Pudukkottai,Pudukottai,Onion Green,Onion Green,Local,2026-09-05,8000.0,9000.0,8500.0,8500.0,quintal,8500.0,₹/quintal,True
Tamil Nadu,Pudukkottai,Pudukottai,Papaya,Papaya,Local,2026-09-05,4000.0,4500.0,4250.0,4250.0,quintal,4250.0,₹/quintal,True
Tamil Nadu,Pudukkottai,Pudukottai,Pomegranate,Pomogranate,Local,2026-09-05,20000.0,22000.0,21000.0,21000.0,quintal,21000.0,₹/quintal,True
Tamil Nadu,Pudukkottai,Pudukottai,Potato,Other,Local,2026-09-05,6000.0,7000.0,6500.0,6500.0,quintal,6500.0,₹/quintal,True
Tamil Nadu,Pudukkottai,Pudukottai,Pumpkin,Pumpkin,Local,2026-09-05,1000.0,1500.0,1250.0,1250.0,quintal,1250.0,₹/quintal,True
Tamil Nadu,Pudukkottai,Pudukottai,Raddish,Raddish,Local,2026-09-05,3000.0,4000.0,3500.0,3500.0,quintal,3500.0,₹/quintal,True
Tamil Nadu,Pudukkottai,Pudukottai,Ridgeguard(Tori),Ridgeguard(Tori),Local,2026-09-05,5000.0,6000.0,5500.0,5500.0,quintal,5500.0,₹/quintal,True
Tamil Nadu,Pudukkottai,Pudukottai,Snakeguard,Snakeguard,Local,2026-09-05,3000.0,4000.0,3500.0,3500.0,quintal,3500.0,₹/quintal,True
Tamil Nadu,Pudukkottai,Pudukottai,Tamarind Fruit,Tamarind Fruit,Local,2026-09-05,6000.0,7000.0,6500.0,6500.0,quintal,6500.0,₹/quintal,True
Tamil Nadu,Pudukkottai,Pudukottai,Tapioca,Tapioca,Local,2026-09-05,3000.0,4000.0,3500.0,3500.0,quintal,3500.0,₹/quintal,True
Tamil Nadu,Pudukkottai,Pudukottai,Tender Coconut,Tender Coconut,Local,2026-09-05,5000.0,6000.0,5500.0,5500.0,quintal,5500.0,₹/quintal,True
Tamil Nadu,Pudukkottai,Pudukottai,Thondekai,Thondekai,Local,2026-09-05,4000.0,5000.0,4500.0,4500.0,quintal,4500.0,₹/quintal,True
Tamil Nadu,Pudukkottai,Pudukottai,Tomato,Deshi,Local,2026-09-05,2500.0,3000.0,2750.0,2750.0,quintal,2750.0,₹/quintal,True
Tamil Nadu,Pudukkottai,Pudukottai,Yam(Ratalu),Yam (Ratalu),Local,2026-09-05,7000.0,8000.0,7500.0,7500.0,quintal,7500.0,₹/quintal,True
Tamil Nadu,Pudukkottai,Viralimalai,Amaranthus,Amaranthus,Local,2026-09-05,1500.0,2000.0,1750.0,1750.0,quintal,1750.0,₹/quintal,True
Tamil Nadu,Pudukkottai,Viralimalai,Ashgourd,Gouard,Local,2026-09-05,1000.0,1500.0,1250.0,1250.0,quintal,1250.0,₹/quintal,True
Tamil Nadu,Pudukkottai,Viralimalai,Banana,Besrai,Local,2026-09-05,5000.0,8000.0,6500.0,6500.0,quintal,6500.0,₹/quintal,True
Tamil Nadu,Pudukkottai,Viralimalai,Banana - Green,Banana - Green,Local,2026-09-05,2500.0,3000.0,2750.0,2750.0,quintal,2750.0,₹/quintal,True
Tamil Nadu,Pudukkottai,Viralimalai,Bhindi(Ladies Finger),Bhindi,Local,2026-09-05,3000.0,3500.0,3250.0,3250.0,quintal,3250.0,₹/quintal,True
Tamil Nadu,Pudukkottai,Viralimalai,Bitter gourd,Bitter Gourd,Local,2026-09-05,7000.0,8000.0,7500.0,7500.0,quintal,7500.0,₹/quintal,True
Tamil Nadu,Pudukkottai,Viralimalai,Bottle gourd,Bottle Gourd,Local,2026-09-05,2000.0,2500.0,2250.0,2250.0,quintal,2250.0,₹/quintal,True
Tamil Nadu,Pudukkottai,Viralimalai,Brinjal,Round,Local,2026-09-05,5000.0,6000.0,5500.0,5500.0,quintal,5500.0,₹/quintal,True
Tamil Nadu,Pudukkottai,Viralimalai,Cluster beans,Cluster Beans,Local,2026-09-05,3500.0,4000.0,3750.0,3750.0,quintal,3750.0,₹/quintal,True
Tamil Nadu,Pudukkottai,Viralimalai,Coconut,Coconut,Local,2026-09-05,3500.0,4000.0,3750.0,3750.0,quintal,3750.0,₹/quintal,True
Tamil Nadu,Pudukkottai,Viralimalai,Coriander(Leaves),I Sort,Local,2026-09-05,4500.0,5000.0,4750.0,4750.0,quintal,4750.0,₹/quintal,True
Tamil Nadu,Pudukkottai,Viralimalai,Drumstick,Drumstick,Local,2026-09-05,5000.0,6000.0,5500.0,5500.0,quintal,5500.0,₹/quintal,True
Tamil Nadu,Pudukkottai,Viralimalai,Green Avare(W),Green Avare (W),Local,2026-09-05,5000.0,6000.0,5500.0,5500.0,quintal,5500.0,₹/quintal,True
Tamil Nadu,Pudukkottai,Viralimalai,Green Chilli,Green Chilly,Local,2026-09-05,5500.0,6500.0,6000.0,6000.0,quintal,6000.0,₹/quintal,True
Tamil Nadu,Pudukkottai,Viralimalai,Guava,Guava Allahabad,Local,2026-09-05,7000.0,8000.0,7500.0,7500.0,quintal,7500.0,₹/quintal,True
Tamil Nadu,Pudukkottai,Viralimalai,Lemon,Lemon,Local,2026-09-05,11500.0,13000.0,12250.0,12250.0,quintal,12250.0,₹/quintal,True
Tamil Nadu,Pudukkottai,Viralimalai,Mint(Pudina),Mint(Pudina),Local,2026-09-05,4500.0,5000.0,4750.0,4750.0,quintal,4750.0,₹/quintal,True
Tamil Nadu,Pudukkottai,Viralimalai,Onion,Bellary,Local,2026-09-05,6000.0,7000.0,6500.0,6500.0,quintal,6500.0,₹/quintal,True
Tamil Nadu,Pudukkottai,Viralimalai,Onion Green,Onion Green,Local,2026-09-05,7000.0,8000.0,7500.0,7500.0,quintal,7500.0,₹/quintal,True
Tamil Nadu,Pudukkottai,Viralimalai,Papaya,Papaya,Local,2026-09-05,2500.0,3000.0,2750.0,2750.0,quintal,2750.0,₹/quintal,True
Tamil Nadu,Pudukkottai,Viralimalai,Pumpkin,Pumpkin,Local,2026-09-05,1000.0,1500.0,1250.0,1250.0,quintal,1250.0,₹/quintal,True
Tamil Nadu,Pudukkottai,Viralimalai,Raddish,Raddish,Local,2026-09-05,3500.0,4000.0,3750.0,3750.0,quintal,3750.0,₹/quintal,True
Tamil Nadu,Pudukkottai,Viralimalai,Ridgeguard(Tori),Ridgeguard(Tori),Local,2026-09-05,5500.0,6000.0,5750.0,5750.0,quintal,5750.0,₹/quintal,True
Tamil Nadu,Pudukkottai,Viralimalai,Snakeguard,Snakeguard,Local,2026-09-05,3500.0,4000.0,3750.0,3750.0,quintal,3750.0,₹/quintal,True
Tamil Nadu,Ramanathapuram,Kamuthi,Bhindi(Ladies Finger),Bhindi,Local,2026-09-05,5500.0,6000.0,5750.0,5750.0,quintal,5750.0,₹/quintal,True
Tamil Nadu,Ramanathapuram,Kamuthi,Brinjal,Round,Local,2026-09-05,6000.0,6500.0,6250.0,6250.0,quintal,6250.0,₹/quintal,True
Tamil Nadu,Ramanathapuram,Kamuthi,Cluster beans,Cluster Beans,Local,2026-09-05,4000.0,4500.0,4250.0,4250.0,quintal,4250.0,₹/quintal,True
Tamil Nadu,Ramanathapuram,Kamuthi,Coriander(Leaves),I Sort,Local,2026-09-05,7000.0,7500.0,7250.0,7250.0,quintal,7250.0,₹/quintal,True
Tamil Nadu,Ramanathapuram,Kamuthi,Tomato,Deshi,Local,2026-09-05,2500.0,3000.0,2750.0,2750.0,quintal,2750.0,₹/quintal,True
Tamil Nadu,Ramanathapuram,Paramakudi,Amaranthus,Amaranthus,Local,2026-09-05,3800.0,4000.0,3900.0,3900.0,quintal,3900.0,₹/quintal,True
Tamil Nadu,Ramanathapuram,Paramakudi,Ashgourd,Gouard,Local,2026-09-05,2800.0,3000.0,2900.0,2900.0,quintal,2900.0,₹/quintal,True
Tamil Nadu,Ramanathapuram,Paramakudi,Banana,Besrai,Local,2026-09-05,4500.0,5000.0,4750.0,4750.0,quintal,4750.0,₹/quintal,True
Tamil Nadu,Ramanathapuram,Paramakudi,Banana - Green,Banana - Green,Local,2026-09-05,3000.0,3500.0,3250.0,3250.0,quintal,3250.0,₹/quintal,True
Tamil Nadu,Ramanathapuram,Paramakudi,Beans,Beans (Whole),Local,2026-09-05,8000.0,9000.0,8500.0,8500.0,quintal,8500.0,₹/quintal,True
Tamil Nadu,Ramanathapuram,Paramakudi,Beetroot,Beetroot,Local,2026-09-05,4800.0,5000.0,4900.0,4900.0,quintal,4900.0,₹/quintal,True
Tamil Nadu,Ramanathapuram,Paramakudi,Bhindi(Ladies Finger),Bhindi,Local,2026-09-05,5000.0,6000.0,5500.0,5500.0,quintal,5500.0,₹/quintal,True
Tamil Nadu,Ramanathapuram,Paramakudi,Bitter gourd,Bitter Gourd,Local,2026-09-05,5800.0,6000.0,5900.0,5900.0,quintal,5900.0,₹/quintal,True
Tamil Nadu,Ramanathapuram,Paramakudi,Bottle gourd,Bottle Gourd,Local,2026-09-05,2000.0,2200.0,2100.0,2100.0,quintal,2100.0,₹/quintal,True
Tamil Nadu,Ramanathapuram,Paramakudi,Brinjal,Round,Local,2026-09-05,5800.0,6000.0,5900.0,5900.0,quintal,5900.0,₹/quintal,True
Tamil Nadu,Ramanathapuram,Paramakudi,Cabbage,Cabbage,Local,2026-09-05,4500.0,5000.0,4750.0,4750.0,quintal,4750.0,₹/quintal,True
Tamil Nadu,Ramanathapuram,Paramakudi,Carrot,Pusakesar,Local,2026-09-05,7000.0,8000.0,7500.0,7500.0,quintal,7500.0,₹/quintal,True
Tamil Nadu,Ramanathapuram,Paramakudi,Cauliflower,Ranchi,Local,2026-09-05,5000.0,5500.0,5250.0,5250.0,quintal,5250.0,₹/quintal,True
Tamil Nadu,Ramanathapuram,Paramakudi,Chow Chow,Chow Chow,Local,2026-09-05,4500.0,4800.0,4650.0,4650.0,quintal,4650.0,₹/quintal,True
Tamil Nadu,Ramanathapuram,Paramakudi,Cluster beans,Cluster Beans,Local,2026-09-05,3800.0,4000.0,3900.0,3900.0,quintal,3900.0,₹/quintal,True
Tamil Nadu,Ramanathapuram,Paramakudi,Coconut,Coconut,Local,2026-09-05,6800.0,7000.0,6900.0,6900.0,quintal,6900.0,₹/quintal,True
Tamil Nadu,Ramanathapuram,Paramakudi,Colacasia,Colacasia,Local,2026-09-05,6500.0,7000.0,6750.0,6750.0,quintal,6750.0,₹/quintal,True
Tamil Nadu,Ramanathapuram,Paramakudi,Coriander(Leaves),I Sort,Local,2026-09-05,6000.0,7000.0,6500.0,6500.0,quintal,6500.0,₹/quintal,True
Tamil Nadu,Ramanathapuram,Paramakudi,Drumstick,Drumstick,Local,2026-09-05,5500.0,6000.0,5750.0,5750.0,quintal,5750.0,₹/quintal,True
Tamil Nadu,Ramanathapuram,Paramakudi,Elephant Yam(Suran)/Amorphophallus,Elephant Yam (Suran),Local,2026-09-05,6500.0,7000.0,6750.0,6750.0,quintal,6750.0,₹/quintal,True
Tamil Nadu,Ramanathapuram,Paramakudi,Ginger(Green),Green Ginger,Local,2026-09-05,16000.0,17000.0,16500.0,16500.0,quintal,16500.0,₹/quintal,True
Tamil Nadu,Ramanathapuram,Paramakudi,Green Avare(W),Green Avare (W),Local,2026-09-05,7500.0,8000.0,7750.0,7750.0,quintal,7750.0,₹/quintal,True
Tamil Nadu,Ramanathapuram,Paramakudi,Green Chilli,Green Chilly,Local,2026-09-05,6000.0,7000.0,6500.0,6500.0,quintal,6500.0,₹/quintal,True
Tamil Nadu,Ramanathapuram,Paramakudi,Jasmine,Jasmine,Local,2026-09-05,60000.0,70000.0,65000.0,65000.0,quintal,65000.0,₹/quintal,True
Tamil Nadu,Ramanathapuram,Paramakudi,Kakada,Kakada,Local,2026-09-05,48000.0,50000.0,49000.0,49000.0,quintal,49000.0,₹/quintal,True
Tamil Nadu,Ramanathapuram,Paramakudi,Knool Khol,Knool Khol,Local,2026-09-05,5000.0,5500.0,5250.0,5250.0,quintal,5250.0,₹/quintal,True
Tamil Nadu,Ramanathapuram,Paramakudi,Lime,Lime,Local,2026-09-05,11000.0,12000.0,11500.0,11500.0,quintal,11500.0,₹/quintal,True
Tamil Nadu,Ramanathapuram,Paramakudi,Marigold(Calcutta),Marigold(Calcutta),Local,2026-09-05,8000.0,9000.0,8500.0,8500.0,quintal,8500.0,₹/quintal,True
Tamil Nadu,Ramanathapuram,Paramakudi,Mint(Pudina),Mint(Pudina),Local,2026-09-05,6800.0,7000.0,6900.0,6900.0,quintal,6900.0,₹/quintal,True
Tamil Nadu,Ramanathapuram,Paramakudi,Onion,Bellary,Local,2026-09-05,5400.0,6000.0,5700.0,5700.0,quintal,5700.0,₹/quintal,True
Tamil Nadu,Ramanathapuram,Paramakudi,Onion Green,Onion Green,Local,2026-09-05,8000.0,9000.0,8500.0,8500.0,quintal,8500.0,₹/quintal,True
Tamil Nadu,Ramanathapuram,Paramakudi,Potato,Red Nanital,Local,2026-09-05,4800.0,5000.0,4900.0,4900.0,quintal,4900.0,₹/quintal,True
Tamil Nadu,Ramanathapuram,Paramakudi,Pumpkin,Pumpkin,Local,2026-09-05,2200.0,2500.0,2350.0,2350.0,quintal,2350.0,₹/quintal,True
Tamil Nadu,Ramanathapuram,Paramakudi,Raddish,Raddish,Local,2026-09-05,4500.0,4800.0,4650.0,4650.0,quintal,4650.0,₹/quintal,True
Tamil Nadu,Ramanathapuram,Paramakudi,Ridgeguard(Tori),Ridgeguard(Tori),Local,2026-09-05,5800.0,6000.0,5900.0,5900.0,quintal,5900.0,₹/quintal,True
Tamil Nadu,Ramanathapuram,Paramakudi,Snakeguard,Snakeguard,Local,2026-09-05,4800.0,5000.0,4900.0,4900.0,quintal,4900.0,₹/quintal,True
Tamil Nadu,Ramanathapuram,Paramakudi,Tomato,Deshi,Local,2026-09-05,2500.0,3000.0,2750.0,2750.0,quintal,2750.0,₹/quintal,True
Tamil Nadu,Ramanathapuram,Paramakudi,Tube Flower,Tube Flower,Local,2026-09-05,60000.0,70000.0,65000.0,65000.0,quintal,65000.0,₹/quintal,True
Tamil Nadu,Ramanathapuram,Paramakudi,Yam(Ratalu),Yam (Ratalu),Local,2026-09-05,6500.0,7000.0,6750.0,6750.0,quintal,6750.0,₹/quintal,True
Tamil Nadu,Ramanathapuram,Ramanathapuram,Amaranthus,Amaranthus,Local,2026-09-05,3500.0,4000.0,3750.0,3750.0,quintal,3750.0,₹/quintal,True
Tamil Nadu,Ramanathapuram,Ramanathapuram,Ashgourd,Gouard,Local,2026-09-05,2800.0,3000.0,2900.0,2900.0,quintal,2900.0,₹/quintal,True
Tamil Nadu,Ramanathapuram,Ramanathapuram,Banana,Besrai,Local,2026-09-05,5000.0,5500.0,5250.0,5250.0,quintal,5250.0,₹/quintal,True
Tamil Nadu,Ramanathapuram,Ramanathapuram,Banana - Green,Banana - Green,Local,2026-09-05,3500.0,4000.0,3750.0,3750.0,quintal,3750.0,₹/quintal,True
Tamil Nadu,Ramanathapuram,Ramanathapuram,Beans,Beans (Whole),Local,2026-09-05,9000.0,9500.0,9250.0,9250.0,quintal,9250.0,₹/quintal,True
Tamil Nadu,Ramanathapuram,Ramanathapuram,Beetroot,Beetroot,Local,2026-09-05,5000.0,5500.0,5250.0,5250.0,quintal,5250.0,₹/quintal,True
Tamil Nadu,Ramanathapuram,Ramanathapuram,Bhindi(Ladies Finger),Bhindi,Local,2026-09-05,6000.0,6500.0,6250.0,6250.0,quintal,6250.0,₹/quintal,True
Tamil Nadu,Ramanathapuram,Ramanathapuram,Bitter gourd,Bitter Gourd,Local,2026-09-05,5500.0,6000.0,5750.0,5750.0,quintal,5750.0,₹/quintal,True
Tamil Nadu,Ramanathapuram,Ramanathapuram,Bottle gourd,Bottle Gourd,Local,2026-09-05,2800.0,3000.0,2900.0,2900.0,quintal,2900.0,₹/quintal,True
Tamil Nadu,Ramanathapuram,Ramanathapuram,Brinjal,Round,Local,2026-09-05,7000.0,7500.0,7250.0,7250.0,quintal,7250.0,₹/quintal,True
Tamil Nadu,Ramanathapuram,Ramanathapuram,Cabbage,Cabbage,Local,2026-09-05,4200.0,4500.0,4350.0,4350.0,quintal,4350.0,₹/quintal,True
Tamil Nadu,Ramanathapuram,Ramanathapuram,Carrot,Pusakesar,Local,2026-09-05,7500.0,8000.0,7750.0,7750.0,quintal,7750.0,₹/quintal,True
Tamil Nadu,Ramanathapuram,Ramanathapuram,Cauliflower,Ranchi,Local,2026-09-05,5500.0,6000.0,5750.0,5750.0,quintal,5750.0,₹/quintal,True
Tamil Nadu,Ramanathapuram,Ramanathapuram,Chow Chow,Chow Chow,Local,2026-09-05,4500.0,5000.0,4750.0,4750.0,quintal,4750.0,₹/quintal,True
Tamil Nadu,Ramanathapuram,Ramanathapuram,Cluster beans,Cluster Beans,Local,2026-09-05,4000.0,4500.0,4250.0,4250.0,quintal,4250.0,₹/quintal,True
Tamil Nadu,Ramanathapuram,Ramanathapuram,Coconut,Coconut,Local,2026-09-05,7000.0,7200.0,7100.0,7100.0,quintal,7100.0,₹/quintal,True
Tamil Nadu,Ramanathapuram,Ramanathapuram,Colacasia,Colacasia,Local,2026-09-05,7000.0,7500.0,7250.0,7250.0,quintal,7250.0,₹/quintal,True
Tamil Nadu,Ramanathapuram,Ramanathapuram,Coriander(Leaves),I Sort,Local,2026-09-05,6500.0,7000.0,6750.0,6750.0,quintal,6750.0,₹/quintal,True
Tamil Nadu,Ramanathapuram,Ramanathapuram,Drumstick,Drumstick,Local,2026-09-05,6000.0,6500.0,6250.0,6250.0,quintal,6250.0,₹/quintal,True
Tamil Nadu,Ramanathapuram,Ramanathapuram,Elephant Yam(Suran)/Amorphophallus,Elephant Yam (Suran),Local,2026-09-05,7000.0,7500.0,7250.0,7250.0,quintal,7250.0,₹/quintal,True
Tamil Nadu,Ramanathapuram,Ramanathapuram,Ginger(Green),Green Ginger,Local,2026-09-05,17000.0,17500.0,17250.0,17250.0,quintal,17250.0,₹/quintal,True
Tamil Nadu,Ramanathapuram,Ramanathapuram,Green Avare(W),Green Avare (W),Local,2026-09-05,8000.0,8500.0,8250.0,8250.0,quintal,8250.0,₹/quintal,True
Tamil Nadu,Ramanathapuram,Ramanathapuram,Green Chilli,Green Chilly,Local,2026-09-05,6000.0,6500.0,6250.0,6250.0,quintal,6250.0,₹/quintal,True
Tamil Nadu,Ramanathapuram,Ramanathapuram,Jasmine,Jasmine,Local,2026-09-05,80000.0,85000.0,82500.0,82500.0,quintal,82500.0,₹/quintal,True
Tamil Nadu,Ramanathapuram,Ramanathapuram,Knool Khol,Knool Khol,Local,2026-09-05,5500.0,6000.0,5750.0,5750.0,quintal,5750.0,₹/quintal,True
Tamil Nadu,Ramanathapuram,Ramanathapuram,Lemon,Lemon,Local,2026-09-05,9500.0,10000.0,9750.0,9750.0,quintal,9750.0,₹/quintal,True
Tamil Nadu,Ramanathapuram,Ramanathapuram,Lime,Lime,Local,2026-09-05,13000.0,14000.0,13500.0,13500.0,quintal,13500.0,₹/quintal,True
Tamil Nadu,Ramanathapuram,Ramanathapuram,Mango(Raw-Ripe),Mango - Raw-Ripe,Local,2026-09-05,5000.0,5200.0,5100.0,5100.0,quintal,5100.0,₹/quintal,True
Tamil Nadu,Ramanathapuram,Ramanathapuram,Marigold(Calcutta),Marigold(Calcutta),Local,2026-09-05,10000.0,10500.0,10250.0,10250.0,quintal,10250.0,₹/quintal,True
Tamil Nadu,Ramanathapuram,Ramanathapuram,Mint(Pudina),Mint(Pudina),Local,2026-09-05,7000.0,7500.0,7250.0,7250.0,quintal,7250.0,₹/quintal,True
Tamil Nadu,Ramanathapuram,Ramanathapuram,Onion,Bellary,Local,2026-09-05,6000.0,6500.0,6250.0,6250.0,quintal,6250.0,₹/quintal,True
Tamil Nadu,Ramanathapuram,Ramanathapuram,Onion Green,Onion Green,Local,2026-09-05,9000.0,9500.0,9250.0,9250.0,quintal,9250.0,₹/quintal,True
Tamil Nadu,Ramanathapuram,Ramanathapuram,Potato,Red Nanital,Local,2026-09-05,5200.0,5500.0,5350.0,5350.0,quintal,5350.0,₹/quintal,True
Tamil Nadu,Ramanathapuram,Ramanathapuram,Pumpkin,Pumpkin,Local,2026-09-05,2400.0,2600.0,2500.0,2500.0,quintal,2500.0,₹/quintal,True
Tamil Nadu,Ramanathapuram,Ramanathapuram,Raddish,Raddish,Local,2026-09-05,4200.0,4500.0,4350.0,4350.0,quintal,4350.0,₹/quintal,True
Tamil Nadu,Ramanathapuram,Ramanathapuram,Ridgeguard(Tori),Ridgeguard(Tori),Local,2026-09-05,6000.0,6500.0,6250.0,6250.0,quintal,6250.0,₹/quintal,True
Tamil Nadu,Ramanathapuram,Ramanathapuram,Snakeguard,Snakeguard,Local,2026-09-05,7500.0,8000.0,7750.0,7750.0,quintal,7750.0,₹/quintal,True
Tamil Nadu,Ramanathapuram,Ramanathapuram,Soyabean,Local,Local,2026-09-05,9000.0,9500.0,9250.0,9250.0,quintal,9250.0,₹/quintal,True
Tamil Nadu,Ramanathapuram,Ramanathapuram,Tender Coconut,Tender Coconut,Local,2026-09-05,6000.0,6500.0,6250.0,6250.0,quintal,6250.0,₹/quintal,True
Tamil Nadu,Ramanathapuram,Ramanathapuram,Tomato,Deshi,Local,2026-09-05,3000.0,3500.0,3250.0,3250.0,quintal,3250.0,₹/quintal,True
Tamil Nadu,Ramanathapuram,Ramanathapuram,Tube Flower,Tube Flower,Local,2026-09-05,80000.0,85000.0,82500.0,82500.0,quintal,82500.0,₹/quintal,True
Tamil Nadu,Ramanathapuram,Ramanathapuram,Yam(Ratalu),Yam (Ratalu),Local,2026-09-05,7200.0,7500.0,7350.0,7350.0,quintal,7350.0,₹/quintal,True
Tamil Nadu,Ranipet,Arcot,Amaranthus,Amaranthus,Local,2026-09-05,2500.0,3000.0,2750.0,2750.0,quintal,2750.0,₹/quintal,True
Tamil Nadu,Ranipet,Arcot,Amla(Nelli Kai),Amla,Local,2026-09-05,12000.0,12000.0,12000.0,12000.0,quintal,12000.0,₹/quintal,True
Tamil Nadu,Ranipet,Arcot,Ashgourd,Gouard,Local,2026-09-05,3000.0,3000.0,3000.0,3000.0,quintal,3000.0,₹/quintal,True
Tamil Nadu,Ranipet,Arcot,Banana,Other,Local,2026-09-05,6000.0,6000.0,6000.0,6000.0,quintal,6000.0,₹/quintal,True
Tamil Nadu,Ranipet,Arcot,Banana - Green,Banana - Green,Local,2026-09-05,4000.0,5000.0,4500.0,4500.0,quintal,4500.0,₹/quintal,True
Tamil Nadu,Ranipet,Arcot,Beans,Beans (Whole),Local,2026-09-05,8000.0,8000.0,8000.0,8000.0,quintal,8000.0,₹/quintal,True
Tamil Nadu,Ranipet,Arcot,Beetroot,Beetroot,Local,2026-09-05,5000.0,5000.0,5000.0,5000.0,quintal,5000.0,₹/quintal,True
Tamil Nadu,Ranipet,Arcot,Bhindi(Ladies Finger),Bhindi,Local,2026-09-05,2400.0,2400.0,2400.0,2400.0,quintal,2400.0,₹/quintal,True
Tamil Nadu,Ranipet,Arcot,Bitter gourd,Bitter Gourd,Local,2026-09-05,4000.0,4000.0,4000.0,4000.0,quintal,4000.0,₹/quintal,True
Tamil Nadu,Ranipet,Arcot,Bottle gourd,Bottle Gourd,Local,2026-09-05,2000.0,2000.0,2000.0,2000.0,quintal,2000.0,₹/quintal,True
Tamil Nadu,Ranipet,Arcot,Brinjal,Other,Local,2026-09-05,4800.0,4800.0,4800.0,4800.0,quintal,4800.0,₹/quintal,True
Tamil Nadu,Ranipet,Arcot,Cabbage,Cabbage,Local,2026-09-05,3000.0,3000.0,3000.0,3000.0,quintal,3000.0,₹/quintal,True
Tamil Nadu,Ranipet,Arcot,Capsicum,Capsicum,Local,2026-09-05,6000.0,6000.0,6000.0,6000.0,quintal,6000.0,₹/quintal,True
Tamil Nadu,Ranipet,Arcot,Carrot,Pusakesar,Local,2026-09-05,6000.0,6000.0,6000.0,6000.0,quintal,6000.0,₹/quintal,True
Tamil Nadu,Ranipet,Arcot,Cauliflower,Ranchi,Local,2026-09-05,3000.0,4000.0,3500.0,3500.0,quintal,3500.0,₹/quintal,True
Tamil Nadu,Ranipet,Arcot,Chow Chow,Chow Chow,Local,2026-09-05,4000.0,4000.0,4000.0,4000.0,quintal,4000.0,₹/quintal,True
Tamil Nadu,Ranipet,Arcot,Cluster beans,Cluster Beans,Local,2026-09-05,2400.0,2400.0,2400.0,2400.0,quintal,2400.0,₹/quintal,True
Tamil Nadu,Ranipet,Arcot,Coconut,Coconut,Local,2026-09-05,4000.0,5000.0,4500.0,4500.0,quintal,4500.0,₹/quintal,True
Tamil Nadu,Ranipet,Arcot,Colacasia,Colacasia,Local,2026-09-05,4000.0,4000.0,4000.0,4000.0,quintal,4000.0,₹/quintal,True
Tamil Nadu,Ranipet,Arcot,Coriander(Leaves),I Sort,Local,2026-09-05,2000.0,2000.0,2000.0,2000.0,quintal,2000.0,₹/quintal,True
Tamil Nadu,Ranipet,Arcot,Cucumbar(Kheera),Cucumbar,Local,2026-09-05,4000.0,4000.0,4000.0,4000.0,quintal,4000.0,₹/quintal,True
Tamil Nadu,Ranipet,Arcot,Drumstick,Drumstick,Local,2026-09-05,4400.0,4400.0,4400.0,4400.0,quintal,4400.0,₹/quintal,True
Tamil Nadu,Ranipet,Arcot,Elephant Yam(Suran)/Amorphophallus,Elephant Yam (Suran),Local,2026-09-05,6000.0,6000.0,6000.0,6000.0,quintal,6000.0,₹/quintal,True
Tamil Nadu,Ranipet,Arcot,Garlic,Garlic,Local,2026-09-05,20000.0,20000.0,20000.0,20000.0,quintal,20000.0,₹/quintal,True
Tamil Nadu,Ranipet,Arcot,Ginger(Green),Green Ginger,Local,2026-09-05,16000.0,16000.0,16000.0,16000.0,quintal,16000.0,₹/quintal,True
Tamil Nadu,Ranipet,Arcot,Green Avare(W),Green Avare (W),Local,2026-09-05,6000.0,6000.0,6000.0,6000.0,quintal,6000.0,₹/quintal,True
Tamil Nadu,Ranipet,Arcot,Green Chilli,Green Chilly,Local,2026-09-05,6000.0,6000.0,6000.0,6000.0,quintal,6000.0,₹/quintal,True
Tamil Nadu,Ranipet,Arcot,Groundnut,Big (With Shell),Local,2026-09-05,6000.0,6000.0,6000.0,6000.0,quintal,6000.0,₹/quintal,True
Tamil Nadu,Ranipet,Arcot,Guava,Guava Allahabad,Local,2026-09-05,6000.0,6000.0,6000.0,6000.0,quintal,6000.0,₹/quintal,True
Tamil Nadu,Ranipet,Arcot,Indian Beans(Seam),Indian Beans (Seam),Local,2026-09-05,6000.0,6000.0,6000.0,6000.0,quintal,6000.0,₹/quintal,True
Tamil Nadu,Ranipet,Arcot,Knool Khol,Knool Khol,Local,2026-09-05,4000.0,4000.0,4000.0,4000.0,quintal,4000.0,₹/quintal,True
Tamil Nadu,Ranipet,Arcot,Lemon,Lemon,Local,2026-09-05,16000.0,16000.0,16000.0,16000.0,quintal,16000.0,₹/quintal,True
Tamil Nadu,Ranipet,Arcot,Mint(Pudina),Mint(Pudina),Local,2026-09-05,3000.0,3000.0,3000.0,3000.0,quintal,3000.0,₹/quintal,True
Tamil Nadu,Ranipet,Arcot,Onion,Bellary,Local,2026-09-05,5000.0,5600.0,5300.0,5300.0,quintal,5300.0,₹/quintal,True
Tamil Nadu,Ranipet,Arcot,Onion Green,Onion Green,Local,2026-09-05,8000.0,8000.0,8000.0,8000.0,quintal,8000.0,₹/quintal,True
Tamil Nadu,Ranipet,Arcot,Papaya,Papaya,Local,2026-09-05,5000.0,5000.0,5000.0,5000.0,quintal,5000.0,₹/quintal,True
Tamil Nadu,Ranipet,Arcot,Potato,Red Nanital,Local,2026-09-05,3000.0,3000.0,3000.0,3000.0,quintal,3000.0,₹/quintal,True
Tamil Nadu,Ranipet,Arcot,Pumpkin,Pumpkin,Local,2026-09-05,3000.0,3000.0,3000.0,3000.0,quintal,3000.0,₹/quintal,True
Tamil Nadu,Ranipet,Arcot,Raddish,Raddish,Local,2026-09-05,2400.0,2400.0,2400.0,2400.0,quintal,2400.0,₹/quintal,True
Tamil Nadu,Ranipet,Arcot,Ridgeguard(Tori),Ridgeguard(Tori),Local,2026-09-05,6000.0,6000.0,6000.0,6000.0,quintal,6000.0,₹/quintal,True
Tamil Nadu,Ranipet,Arcot,Snakeguard,Snakeguard,Local,2026-09-05,2400.0,2400.0,2400.0,2400.0,quintal,2400.0,₹/quintal,True
Tamil Nadu,Ranipet,Arcot,Sweet Corn ,Sweet Corn ,Local,2026-09-05,4000.0,4000.0,4000.0,4000.0,quintal,4000.0,₹/quintal,True
Tamil Nadu,Ranipet,Arcot,Tapioca,Tapioca,Local,2026-09-05,3000.0,3000.0,3000.0,3000.0,quintal,3000.0,₹/quintal,True
Tamil Nadu,Ranipet,Arcot,Tender Coconut,Tender Coconut,Local,2026-09-05,2500.0,3000.0,2750.0,2750.0,quintal,2750.0,₹/quintal,True
Tamil Nadu,Ranipet,Arcot,Thondekai,Thondekai,Local,2026-09-05,4000.0,4000.0,4000.0,4000.0,quintal,4000.0,₹/quintal,True
Tamil Nadu,Ranipet,Arcot,Tomato,Deshi,Local,2026-09-05,2400.0,2400.0,2400.0,2400.0,quintal,2400.0,₹/quintal,True
Tamil Nadu,Ranipet,Ranipettai,Amaranthus,Amaranthus,Local,2026-09-05,3000.0,3000.0,3000.0,3000.0,quintal,3000.0,₹/quintal,True
Tamil Nadu,Ranipet,Ranipettai,Amla(Nelli Kai),Amla,Local,2026-09-05,12000.0,12000.0,12000.0,12000.0,quintal,12000.0,₹/quintal,True
Tamil Nadu,Ranipet,Ranipettai,Ashgourd,Gouard,Local,2026-09-05,3000.0,3000.0,3000.0,3000.0,quintal,3000.0,₹/quintal,True
Tamil Nadu,Ranipet,Ranipettai,Banana,Red Banana,Local,2026-09-05,10000.0,10000.0,10000.0,10000.0,quintal,10000.0,₹/quintal,True
Tamil Nadu,Ranipet,Ranipettai,Banana - Green,Banana - Green,Local,2026-09-05,4000.0,5000.0,4500.0,4500.0,quintal,4500.0,₹/quintal,True
Tamil Nadu,Ranipet,Ranipettai,Beans,Beans (Whole),Local,2026-09-05,7000.0,8000.0,7500.0,7500.0,quintal,7500.0,₹/quintal,True
Tamil Nadu,Ranipet,Ranipettai,Beetroot,Beetroot,Local,2026-09-05,4000.0,4500.0,4250.0,4250.0,quintal,4250.0,₹/quintal,True
Tamil Nadu,Ranipet,Ranipettai,Bhindi(Ladies Finger),Bhindi,Local,2026-09-05,2400.0,2400.0,2400.0,2400.0,quintal,2400.0,₹/quintal,True
Tamil Nadu,Ranipet,Ranipettai,Bitter gourd,Other,Local,2026-09-05,3600.0,3600.0,3600.0,3600.0,quintal,3600.0,₹/quintal,True
Tamil Nadu,Ranipet,Ranipettai,Bottle gourd,Bottle Gourd,Local,2026-09-05,2000.0,2000.0,2000.0,2000.0,quintal,2000.0,₹/quintal,True
Tamil Nadu,Ranipet,Ranipettai,Brinjal,Other,Local,2026-09-05,3000.0,3600.0,3300.0,3300.0,quintal,3300.0,₹/quintal,True
Tamil Nadu,Ranipet,Ranipettai,Cabbage,Cabbage,Local,2026-09-05,2500.0,2500.0,2500.0,2500.0,quintal,2500.0,₹/quintal,True
Tamil Nadu,Ranipet,Ranipettai,Capsicum,Capsicum,Local,2026-09-05,5000.0,5000.0,5000.0,5000.0,quintal,5000.0,₹/quintal,True
Tamil Nadu,Ranipet,Ranipettai,Carrot,Pusakesar,Local,2026-09-05,5000.0,5500.0,5250.0,5250.0,quintal,5250.0,₹/quintal,True
Tamil Nadu,Ranipet,Ranipettai,Cauliflower,Ranchi,Local,2026-09-05,3000.0,3000.0,3000.0,3000.0,quintal,3000.0,₹/quintal,True
Tamil Nadu,Ranipet,Ranipettai,Chow Chow,Chow Chow,Local,2026-09-05,4000.0,4000.0,4000.0,4000.0,quintal,4000.0,₹/quintal,True
Tamil Nadu,Ranipet,Ranipettai,Cluster beans,Cluster Beans,Local,2026-09-05,2400.0,2400.0,2400.0,2400.0,quintal,2400.0,₹/quintal,True
Tamil Nadu,Ranipet,Ranipettai,Coconut,Coconut,Local,2026-09-05,4000.0,5000.0,4500.0,4500.0,quintal,4500.0,₹/quintal,True
Tamil Nadu,Ranipet,Ranipettai,Colacasia,Colacasia,Local,2026-09-05,3600.0,4500.0,4050.0,4050.0,quintal,4050.0,₹/quintal,True
Tamil Nadu,Ranipet,Ranipettai,Coriander(Leaves),I Sort,Local,2026-09-05,2000.0,2000.0,2000.0,2000.0,quintal,2000.0,₹/quintal,True
Tamil Nadu,Ranipet,Ranipettai,Cowpea(Veg),Cowpea (Veg),Local,2026-09-05,4000.0,5000.0,4500.0,4500.0,quintal,4500.0,₹/quintal,True
Tamil Nadu,Ranipet,Ranipettai,Cucumbar(Kheera),Cucumbar,Local,2026-09-05,4000.0,4000.0,4000.0,4000.0,quintal,4000.0,₹/quintal,True
Tamil Nadu,Ranipet,Ranipettai,Custard Apple(Sharifa),Custard Apple(Sharifa),Local,2026-09-05,8000.0,8000.0,8000.0,8000.0,quintal,8000.0,₹/quintal,True
Tamil Nadu,Ranipet,Ranipettai,Drumstick,Drumstick,Local,2026-09-05,4000.0,4800.0,4400.0,4400.0,quintal,4400.0,₹/quintal,True
Tamil Nadu,Ranipet,Ranipettai,Elephant Yam(Suran)/Amorphophallus,Elephant Yam (Suran),Local,2026-09-05,6000.0,6000.0,6000.0,6000.0,quintal,6000.0,₹/quintal,True
Tamil Nadu,Ranipet,Ranipettai,Garlic,Garlic,Local,2026-09-05,20000.0,24000.0,22000.0,22000.0,quintal,22000.0,₹/quintal,True
Tamil Nadu,Ranipet,Ranipettai,Green Avare(W),Other,Local,2026-09-05,5000.0,5000.0,5000.0,5000.0,quintal,5000.0,₹/quintal,True
Tamil Nadu,Ranipet,Ranipettai,Green Chilli,Green Chilly,Local,2026-09-05,5000.0,6000.0,5500.0,5500.0,quintal,5500.0,₹/quintal,True
Tamil Nadu,Ranipet,Ranipettai,Groundnut,Big (With Shell),Local,2026-09-05,6000.0,6000.0,6000.0,6000.0,quintal,6000.0,₹/quintal,True
Tamil Nadu,Ranipet,Ranipettai,Guava,Guava Allahabad,Local,2026-09-05,6000.0,8000.0,7000.0,7000.0,quintal,7000.0,₹/quintal,True
Tamil Nadu,Ranipet,Ranipettai,Indian Beans(Seam),Indian Beans (Seam),Local,2026-09-05,5600.0,5600.0,5600.0,5600.0,quintal,5600.0,₹/quintal,True
Tamil Nadu,Ranipet,Ranipettai,Jasmine,Jasmine,Local,2026-09-05,72000.0,72000.0,72000.0,72000.0,quintal,72000.0,₹/quintal,True
Tamil Nadu,Ranipet,Ranipettai,Knool Khol,Knool Khol,Local,2026-09-05,3500.0,3500.0,3500.0,3500.0,quintal,3500.0,₹/quintal,True
Tamil Nadu,Ranipet,Ranipettai,Lemon,Lemon,Local,2026-09-05,14000.0,20000.0,17000.0,17000.0,quintal,17000.0,₹/quintal,True
Tamil Nadu,Ranipet,Ranipettai,Mango(Raw-Ripe),Mango - Raw-Ripe,Local,2026-09-05,8000.0,8000.0,8000.0,8000.0,quintal,8000.0,₹/quintal,True
Tamil Nadu,Ranipet,Ranipettai,Marigold(Calcutta),Marigold(Calcutta),Local,2026-09-05,24000.0,24000.0,24000.0,24000.0,quintal,24000.0,₹/quintal,True
Tamil Nadu,Ranipet,Ranipettai,Mint(Pudina),Mint(Pudina),Local,2026-09-05,3000.0,3000.0,3000.0,3000.0,quintal,3000.0,₹/quintal,True
Tamil Nadu,Ranipet,Ranipettai,Onion,Bellary,Local,2026-09-05,5000.0,5500.0,5250.0,5250.0,quintal,5250.0,₹/quintal,True
Tamil Nadu,Ranipet,Ranipettai,Onion Green,Onion Green,Local,2026-09-05,8800.0,9000.0,8900.0,8900.0,quintal,8900.0,₹/quintal,True
Tamil Nadu,Ranipet,Ranipettai,Papaya,Papaya,Local,2026-09-05,5000.0,5000.0,5000.0,5000.0,quintal,5000.0,₹/quintal,True
Tamil Nadu,Ranipet,Ranipettai,Potato,Other,Local,2026-09-05,3000.0,3000.0,3000.0,3000.0,quintal,3000.0,₹/quintal,True
Tamil Nadu,Ranipet,Ranipettai,Pumpkin,Pumpkin,Local,2026-09-05,2500.0,2500.0,2500.0,2500.0,quintal,2500.0,₹/quintal,True
Tamil Nadu,Ranipet,Ranipettai,Raddish,Raddish,Local,2026-09-05,2000.0,2500.0,2250.0,2250.0,quintal,2250.0,₹/quintal,True
Tamil Nadu,Ranipet,Ranipettai,Ridgeguard(Tori),Ridgeguard(Tori),Local,2026-09-05,3600.0,4000.0,3800.0,3800.0,quintal,3800.0,₹/quintal,True
Tamil Nadu,Ranipet,Ranipettai,Rose(Local),Rose (Local),Local,2026-09-05,14000.0,18000.0,16000.0,16000.0,quintal,16000.0,₹/quintal,True
Tamil Nadu,Ranipet,Ranipettai,Snakeguard,Snakeguard,Local,2026-09-05,2400.0,2400.0,2400.0,2400.0,quintal,2400.0,₹/quintal,True
Tamil Nadu,Ranipet,Ranipettai,Sweet Corn ,Sweet Corn ,Local,2026-09-05,3600.0,4000.0,3800.0,3800.0,quintal,3800.0,₹/quintal,True
Tamil Nadu,Ranipet,Ranipettai,Sweet Potato,Hosur Red,Local,2026-09-05,6000.0,6000.0,6000.0,6000.0,quintal,6000.0,₹/quintal,True
Tamil Nadu,Ranipet,Ranipettai,Tapioca,Tapioca,Local,2026-09-05,4000.0,4000.0,4000.0,4000.0,quintal,4000.0,₹/quintal,True
Tamil Nadu,Ranipet,Ranipettai,Tender Coconut,Tender Coconut,Local,2026-09-05,2500.0,2500.0,2500.0,2500.0,quintal,2500.0,₹/quintal,True
Tamil Nadu,Ranipet,Ranipettai,Thondekai,Thondekai,Local,2026-09-05,4000.0,4000.0,4000.0,4000.0,quintal,4000.0,₹/quintal,True
Tamil Nadu,Ranipet,Ranipettai,Tomato,Other,Local,2026-09-05,2300.0,2500.0,2400.0,2400.0,quintal,2400.0,₹/quintal,True
Tamil Nadu,Ranipet,Ranipettai,Tube Rose(Loose),Tube Rose (Loose),Local,2026-09-05,14000.0,14000.0,14000.0,14000.0,quintal,14000.0,₹/quintal,True
Tamil Nadu,Salem,Ammapet,Amaranthus,Amaranthus,Local,2026-09-05,2500.0,2800.0,2650.0,2650.0,quintal,2650.0,₹/quintal,True
Tamil Nadu,Salem,Ammapet,Amla(Nelli Kai),Amla,Local,2026-09-05,6500.0,7000.0,6750.0,6750.0,quintal,6750.0,₹/quintal,True
Tamil Nadu,Salem,Ammapet,Apple,American,Local,2026-09-05,18000.0,20000.0,19000.0,19000.0,quintal,19000.0,₹/quintal,True
Tamil Nadu,Salem,Ammapet,Ashgourd,Gouard,Local,2026-09-05,1800.0,2000.0,1900.0,1900.0,quintal,1900.0,₹/quintal,True
Tamil Nadu,Salem,Ammapet,Baby Corn,Baby Corn,Grade A,2026-09-05,2500.0,3000.0,2750.0,2750.0,quintal,2750.0,₹/quintal,True
Tamil Nadu,Salem,Ammapet,Banana,Red Banana,Local,2026-09-05,7500.0,8000.0,7750.0,7750.0,quintal,7750.0,₹/quintal,True
Tamil Nadu,Salem,Ammapet,Banana - Green,Banana - Green,Local,2026-09-05,2000.0,2400.0,2200.0,2200.0,quintal,2200.0,₹/quintal,True
Tamil Nadu,Salem,Ammapet,Beans,Beans (Whole),Local,2026-09-05,7500.0,8000.0,7750.0,7750.0,quintal,7750.0,₹/quintal,True
Tamil Nadu,Salem,Ammapet,Beetroot,Beetroot,Local,2026-09-05,5500.0,6000.0,5750.0,5750.0,quintal,5750.0,₹/quintal,True
Tamil Nadu,Salem,Ammapet,Bhindi(Ladies Finger),Bhindi,Local,2026-09-05,2800.0,3000.0,2900.0,2900.0,quintal,2900.0,₹/quintal,True
Tamil Nadu,Salem,Ammapet,Bitter gourd,Other,Local,2026-09-05,4500.0,5000.0,4750.0,4750.0,quintal,4750.0,₹/quintal,True
Tamil Nadu,Salem,Ammapet,Bottle gourd,Bottle Gourd,Local,2026-09-05,2500.0,3000.0,2750.0,2750.0,quintal,2750.0,₹/quintal,True
Tamil Nadu,Salem,Ammapet,Brinjal,Other,Local,2026-09-05,3200.0,3400.0,3300.0,3300.0,quintal,3300.0,₹/quintal,True
Tamil Nadu,Salem,Ammapet,Cabbage,Cabbage,Local,2026-09-05,2500.0,3000.0,2750.0,2750.0,quintal,2750.0,₹/quintal,True
Tamil Nadu,Salem,Ammapet,Capsicum,Capsicum,Local,2026-09-05,5500.0,6000.0,5750.0,5750.0,quintal,5750.0,₹/quintal,True
Tamil Nadu,Salem,Ammapet,Carrot,Pusakesar,Local,2026-09-05,6000.0,6400.0,6200.0,6200.0,quintal,6200.0,₹/quintal,True
Tamil Nadu,Salem,Ammapet,Cauliflower,Ranchi,Local,2026-09-05,2500.0,3000.0,2750.0,2750.0,quintal,2750.0,₹/quintal,True
Tamil Nadu,Salem,Ammapet,Chikoos(Sapota),Sapota,Local,2026-09-05,4500.0,5000.0,4750.0,4750.0,quintal,4750.0,₹/quintal,True
Tamil Nadu,Salem,Ammapet,Chow Chow,Chow Chow,Local,2026-09-05,3600.0,4000.0,3800.0,3800.0,quintal,3800.0,₹/quintal,True
Tamil Nadu,Salem,Ammapet,Cluster beans,Cluster Beans,Local,2026-09-05,3200.0,3500.0,3350.0,3350.0,quintal,3350.0,₹/quintal,True
Tamil Nadu,Salem,Ammapet,Coconut,Coconut,Local,2026-09-05,5500.0,6500.0,6000.0,6000.0,quintal,6000.0,₹/quintal,True
Tamil Nadu,Salem,Ammapet,Coriander(Leaves),I Sort,Local,2026-09-05,3000.0,3200.0,3100.0,3100.0,quintal,3100.0,₹/quintal,True
Tamil Nadu,Salem,Ammapet,Cowpea(Veg),Cowpea (Veg),Local,2026-09-05,4500.0,5000.0,4750.0,4750.0,quintal,4750.0,₹/quintal,True
Tamil Nadu,Salem,Ammapet,Cucumbar(Kheera),Cucumbar,Local,2026-09-05,4500.0,5000.0,4750.0,4750.0,quintal,4750.0,₹/quintal,True
Tamil Nadu,Salem,Ammapet,Drumstick,Drumstick,Local,2026-09-05,2000.0,2500.0,2250.0,2250.0,quintal,2250.0,₹/quintal,True
Tamil Nadu,Salem,Ammapet,Elephant Yam(Suran)/Amorphophallus,Elephant Yam (Suran),Local,2026-09-05,4500.0,5000.0,4750.0,4750.0,quintal,4750.0,₹/quintal,True
Tamil Nadu,Salem,Ammapet,Ginger(Green),Green Ginger,Local,2026-09-05,15000.0,16000.0,15500.0,15500.0,quintal,15500.0,₹/quintal,True
Tamil Nadu,Salem,Ammapet,Green Avare(W),Other,Local,2026-09-05,5500.0,6000.0,5750.0,5750.0,quintal,5750.0,₹/quintal,True
Tamil Nadu,Salem,Ammapet,Green Chilli,Green Chilly,Local,2026-09-05,4000.0,4200.0,4100.0,4100.0,quintal,4100.0,₹/quintal,True
Tamil Nadu,Salem,Ammapet,Guava,Guava Allahabad,Local,2026-09-05,5000.0,6000.0,5500.0,5500.0,quintal,5500.0,₹/quintal,True
Tamil Nadu,Salem,Ammapet,Indian Beans(Seam),Indian Beans (Seam),Local,2026-09-05,5500.0,6000.0,5750.0,5750.0,quintal,5750.0,₹/quintal,True
Tamil Nadu,Salem,Ammapet,Knool Khol,Knool Khol,Local,2026-09-05,3600.0,4000.0,3800.0,3800.0,quintal,3800.0,₹/quintal,True
Tamil Nadu,Salem,Ammapet,Lemon,Lemon,Local,2026-09-05,6000.0,7000.0,6500.0,6500.0,quintal,6500.0,₹/quintal,True
Tamil Nadu,Salem,Ammapet,Marigold(Calcutta),Marigold(Calcutta),Local,2026-09-05,14000.0,15000.0,14500.0,14500.0,quintal,14500.0,₹/quintal,True
Tamil Nadu,Salem,Ammapet,Mashrooms,Mashrooms,Local,2026-09-05,19000.0,20000.0,19500.0,19500.0,quintal,19500.0,₹/quintal,True
Tamil Nadu,Salem,Ammapet,Mint(Pudina),Mint(Pudina),Local,2026-09-05,3000.0,3400.0,3200.0,3200.0,quintal,3200.0,₹/quintal,True
Tamil Nadu,Salem,Ammapet,Mousambi(Sweet Lime),Mousambi,Local,2026-09-05,3500.0,4000.0,3750.0,3750.0,quintal,3750.0,₹/quintal,True
Tamil Nadu,Salem,Ammapet,Onion,Bellary,Local,2026-09-05,5500.0,6000.0,5750.0,5750.0,quintal,5750.0,₹/quintal,True
Tamil Nadu,Salem,Ammapet,Onion Green,Onion Green,Local,2026-09-05,6000.0,6400.0,6200.0,6200.0,quintal,6200.0,₹/quintal,True
Tamil Nadu,Salem,Ammapet,Orange,Darjeeling,Local,2026-09-05,13000.0,14000.0,13500.0,13500.0,quintal,13500.0,₹/quintal,True
Tamil Nadu,Salem,Ammapet,Papaya,Papaya,Local,2026-09-05,3000.0,3500.0,3250.0,3250.0,quintal,3250.0,₹/quintal,True
Tamil Nadu,Salem,Ammapet,Pomegranate,Pomogranate,Local,2026-09-05,11000.0,12000.0,11500.0,11500.0,quintal,11500.0,₹/quintal,True
Tamil Nadu,Salem,Ammapet,Potato,Other,Local,2026-09-05,4500.0,5000.0,4750.0,4750.0,quintal,4750.0,₹/quintal,True
Tamil Nadu,Salem,Ammapet,Pumpkin,Pumpkin,Local,2026-09-05,1800.0,2000.0,1900.0,1900.0,quintal,1900.0,₹/quintal,True
Tamil Nadu,Salem,Ammapet,Raddish,Raddish,Local,2026-09-05,2400.0,2600.0,2500.0,2500.0,quintal,2500.0,₹/quintal,True
Tamil Nadu,Salem,Ammapet,Ridgeguard(Tori),Ridgeguard(Tori),Local,2026-09-05,3600.0,4000.0,3800.0,3800.0,quintal,3800.0,₹/quintal,True
Tamil Nadu,Salem,Ammapet,Rose(Local),Rose (Local),Local,2026-09-05,9000.0,10000.0,9500.0,9500.0,quintal,9500.0,₹/quintal,True
Tamil Nadu,Salem,Ammapet,Snakeguard,Snakeguard,Local,2026-09-05,2800.0,3000.0,2900.0,2900.0,quintal,2900.0,₹/quintal,True
Tamil Nadu,Salem,Ammapet,Sweet Corn ,Sweet Corn ,Local,2026-09-05,3500.0,4000.0,3750.0,3750.0,quintal,3750.0,₹/quintal,True
Tamil Nadu,Salem,Ammapet,Sweet Potato,Hosur Red,Local,2026-09-05,4500.0,5000.0,4750.0,4750.0,quintal,4750.0,₹/quintal,True
Tamil Nadu,Salem,Ammapet,Tapioca,Tapioca,Local,2026-09-05,2500.0,3000.0,2750.0,2750.0,quintal,2750.0,₹/quintal,True
Tamil Nadu,Salem,Ammapet,Tender Coconut,Tender Coconut,Local,2026-09-05,3000.0,4000.0,3500.0,3500.0,quintal,3500.0,₹/quintal,True
Tamil Nadu,Salem,Ammapet,Thondekai,Thondekai,Local,2026-09-05,4000.0,4500.0,4250.0,4250.0,quintal,4250.0,₹/quintal,True
Tamil Nadu,Salem,Ammapet,Tomato,Local,Local,2026-09-05,2000.0,2400.0,2200.0,2200.0,quintal,2200.0,₹/quintal,True
Tamil Nadu,Salem,Ammapet,Water Melon,Water Melon,Local,2026-09-05,1800.0,2000.0,1900.0,1900.0,quintal,1900.0,₹/quintal,True
Tamil Nadu,Salem,Ammapet,Yam(Ratalu),Yam (Ratalu),Local,2026-09-05,6500.0,7000.0,6750.0,6750.0,quintal,6750.0,₹/quintal,True
Tamil Nadu,Salem,Athur,Amaranthus,Amaranthus,Local,2026-09-05,2000.0,2500.0,2250.0,2250.0,quintal,2250.0,₹/quintal,True
Tamil Nadu,Salem,Athur,Amla(Nelli Kai),Amla,Local,2026-09-05,7000.0,8000.0,7500.0,7500.0,quintal,7500.0,₹/quintal,True
Tamil Nadu,Salem,Athur,Ashgourd,Gouard,Local,2026-09-05,2000.0,2400.0,2200.0,2200.0,quintal,2200.0,₹/quintal,True
Tamil Nadu,Salem,Athur,Banana,Red Banana,Local,2026-09-05,7000.0,7500.0,7250.0,7250.0,quintal,7250.0,₹/quintal,True
Tamil Nadu,Salem,Athur,Banana - Green,Banana - Green,Local,2026-09-05,2000.0,2400.0,2200.0,2200.0,quintal,2200.0,₹/quintal,True
Tamil Nadu,Salem,Athur,Beans,Beans (Whole),Local,2026-09-05,7000.0,8000.0,7500.0,7500.0,quintal,7500.0,₹/quintal,True
Tamil Nadu,Salem,Athur,Beetroot,Beetroot,Local,2026-09-05,4000.0,7000.0,5500.0,5500.0,quintal,5500.0,₹/quintal,True
Tamil Nadu,Salem,Athur,Bhindi(Ladies Finger),Bhindi,Local,2026-09-05,2500.0,3000.0,2750.0,2750.0,quintal,2750.0,₹/quintal,True
Tamil Nadu,Salem,Athur,Bitter gourd,Bitter Gourd,Local,2026-09-05,4000.0,4500.0,4250.0,4250.0,quintal,4250.0,₹/quintal,True
Tamil Nadu,Salem,Athur,Bottle gourd,Bottle Gourd,Local,2026-09-05,2200.0,2500.0,2350.0,2350.0,quintal,2350.0,₹/quintal,True
Tamil Nadu,Salem,Athur,Brinjal,Other,Local,2026-09-05,3000.0,3500.0,3250.0,3250.0,quintal,3250.0,₹/quintal,True
Tamil Nadu,Salem,Athur,Cabbage,Cabbage,Local,2026-09-05,2500.0,3000.0,2750.0,2750.0,quintal,2750.0,₹/quintal,True
Tamil Nadu,Salem,Athur,Capsicum,Capsicum,Local,2026-09-05,7500.0,8000.0,7750.0,7750.0,quintal,7750.0,₹/quintal,True
Tamil Nadu,Salem,Athur,Carrot,Pusakesar,Local,2026-09-05,6000.0,6600.0,6300.0,6300.0,quintal,6300.0,₹/quintal,True
Tamil Nadu,Salem,Athur,Cauliflower,Ranchi,Local,2026-09-05,2500.0,3000.0,2750.0,2750.0,quintal,2750.0,₹/quintal,True
Tamil Nadu,Salem,Athur,Chow Chow,Chow Chow,Local,2026-09-05,3500.0,4000.0,3750.0,3750.0,quintal,3750.0,₹/quintal,True
Tamil Nadu,Salem,Athur,Cluster beans,Cluster Beans,Local,2026-09-05,2500.0,3000.0,2750.0,2750.0,quintal,2750.0,₹/quintal,True
Tamil Nadu,Salem,Athur,Coconut,Coconut,Local,2026-09-05,6000.0,6500.0,6250.0,6250.0,quintal,6250.0,₹/quintal,True
Tamil Nadu,Salem,Athur,Coriander(Leaves),I Sort,Local,2026-09-05,2500.0,3000.0,2750.0,2750.0,quintal,2750.0,₹/quintal,True
Tamil Nadu,Salem,Athur,Cucumbar(Kheera),Cucumbar,Local,2026-09-05,6000.0,6500.0,6250.0,6250.0,quintal,6250.0,₹/quintal,True
Tamil Nadu,Salem,Athur,Drumstick,Drumstick,Local,2026-09-05,2500.0,3000.0,2750.0,2750.0,quintal,2750.0,₹/quintal,True
Tamil Nadu,Salem,Athur,Elephant Yam(Suran)/Amorphophallus,Elephant Yam (Suran),Local,2026-09-05,3000.0,3500.0,3250.0,3250.0,quintal,3250.0,₹/quintal,True
Tamil Nadu,Salem,Athur,Garlic,Garlic,Local,2026-09-05,20000.0,22000.0,21000.0,21000.0,quintal,21000.0,₹/quintal,True
Tamil Nadu,Salem,Athur,Ginger(Green),Green Ginger,Local,2026-09-05,16000.0,17000.0,16500.0,16500.0,quintal,16500.0,₹/quintal,True
Tamil Nadu,Salem,Athur,Green Avare(W),Green Avare (W),Local,2026-09-05,7500.0,8000.0,7750.0,7750.0,quintal,7750.0,₹/quintal,True
Tamil Nadu,Salem,Athur,Green Chilli,Green Chilly,Local,2026-09-05,3500.0,4000.0,3750.0,3750.0,quintal,3750.0,₹/quintal,True
Tamil Nadu,Salem,Athur,Groundnut,Big (With Shell),Local,2026-09-05,7000.0,7500.0,7250.0,7250.0,quintal,7250.0,₹/quintal,True
Tamil Nadu,Salem,Athur,Guava,Guava Allahabad,Local,2026-09-05,5500.0,6000.0,5750.0,5750.0,quintal,5750.0,₹/quintal,True
Tamil Nadu,Salem,Athur,Jack Fruit(Ripe),Jack Fruit,Local,2026-09-05,2500.0,3000.0,2750.0,2750.0,quintal,2750.0,₹/quintal,True
Tamil Nadu,Salem,Athur,Kakada,Kakada,Local,2026-09-05,24000.0,28000.0,26000.0,26000.0,quintal,26000.0,₹/quintal,True
Tamil Nadu,Salem,Athur,Knool Khol,Knool Khol,Local,2026-09-05,4500.0,5000.0,4750.0,4750.0,quintal,4750.0,₹/quintal,True
Tamil Nadu,Salem,Athur,Lemon,Lemon,Local,2026-09-05,7500.0,8000.0,7750.0,7750.0,quintal,7750.0,₹/quintal,True
Tamil Nadu,Salem,Athur,Lime,Lime,Local,2026-09-05,3000.0,3000.0,3000.0,3000.0,quintal,3000.0,₹/quintal,True
Tamil Nadu,Salem,Athur,Mango(Raw-Ripe),Mango - Raw-Ripe,Local,2026-09-05,6000.0,7000.0,6500.0,6500.0,quintal,6500.0,₹/quintal,True
Tamil Nadu,Salem,Athur,Marigold(Calcutta),Marigold(Calcutta),Local,2026-09-05,18000.0,22000.0,20000.0,20000.0,quintal,20000.0,₹/quintal,True
Tamil Nadu,Salem,Athur,Mint(Pudina),Mint(Pudina),Local,2026-09-05,3500.0,4000.0,3750.0,3750.0,quintal,3750.0,₹/quintal,True
Tamil Nadu,Salem,Athur,Onion,Bellary,Local,2026-09-05,5500.0,6200.0,5850.0,5850.0,quintal,5850.0,₹/quintal,True
Tamil Nadu,Salem,Athur,Onion Green,Onion Green,Local,2026-09-05,5500.0,6500.0,6000.0,6000.0,quintal,6000.0,₹/quintal,True
Tamil Nadu,Salem,Athur,Papaya,Papaya,Local,2026-09-05,3500.0,4000.0,3750.0,3750.0,quintal,3750.0,₹/quintal,True
Tamil Nadu,Salem,Athur,Potato,Other,Local,2026-09-05,5000.0,5500.0,5250.0,5250.0,quintal,5250.0,₹/quintal,True
Tamil Nadu,Salem,Athur,Pumpkin,Pumpkin,Local,2026-09-05,2000.0,2400.0,2200.0,2200.0,quintal,2200.0,₹/quintal,True
Tamil Nadu,Salem,Athur,Raddish,Raddish,Local,2026-09-05,2000.0,2500.0,2250.0,2250.0,quintal,2250.0,₹/quintal,True
Tamil Nadu,Salem,Athur,Ridgeguard(Tori),Ridgeguard(Tori),Local,2026-09-05,3500.0,4000.0,3750.0,3750.0,quintal,3750.0,₹/quintal,True
Tamil Nadu,Salem,Athur,Rose(Local),Rose (Local),Local,2026-09-05,14000.0,16000.0,15000.0,15000.0,quintal,15000.0,₹/quintal,True
Tamil Nadu,Salem,Athur,Snakeguard,Snakeguard,Local,2026-09-05,2500.0,3000.0,2750.0,2750.0,quintal,2750.0,₹/quintal,True
Tamil Nadu,Salem,Athur,Sweet Potato,Hosur Red,Local,2026-09-05,5000.0,5500.0,5250.0,5250.0,quintal,5250.0,₹/quintal,True
Tamil Nadu,Salem,Athur,Tamarind Fruit,Tamarind Fruit,Local,2026-09-05,13000.0,16000.0,14500.0,14500.0,quintal,14500.0,₹/quintal,True
Tamil Nadu,Salem,Athur,Tapioca,Tapioca,Local,2026-09-05,2500.0,3000.0,2750.0,2750.0,quintal,2750.0,₹/quintal,True
Tamil Nadu,Salem,Athur,Tender Coconut,Tender Coconut,Local,2026-09-05,2500.0,3000.0,2750.0,2750.0,quintal,2750.0,₹/quintal,True
Tamil Nadu,Salem,Athur,Thondekai,Thondekai,Local,2026-09-05,4500.0,5000.0,4750.0,4750.0,quintal,4750.0,₹/quintal,True
Tamil Nadu,Salem,Athur,Tomato,Local,Local,2026-09-05,2000.0,2500.0,2250.0,2250.0,quintal,2250.0,₹/quintal,True
Tamil Nadu,Salem,Athur,Tube Rose(Loose),Tube Rose (Loose),Local,2026-09-05,12000.0,20000.0,16000.0,16000.0,quintal,16000.0,₹/quintal,True
Tamil Nadu,Salem,Athur,Water Melon,Water Melon,Local,2026-09-05,1500.0,2000.0,1750.0,1750.0,quintal,1750.0,₹/quintal,True
Tamil Nadu,Salem,Attayampatti,Amaranthus,Amaranthus,Local,2026-09-05,2400.0,2800.0,2600.0,2600.0,quintal,2600.0,₹/quintal,True
Tamil Nadu,Salem,Attayampatti,Ashgourd,Gouard,Local,2026-09-05,2000.0,2000.0,2000.0,2000.0,quintal,2000.0,₹/quintal,True
Tamil Nadu,Salem,Attayampatti,Banana,Red Banana,Local,2026-09-05,8000.0,8000.0,8000.0,8000.0,quintal,8000.0,₹/quintal,True
Tamil Nadu,Salem,Attayampatti,Banana - Green,Banana - Green,Local,2026-09-05,2400.0,2800.0,2600.0,2600.0,quintal,2600.0,₹/quintal,True
Tamil Nadu,Salem,Attayampatti,Bhindi(Ladies Finger),Bhindi,Local,2026-09-05,3000.0,3000.0,3000.0,3000.0,quintal,3000.0,₹/quintal,True
Tamil Nadu,Salem,Attayampatti,Bitter gourd,Bitter Gourd,Local,2026-09-05,5000.0,5400.0,5200.0,5200.0,quintal,5200.0,₹/quintal,True
Tamil Nadu,Salem,Attayampatti,Bottle gourd,Bottle Gourd,Local,2026-09-05,2600.0,2600.0,2600.0,2600.0,quintal,2600.0,₹/quintal,True
Tamil Nadu,Salem,Attayampatti,Brinjal,Round,Local,2026-09-05,3600.0,4200.0,3900.0,3900.0,quintal,3900.0,₹/quintal,True
Tamil Nadu,Salem,Attayampatti,Chikoos(Sapota),Sapota,Local,2026-09-05,5000.0,5000.0,5000.0,5000.0,quintal,5000.0,₹/quintal,True
Tamil Nadu,Salem,Attayampatti,Cluster beans,Cluster Beans,Local,2026-09-05,3600.0,3600.0,3600.0,3600.0,quintal,3600.0,₹/quintal,True
Tamil Nadu,Salem,Attayampatti,Coconut,Coconut,Local,2026-09-05,6500.0,6500.0,6500.0,6500.0,quintal,6500.0,₹/quintal,True
Tamil Nadu,Salem,Attayampatti,Coriander(Leaves),I Sort,Local,2026-09-05,2000.0,2500.0,2250.0,2250.0,quintal,2250.0,₹/quintal,True
Tamil Nadu,Salem,Attayampatti,Drumstick,Drumstick,Local,2026-09-05,3000.0,3000.0,3000.0,3000.0,quintal,3000.0,₹/quintal,True
Tamil Nadu,Salem,Attayampatti,Elephant Yam(Suran)/Amorphophallus,Elephant Yam (Suran),Local,2026-09-05,5000.0,5000.0,5000.0,5000.0,quintal,5000.0,₹/quintal,True
Tamil Nadu,Salem,Attayampatti,Green Avare(W),Green Avare (W),Local,2026-09-05,5000.0,6000.0,5500.0,5500.0,quintal,5500.0,₹/quintal,True
Tamil Nadu,Salem,Attayampatti,Green Chilli,Green Chilly,Local,2026-09-05,3600.0,4200.0,3900.0,3900.0,quintal,3900.0,₹/quintal,True
Tamil Nadu,Salem,Attayampatti,Groundnut,Big (With Shell),Local,2026-09-05,7000.0,7000.0,7000.0,7000.0,quintal,7000.0,₹/quintal,True
Tamil Nadu,Salem,Attayampatti,Guava,Guava Allahabad,Local,2026-09-05,6000.0,6000.0,6000.0,6000.0,quintal,6000.0,₹/quintal,True
Tamil Nadu,Salem,Attayampatti,Indian Beans(Seam),Indian Beans (Seam),Local,2026-09-05,7000.0,7000.0,7000.0,7000.0,quintal,7000.0,₹/quintal,True
Tamil Nadu,Salem,Attayampatti,Lemon,Lemon,Local,2026-09-05,6500.0,8000.0,7250.0,7250.0,quintal,7250.0,₹/quintal,True
Tamil Nadu,Salem,Attayampatti,Mint(Pudina),Mint(Pudina),Local,2026-09-05,3500.0,4000.0,3750.0,3750.0,quintal,3750.0,₹/quintal,True
Tamil Nadu,Salem,Attayampatti,Onion Green,Onion Green,Local,2026-09-05,6000.0,6500.0,6250.0,6250.0,quintal,6250.0,₹/quintal,True
Tamil Nadu,Salem,Attayampatti,Papaya,Papaya,Local,2026-09-05,3000.0,3500.0,3250.0,3250.0,quintal,3250.0,₹/quintal,True
Tamil Nadu,Salem,Attayampatti,Pumpkin,Pumpkin,Local,2026-09-05,2000.0,2400.0,2200.0,2200.0,quintal,2200.0,₹/quintal,True
Tamil Nadu,Salem,Attayampatti,Raddish,Raddish,Local,2026-09-05,2600.0,2600.0,2600.0,2600.0,quintal,2600.0,₹/quintal,True
Tamil Nadu,Salem,Attayampatti,Ridgeguard(Tori),Ridgeguard(Tori),Local,2026-09-05,4000.0,4000.0,4000.0,4000.0,quintal,4000.0,₹/quintal,True
Tamil Nadu,Salem,Attayampatti,Snakeguard,Snakeguard,Local,2026-09-05,3400.0,3400.0,3400.0,3400.0,quintal,3400.0,₹/quintal,True
Tamil Nadu,Salem,Attayampatti,Sweet Potato,Hosur Red,Local,2026-09-05,5000.0,5000.0,5000.0,5000.0,quintal,5000.0,₹/quintal,True
Tamil Nadu,Salem,Attayampatti,Tapioca,Tapioca,Local,2026-09-05,3500.0,3500.0,3500.0,3500.0,quintal,3500.0,₹/quintal,True
Tamil Nadu,Salem,Attayampatti,Tomato,Deshi,Local,2026-09-05,2500.0,2600.0,2550.0,2550.0,quintal,2550.0,₹/quintal,True
Tamil Nadu,Salem,Edapadi,Amaranthus,Amaranthus,Local,2026-09-05,2400.0,2600.0,2500.0,2500.0,quintal,2500.0,₹/quintal,True
Tamil Nadu,Salem,Edapadi,Amla(Nelli Kai),Amla,Local,2026-09-05,8500.0,9000.0,8750.0,8750.0,quintal,8750.0,₹/quintal,True
Tamil Nadu,Salem,Edapadi,Ashgourd,Gouard,Local,2026-09-05,2200.0,2400.0,2300.0,2300.0,quintal,2300.0,₹/quintal,True
Tamil Nadu,Salem,Edapadi,Banana,Red Banana,Local,2026-09-05,7500.0,8000.0,7750.0,7750.0,quintal,7750.0,₹/quintal,True
Tamil Nadu,Salem,Edapadi,Banana - Green,Banana - Green,Local,2026-09-05,2600.0,3000.0,2800.0,2800.0,quintal,2800.0,₹/quintal,True
Tamil Nadu,Salem,Edapadi,Beans,Beans (Whole),Local,2026-09-05,8500.0,9000.0,8750.0,8750.0,quintal,8750.0,₹/quintal,True
Tamil Nadu,Salem,Edapadi,Beetroot,Beetroot,Local,2026-09-05,6500.0,7000.0,6750.0,6750.0,quintal,6750.0,₹/quintal,True
Tamil Nadu,Salem,Edapadi,Bhindi(Ladies Finger),Bhindi,Local,2026-09-05,2000.0,2500.0,2250.0,2250.0,quintal,2250.0,₹/quintal,True
Tamil Nadu,Salem,Edapadi,Bitter gourd,Other,Local,2026-09-05,4800.0,5000.0,4900.0,4900.0,quintal,4900.0,₹/quintal,True
Tamil Nadu,Salem,Edapadi,Bottle gourd,Bottle Gourd,Local,2026-09-05,2400.0,2600.0,2500.0,2500.0,quintal,2500.0,₹/quintal,True
Tamil Nadu,Salem,Edapadi,Brinjal,Other,Local,2026-09-05,3200.0,3500.0,3350.0,3350.0,quintal,3350.0,₹/quintal,True
Tamil Nadu,Salem,Edapadi,Cabbage,Cabbage,Local,2026-09-05,2800.0,3000.0,2900.0,2900.0,quintal,2900.0,₹/quintal,True
Tamil Nadu,Salem,Edapadi,Capsicum,Capsicum,Local,2026-09-05,5500.0,6000.0,5750.0,5750.0,quintal,5750.0,₹/quintal,True
Tamil Nadu,Salem,Edapadi,Carrot,Pusakesar,Local,2026-09-05,6500.0,7000.0,6750.0,6750.0,quintal,6750.0,₹/quintal,True
Tamil Nadu,Salem,Edapadi,Cauliflower,Ranchi,Local,2026-09-05,2800.0,3000.0,2900.0,2900.0,quintal,2900.0,₹/quintal,True
Tamil Nadu,Salem,Edapadi,Chow Chow,Chow Chow,Local,2026-09-05,4200.0,4500.0,4350.0,4350.0,quintal,4350.0,₹/quintal,True
Tamil Nadu,Salem,Edapadi,Cluster beans,Cluster Beans,Local,2026-09-05,3000.0,3500.0,3250.0,3250.0,quintal,3250.0,₹/quintal,True
Tamil Nadu,Salem,Edapadi,Coconut,Coconut,Local,2026-09-05,5500.0,6000.0,5750.0,5750.0,quintal,5750.0,₹/quintal,True
Tamil Nadu,Salem,Edapadi,Coriander(Leaves),I Sort,Local,2026-09-05,1800.0,2000.0,1900.0,1900.0,quintal,1900.0,₹/quintal,True
Tamil Nadu,Salem,Edapadi,Drumstick,Drumstick,Local,2026-09-05,2800.0,3000.0,2900.0,2900.0,quintal,2900.0,₹/quintal,True
Tamil Nadu,Salem,Edapadi,Ginger(Green),Green Ginger,Local,2026-09-05,16500.0,17000.0,16750.0,16750.0,quintal,16750.0,₹/quintal,True
Tamil Nadu,Salem,Edapadi,Green Avare(W),Other,Local,2026-09-05,6500.0,7000.0,6750.0,6750.0,quintal,6750.0,₹/quintal,True
Tamil Nadu,Salem,Edapadi,Green Chilli,Green Chilly,Local,2026-09-05,4000.0,4500.0,4250.0,4250.0,quintal,4250.0,₹/quintal,True
Tamil Nadu,Salem,Edapadi,Guava,Guava Allahabad,Local,2026-09-05,4500.0,5000.0,4750.0,4750.0,quintal,4750.0,₹/quintal,True
Tamil Nadu,Salem,Edapadi,Lemon,Lemon,Local,2026-09-05,15500.0,16000.0,15750.0,15750.0,quintal,15750.0,₹/quintal,True
Tamil Nadu,Salem,Edapadi,Mint(Pudina),Mint(Pudina),Local,2026-09-05,2800.0,3000.0,2900.0,2900.0,quintal,2900.0,₹/quintal,True
Tamil Nadu,Salem,Edapadi,Mousambi(Sweet Lime),Mousambi,Local,2026-09-05,2500.0,3000.0,2750.0,2750.0,quintal,2750.0,₹/quintal,True
Tamil Nadu,Salem,Edapadi,Onion,Bellary,Local,2026-09-05,6000.0,6500.0,6250.0,6250.0,quintal,6250.0,₹/quintal,True
Tamil Nadu,Salem,Edapadi,Onion Green,Onion Green,Local,2026-09-05,6000.0,6500.0,6250.0,6250.0,quintal,6250.0,₹/quintal,True
Tamil Nadu,Salem,Edapadi,Papaya,Papaya,Local,2026-09-05,2800.0,3000.0,2900.0,2900.0,quintal,2900.0,₹/quintal,True
Tamil Nadu,Salem,Edapadi,Potato,Other,Local,2026-09-05,2800.0,3000.0,2900.0,2900.0,quintal,2900.0,₹/quintal,True
Tamil Nadu,Salem,Edapadi,Pumpkin,Pumpkin,Local,2026-09-05,2200.0,2400.0,2300.0,2300.0,quintal,2300.0,₹/quintal,True
Tamil Nadu,Salem,Edapadi,Raddish,Raddish,Local,2026-09-05,2200.0,2500.0,2350.0,2350.0,quintal,2350.0,₹/quintal,True
Tamil Nadu,Salem,Edapadi,Ridgeguard(Tori),Ridgeguard(Tori),Local,2026-09-05,3500.0,4000.0,3750.0,3750.0,quintal,3750.0,₹/quintal,True
Tamil Nadu,Salem,Edapadi,Snakeguard,Snakeguard,Local,2026-09-05,3800.0,4000.0,3900.0,3900.0,quintal,3900.0,₹/quintal,True
Tamil Nadu,Salem,Edapadi,Tapioca,Tapioca,Local,2026-09-05,2800.0,3000.0,2900.0,2900.0,quintal,2900.0,₹/quintal,True
Tamil Nadu,Salem,Edapadi,Tomato,Other,Local,2026-09-05,2000.0,2200.0,2100.0,2100.0,quintal,2100.0,₹/quintal,True
Tamil Nadu,Salem,Elampillai,Amaranthus,Amaranthus,Local,2026-09-05,2000.0,2500.0,2250.0,2250.0,quintal,2250.0,₹/quintal,True
Tamil Nadu,Salem,Elampillai,Ashgourd,Gouard,Local,2026-09-05,2000.0,2200.0,2100.0,2100.0,quintal,2100.0,₹/quintal,True
Tamil Nadu,Salem,Elampillai,Banana,Red Banana,Local,2026-09-05,7000.0,7500.0,7250.0,7250.0,quintal,7250.0,₹/quintal,True
Tamil Nadu,Salem,Elampillai,Banana - Green,Banana - Green,Local,2026-09-05,2000.0,2500.0,2250.0,2250.0,quintal,2250.0,₹/quintal,True
Tamil Nadu,Salem,Elampillai,Beans,Beans (Whole),Local,2026-09-05,8000.0,9000.0,8500.0,8500.0,quintal,8500.0,₹/quintal,True
Tamil Nadu,Salem,Elampillai,Beetroot,Beetroot,Local,2026-09-05,4000.0,5000.0,4500.0,4500.0,quintal,4500.0,₹/quintal,True
Tamil Nadu,Salem,Elampillai,Bhindi(Ladies Finger),Bhindi,Local,2026-09-05,2000.0,2500.0,2250.0,2250.0,quintal,2250.0,₹/quintal,True
Tamil Nadu,Salem,Elampillai,Bitter gourd,Other,Local,2026-09-05,4500.0,5000.0,4750.0,4750.0,quintal,4750.0,₹/quintal,True
Tamil Nadu,Salem,Elampillai,Bottle gourd,Bottle Gourd,Local,2026-09-05,2000.0,2500.0,2250.0,2250.0,quintal,2250.0,₹/quintal,True
Tamil Nadu,Salem,Elampillai,Brinjal,Other,Local,2026-09-05,3000.0,3500.0,3250.0,3250.0,quintal,3250.0,₹/quintal,True
Tamil Nadu,Salem,Elampillai,Cabbage,Cabbage,Local,2026-09-05,3000.0,3500.0,3250.0,3250.0,quintal,3250.0,₹/quintal,True
Tamil Nadu,Salem,Elampillai,Capsicum,Capsicum,Local,2026-09-05,5000.0,6000.0,5500.0,5500.0,quintal,5500.0,₹/quintal,True
Tamil Nadu,Salem,Elampillai,Carrot,Pusakesar,Local,2026-09-05,6000.0,6500.0,6250.0,6250.0,quintal,6250.0,₹/quintal,True
Tamil Nadu,Salem,Elampillai,Cauliflower,Ranchi,Local,2026-09-05,2500.0,3000.0,2750.0,2750.0,quintal,2750.0,₹/quintal,True
Tamil Nadu,Salem,Elampillai,Chow Chow,Chow Chow,Local,2026-09-05,4000.0,4500.0,4250.0,4250.0,quintal,4250.0,₹/quintal,True
Tamil Nadu,Salem,Elampillai,Cluster beans,Cluster Beans,Local,2026-09-05,3000.0,3500.0,3250.0,3250.0,quintal,3250.0,₹/quintal,True
Tamil Nadu,Salem,Elampillai,Coconut,Coconut,Local,2026-09-05,6000.0,6500.0,6250.0,6250.0,quintal,6250.0,₹/quintal,True
Tamil Nadu,Salem,Elampillai,Coriander(Leaves),I Sort,Local,2026-09-05,3000.0,3600.0,3300.0,3300.0,quintal,3300.0,₹/quintal,True
Tamil Nadu,Salem,Elampillai,Cucumbar(Kheera),Cucumbar,Local,2026-09-05,3500.0,4000.0,3750.0,3750.0,quintal,3750.0,₹/quintal,True
Tamil Nadu,Salem,Elampillai,Drumstick,Drumstick,Local,2026-09-05,2000.0,2500.0,2250.0,2250.0,quintal,2250.0,₹/quintal,True
Tamil Nadu,Salem,Elampillai,Garlic,Garlic,Local,2026-09-05,19000.0,20000.0,19500.0,19500.0,quintal,19500.0,₹/quintal,True
Tamil Nadu,Salem,Elampillai,Ginger(Green),Green Ginger,Local,2026-09-05,16000.0,16500.0,16250.0,16250.0,quintal,16250.0,₹/quintal,True
Tamil Nadu,Salem,Elampillai,Green Avare(W),Other,Local,2026-09-05,5000.0,5500.0,5250.0,5250.0,quintal,5250.0,₹/quintal,True
Tamil Nadu,Salem,Elampillai,Green Chilli,Green Chilly,Local,2026-09-05,3500.0,4000.0,3750.0,3750.0,quintal,3750.0,₹/quintal,True
Tamil Nadu,Salem,Elampillai,Green Peas,Green Peas,Local,2026-09-05,12000.0,13000.0,12500.0,12500.0,quintal,12500.0,₹/quintal,True
Tamil Nadu,Salem,Elampillai,Groundnut,Big (With Shell),Local,2026-09-05,6500.0,7000.0,6750.0,6750.0,quintal,6750.0,₹/quintal,True
Tamil Nadu,Salem,Elampillai,Guava,Guava Allahabad,Local,2026-09-05,3000.0,4000.0,3500.0,3500.0,quintal,3500.0,₹/quintal,True
Tamil Nadu,Salem,Elampillai,Knool Khol,Knool Khol,Local,2026-09-05,3500.0,4000.0,3750.0,3750.0,quintal,3750.0,₹/quintal,True
Tamil Nadu,Salem,Elampillai,Lemon,Lemon,Local,2026-09-05,4000.0,5000.0,4500.0,4500.0,quintal,4500.0,₹/quintal,True
Tamil Nadu,Salem,Elampillai,Marigold(Calcutta),Marigold(Calcutta),Local,2026-09-05,14000.0,15000.0,14500.0,14500.0,quintal,14500.0,₹/quintal,True
Tamil Nadu,Salem,Elampillai,Mint(Pudina),Mint(Pudina),Local,2026-09-05,2500.0,3000.0,2750.0,2750.0,quintal,2750.0,₹/quintal,True
Tamil Nadu,Salem,Elampillai,Mousambi(Sweet Lime),Mousambi,Local,2026-09-05,4000.0,5000.0,4500.0,4500.0,quintal,4500.0,₹/quintal,True
Tamil Nadu,Salem,Elampillai,Onion,Bellary,Local,2026-09-05,6000.0,6500.0,6250.0,6250.0,quintal,6250.0,₹/quintal,True
Tamil Nadu,Salem,Elampillai,Onion Green,Onion Green,Local,2026-09-05,6000.0,6500.0,6250.0,6250.0,quintal,6250.0,₹/quintal,True
Tamil Nadu,Salem,Elampillai,Papaya,Papaya,Local,2026-09-05,2500.0,3000.0,2750.0,2750.0,quintal,2750.0,₹/quintal,True
Tamil Nadu,Salem,Elampillai,Potato,Other,Local,2026-09-05,2500.0,3000.0,2750.0,2750.0,quintal,2750.0,₹/quintal,True
Tamil Nadu,Salem,Elampillai,Pumpkin,Pumpkin,Local,2026-09-05,2000.0,2200.0,2100.0,2100.0,quintal,2100.0,₹/quintal,True
Tamil Nadu,Salem,Elampillai,Raddish,Raddish,Local,2026-09-05,2500.0,2800.0,2650.0,2650.0,quintal,2650.0,₹/quintal,True
Tamil Nadu,Salem,Elampillai,Ridgeguard(Tori),Ridgeguard(Tori),Local,2026-09-05,3500.0,4000.0,3750.0,3750.0,quintal,3750.0,₹/quintal,True
Tamil Nadu,Salem,Elampillai,Snakeguard,Snakeguard,Local,2026-09-05,3800.0,4000.0,3900.0,3900.0,quintal,3900.0,₹/quintal,True
Tamil Nadu,Salem,Elampillai,Thondekai,Thondekai,Local,2026-09-05,3500.0,4000.0,3750.0,3750.0,quintal,3750.0,₹/quintal,True
Tamil Nadu,Salem,Elampillai,Tomato,Other,Local,2026-09-05,2000.0,2500.0,2250.0,2250.0,quintal,2250.0,₹/quintal,True
Tamil Nadu,Salem,Hasthampatti,Amaranthus,Amaranthus,Local,2026-09-05,2000.0,2400.0,2200.0,2200.0,quintal,2200.0,₹/quintal,True
Tamil Nadu,Salem,Hasthampatti,Amla(Nelli Kai),Amla,Local,2026-09-05,6000.0,7000.0,6500.0,6500.0,quintal,6500.0,₹/quintal,True
Tamil Nadu,Salem,Hasthampatti,Apple,American,Local,2026-09-05,17000.0,18000.0,17500.0,17500.0,quintal,17500.0,₹/quintal,True
Tamil Nadu,Salem,Hasthampatti,Ashgourd,Gouard,Local,2026-09-05,2000.0,2400.0,2200.0,2200.0,quintal,2200.0,₹/quintal,True
Tamil Nadu,Salem,Hasthampatti,Baby Corn,Baby Corn,Grade A,2026-09-05,2000.0,2500.0,2250.0,2250.0,quintal,2250.0,₹/quintal,True
Tamil Nadu,Salem,Hasthampatti,Banana,Red Banana,Local,2026-09-05,7500.0,8000.0,7750.0,7750.0,quintal,7750.0,₹/quintal,True
Tamil Nadu,Salem,Hasthampatti,Banana - Green,Banana - Green,Local,2026-09-05,2000.0,2400.0,2200.0,2200.0,quintal,2200.0,₹/quintal,True
Tamil Nadu,Salem,Hasthampatti,Beans,Beans (Whole),Local,2026-09-05,7500.0,9000.0,8250.0,8250.0,quintal,8250.0,₹/quintal,True
Tamil Nadu,Salem,Hasthampatti,Beetroot,Beetroot,Local,2026-09-05,6000.0,6500.0,6250.0,6250.0,quintal,6250.0,₹/quintal,True
Tamil Nadu,Salem,Hasthampatti,Bhindi(Ladies Finger),Bhindi,Local,2026-09-05,3000.0,3400.0,3200.0,3200.0,quintal,3200.0,₹/quintal,True
Tamil Nadu,Salem,Hasthampatti,Bitter gourd,Other,Local,2026-09-05,4000.0,4500.0,4250.0,4250.0,quintal,4250.0,₹/quintal,True
Tamil Nadu,Salem,Hasthampatti,Bottle gourd,Bottle Gourd,Local,2026-09-05,1800.0,2000.0,1900.0,1900.0,quintal,1900.0,₹/quintal,True
Tamil Nadu,Salem,Hasthampatti,Brinjal,Round,Local,2026-09-05,3500.0,3800.0,3650.0,3650.0,quintal,3650.0,₹/quintal,True
Tamil Nadu,Salem,Hasthampatti,Cabbage,Cabbage,Local,2026-09-05,3000.0,3500.0,3250.0,3250.0,quintal,3250.0,₹/quintal,True
Tamil Nadu,Salem,Hasthampatti,Capsicum,Capsicum,Local,2026-09-05,5500.0,6000.0,5750.0,5750.0,quintal,5750.0,₹/quintal,True
Tamil Nadu,Salem,Hasthampatti,Carrot,Pusakesar,Local,2026-09-05,6000.0,6500.0,6250.0,6250.0,quintal,6250.0,₹/quintal,True
Tamil Nadu,Salem,Hasthampatti,Cauliflower,Ranchi,Local,2026-09-05,2500.0,3000.0,2750.0,2750.0,quintal,2750.0,₹/quintal,True
Tamil Nadu,Salem,Hasthampatti,Chow Chow,Chow Chow,Local,2026-09-05,4000.0,4500.0,4250.0,4250.0,quintal,4250.0,₹/quintal,True
Tamil Nadu,Salem,Hasthampatti,Cluster beans,Cluster Beans,Local,2026-09-05,3000.0,3500.0,3250.0,3250.0,quintal,3250.0,₹/quintal,True
Tamil Nadu,Salem,Hasthampatti,Coconut,Coconut,Local,2026-09-05,6000.0,6500.0,6250.0,6250.0,quintal,6250.0,₹/quintal,True
Tamil Nadu,Salem,Hasthampatti,Colacasia,Colacasia,Local,2026-09-05,6000.0,6500.0,6250.0,6250.0,quintal,6250.0,₹/quintal,True
Tamil Nadu,Salem,Hasthampatti,Coriander(Leaves),I Sort,Local,2026-09-05,1600.0,1800.0,1700.0,1700.0,quintal,1700.0,₹/quintal,True
Tamil Nadu,Salem,Hasthampatti,Cowpea(Veg),Cowpea (Veg),Local,2026-09-05,4500.0,5000.0,4750.0,4750.0,quintal,4750.0,₹/quintal,True
Tamil Nadu,Salem,Hasthampatti,Cucumbar(Kheera),Cucumbar,Local,2026-09-05,4000.0,5000.0,4500.0,4500.0,quintal,4500.0,₹/quintal,True
Tamil Nadu,Salem,Hasthampatti,Drumstick,Drumstick,Local,2026-09-05,2500.0,3000.0,2750.0,2750.0,quintal,2750.0,₹/quintal,True
Tamil Nadu,Salem,Hasthampatti,Elephant Yam(Suran)/Amorphophallus,Elephant Yam (Suran),Local,2026-09-05,3500.0,4000.0,3750.0,3750.0,quintal,3750.0,₹/quintal,True
Tamil Nadu,Salem,Hasthampatti,Garlic,Garlic,Local,2026-09-05,17000.0,18000.0,17500.0,17500.0,quintal,17500.0,₹/quintal,True
Tamil Nadu,Salem,Hasthampatti,Ginger(Green),Green Ginger,Local,2026-09-05,16000.0,16500.0,16250.0,16250.0,quintal,16250.0,₹/quintal,True
Tamil Nadu,Salem,Hasthampatti,Grapes,Annabesahai,Local,2026-09-05,8000.0,10000.0,9000.0,9000.0,quintal,9000.0,₹/quintal,True
Tamil Nadu,Salem,Hasthampatti,Green Avare(W),Other,Local,2026-09-05,5000.0,5500.0,5250.0,5250.0,quintal,5250.0,₹/quintal,True
Tamil Nadu,Salem,Hasthampatti,Green Chilli,Green Chilly,Local,2026-09-05,3800.0,4000.0,3900.0,3900.0,quintal,3900.0,₹/quintal,True
Tamil Nadu,Salem,Hasthampatti,Green Peas,Green Peas,Local,2026-09-05,14000.0,14500.0,14250.0,14250.0,quintal,14250.0,₹/quintal,True
Tamil Nadu,Salem,Hasthampatti,Groundnut,Big (With Shell),Local,2026-09-05,7000.0,7500.0,7250.0,7250.0,quintal,7250.0,₹/quintal,True
Tamil Nadu,Salem,Hasthampatti,Guava,Guava Allahabad,Local,2026-09-05,4000.0,5000.0,4500.0,4500.0,quintal,4500.0,₹/quintal,True
Tamil Nadu,Salem,Hasthampatti,Indian Beans(Seam),Indian Beans (Seam),Local,2026-09-05,4500.0,5000.0,4750.0,4750.0,quintal,4750.0,₹/quintal,True
Tamil Nadu,Salem,Hasthampatti,Knool Khol,Knool Khol,Local,2026-09-05,3500.0,4000.0,3750.0,3750.0,quintal,3750.0,₹/quintal,True
Tamil Nadu,Salem,Hasthampatti,Lemon,Lemon,Local,2026-09-05,4000.0,8000.0,6000.0,6000.0,quintal,6000.0,₹/quintal,True
Tamil Nadu,Salem,Hasthampatti,Lime,Lime,Local,2026-09-05,3500.0,4000.0,3750.0,3750.0,quintal,3750.0,₹/quintal,True
Tamil Nadu,Salem,Hasthampatti,Mint(Pudina),Mint(Pudina),Local,2026-09-05,2500.0,3000.0,2750.0,2750.0,quintal,2750.0,₹/quintal,True
Tamil Nadu,Salem,Hasthampatti,Mousambi(Sweet Lime),Mousambi,Local,2026-09-05,3000.0,3500.0,3250.0,3250.0,quintal,3250.0,₹/quintal,True
Tamil Nadu,Salem,Hasthampatti,Onion,Bellary,Local,2026-09-05,5500.0,6000.0,5750.0,5750.0,quintal,5750.0,₹/quintal,True
Tamil Nadu,Salem,Hasthampatti,Onion Green,Onion Green,Local,2026-09-05,6000.0,6200.0,6100.0,6100.0,quintal,6100.0,₹/quintal,True
Tamil Nadu,Salem,Hasthampatti,Orange,Darjeeling,Local,2026-09-05,5000.0,6000.0,5500.0,5500.0,quintal,5500.0,₹/quintal,True
Tamil Nadu,Salem,Hasthampatti,Papaya,Papaya,Local,2026-09-05,3000.0,3500.0,3250.0,3250.0,quintal,3250.0,₹/quintal,True
Tamil Nadu,Salem,Hasthampatti,Pear(Marasebu),Pears,Local,2026-09-05,10000.0,11000.0,10500.0,10500.0,quintal,10500.0,₹/quintal,True
Tamil Nadu,Salem,Hasthampatti,Pomegranate,Pomogranate,Local,2026-09-05,10000.0,12000.0,11000.0,11000.0,quintal,11000.0,₹/quintal,True
Tamil Nadu,Salem,Hasthampatti,Potato,Other,Local,2026-09-05,4500.0,5000.0,4750.0,4750.0,quintal,4750.0,₹/quintal,True
Tamil Nadu,Salem,Hasthampatti,Pumpkin,Pumpkin,Local,2026-09-05,2000.0,2400.0,2200.0,2200.0,quintal,2200.0,₹/quintal,True
Tamil Nadu,Salem,Hasthampatti,Raddish,Raddish,Local,2026-09-05,2800.0,3000.0,2900.0,2900.0,quintal,2900.0,₹/quintal,True
Tamil Nadu,Salem,Hasthampatti,Ridgeguard(Tori),Ridgeguard(Tori),Local,2026-09-05,3500.0,4000.0,3750.0,3750.0,quintal,3750.0,₹/quintal,True
Tamil Nadu,Salem,Hasthampatti,Snakeguard,Snakeguard,Local,2026-09-05,3800.0,4000.0,3900.0,3900.0,quintal,3900.0,₹/quintal,True
Tamil Nadu,Salem,Hasthampatti,Sweet Corn ,Sweet Corn ,Local,2026-09-05,3000.0,3500.0,3250.0,3250.0,quintal,3250.0,₹/quintal,True
Tamil Nadu,Salem,Hasthampatti,Tamarind Fruit,Tamarind Fruit,Local,2026-09-05,14000.0,15000.0,14500.0,14500.0,quintal,14500.0,₹/quintal,True
Tamil Nadu,Salem,Hasthampatti,Tapioca,Tapioca,Local,2026-09-05,3000.0,3500.0,3250.0,3250.0,quintal,3250.0,₹/quintal,True
Tamil Nadu,Salem,Hasthampatti,Thondekai,Thondekai,Local,2026-09-05,3500.0,4000.0,3750.0,3750.0,quintal,3750.0,₹/quintal,True
Tamil Nadu,Salem,Hasthampatti,Tomato,Local,Local,2026-09-05,2000.0,2500.0,2250.0,2250.0,quintal,2250.0,₹/quintal,True
Tamil Nadu,Salem,Jalagandapuram,Amaranthus,Amaranthus,Local,2026-09-05,2000.0,2400.0,2200.0,2200.0,quintal,2200.0,₹/quintal,True
Tamil Nadu,Salem,Jalagandapuram,Amla(Nelli Kai),Amla,Local,2026-09-05,6500.0,7000.0,6750.0,6750.0,quintal,6750.0,₹/quintal,True
Tamil Nadu,Salem,Jalagandapuram,Ashgourd,Gouard,Local,2026-09-05,2000.0,2400.0,2200.0,2200.0,quintal,2200.0,₹/quintal,True
Tamil Nadu,Salem,Jalagandapuram,Banana,Red Banana,Local,2026-09-05,6500.0,7000.0,6750.0,6750.0,quintal,6750.0,₹/quintal,True
Tamil Nadu,Salem,Jalagandapuram,Banana - Green,Banana - Green,Local,2026-09-05,2500.0,2800.0,2650.0,2650.0,quintal,2650.0,₹/quintal,True
Tamil Nadu,Salem,Jalagandapuram,Beans,Beans (Whole),Local,2026-09-05,7400.0,8000.0,7700.0,7700.0,quintal,7700.0,₹/quintal,True
Tamil Nadu,Salem,Jalagandapuram,Beetroot,Beetroot,Local,2026-09-05,5000.0,6000.0,5500.0,5500.0,quintal,5500.0,₹/quintal,True
Tamil Nadu,Salem,Jalagandapuram,Bhindi(Ladies Finger),Bhindi,Local,2026-09-05,2000.0,2500.0,2250.0,2250.0,quintal,2250.0,₹/quintal,True
Tamil Nadu,Salem,Jalagandapuram,Bitter gourd,Other,Local,2026-09-05,5000.0,5500.0,5250.0,5250.0,quintal,5250.0,₹/quintal,True
Tamil Nadu,Salem,Jalagandapuram,Bottle gourd,Bottle Gourd,Local,2026-09-05,1500.0,2000.0,1750.0,1750.0,quintal,1750.0,₹/quintal,True
Tamil Nadu,Salem,Jalagandapuram,Brinjal,Round,Local,2026-09-05,3400.0,3800.0,3600.0,3600.0,quintal,3600.0,₹/quintal,True
Tamil Nadu,Salem,Jalagandapuram,Cabbage,Cabbage,Local,2026-09-05,2600.0,3000.0,2800.0,2800.0,quintal,2800.0,₹/quintal,True
Tamil Nadu,Salem,Jalagandapuram,Capsicum,Capsicum,Local,2026-09-05,5500.0,6000.0,5750.0,5750.0,quintal,5750.0,₹/quintal,True
Tamil Nadu,Salem,Jalagandapuram,Carrot,Pusakesar,Local,2026-09-05,6400.0,7000.0,6700.0,6700.0,quintal,6700.0,₹/quintal,True
Tamil Nadu,Salem,Jalagandapuram,Cauliflower,Ranchi,Local,2026-09-05,2000.0,2500.0,2250.0,2250.0,quintal,2250.0,₹/quintal,True
Tamil Nadu,Salem,Jalagandapuram,Chow Chow,Chow Chow,Local,2026-09-05,3600.0,4000.0,3800.0,3800.0,quintal,3800.0,₹/quintal,True
Tamil Nadu,Salem,Jalagandapuram,Cluster beans,Cluster Beans,Local,2026-09-05,3000.0,3400.0,3200.0,3200.0,quintal,3200.0,₹/quintal,True
Tamil Nadu,Salem,Jalagandapuram,Coconut,Coconut,Local,2026-09-05,5500.0,6000.0,5750.0,5750.0,quintal,5750.0,₹/quintal,True
Tamil Nadu,Salem,Jalagandapuram,Coriander(Leaves),I Sort,Local,2026-09-05,1600.0,1800.0,1700.0,1700.0,quintal,1700.0,₹/quintal,True
Tamil Nadu,Salem,Jalagandapuram,Cowpea(Veg),Cowpea (Veg),Local,2026-09-05,5000.0,5500.0,5250.0,5250.0,quintal,5250.0,₹/quintal,True
Tamil Nadu,Salem,Jalagandapuram,Drumstick,Drumstick,Local,2026-09-05,2000.0,2500.0,2250.0,2250.0,quintal,2250.0,₹/quintal,True
Tamil Nadu,Salem,Jalagandapuram,Ginger(Green),Green Ginger,Local,2026-09-05,15000.0,16000.0,15500.0,15500.0,quintal,15500.0,₹/quintal,True
Tamil Nadu,Salem,Jalagandapuram,Green Avare(W),Other,Local,2026-09-05,6000.0,7000.0,6500.0,6500.0,quintal,6500.0,₹/quintal,True
Tamil Nadu,Salem,Jalagandapuram,Green Chilli,Green Chilly,Local,2026-09-05,4000.0,4500.0,4250.0,4250.0,quintal,4250.0,₹/quintal,True
Tamil Nadu,Salem,Jalagandapuram,Groundnut,Big (With Shell),Local,2026-09-05,6500.0,7000.0,6750.0,6750.0,quintal,6750.0,₹/quintal,True
Tamil Nadu,Salem,Jalagandapuram,Guava,Guava Allahabad,Local,2026-09-05,5000.0,6000.0,5500.0,5500.0,quintal,5500.0,₹/quintal,True
Tamil Nadu,Salem,Jalagandapuram,Lemon,Lemon,Local,2026-09-05,5500.0,6000.0,5750.0,5750.0,quintal,5750.0,₹/quintal,True
Tamil Nadu,Salem,Jalagandapuram,Lime,Lime,Local,2026-09-05,3000.0,3500.0,3250.0,3250.0,quintal,3250.0,₹/quintal,True
Tamil Nadu,Salem,Jalagandapuram,Mint(Pudina),Mint(Pudina),Local,2026-09-05,3000.0,3500.0,3250.0,3250.0,quintal,3250.0,₹/quintal,True
Tamil Nadu,Salem,Jalagandapuram,Onion,Bellary,Local,2026-09-05,6000.0,6500.0,6250.0,6250.0,quintal,6250.0,₹/quintal,True
Tamil Nadu,Salem,Jalagandapuram,Onion Green,Onion Green,Local,2026-09-05,6000.0,6500.0,6250.0,6250.0,quintal,6250.0,₹/quintal,True
Tamil Nadu,Salem,Jalagandapuram,Papaya,Papaya,Local,2026-09-05,3000.0,3500.0,3250.0,3250.0,quintal,3250.0,₹/quintal,True
Tamil Nadu,Salem,Jalagandapuram,Potato,Other,Local,2026-09-05,2600.0,2800.0,2700.0,2700.0,quintal,2700.0,₹/quintal,True
Tamil Nadu,Salem,Jalagandapuram,Pumpkin,Pumpkin,Local,2026-09-05,2000.0,2200.0,2100.0,2100.0,quintal,2100.0,₹/quintal,True
Tamil Nadu,Salem,Jalagandapuram,Raddish,Raddish,Local,2026-09-05,2000.0,2400.0,2200.0,2200.0,quintal,2200.0,₹/quintal,True
Tamil Nadu,Salem,Jalagandapuram,Ridgeguard(Tori),Ridgeguard(Tori),Local,2026-09-05,3500.0,4000.0,3750.0,3750.0,quintal,3750.0,₹/quintal,True
Tamil Nadu,Salem,Jalagandapuram,Snakeguard,Snakeguard,Local,2026-09-05,3000.0,3500.0,3250.0,3250.0,quintal,3250.0,₹/quintal,True
Tamil Nadu,Salem,Jalagandapuram,Sweet Potato,Hosur Red,Local,2026-09-05,4500.0,5000.0,4750.0,4750.0,quintal,4750.0,₹/quintal,True
Tamil Nadu,Salem,Jalagandapuram,Tender Coconut,Tender Coconut,Local,2026-09-05,3000.0,3500.0,3250.0,3250.0,quintal,3250.0,₹/quintal,True
Tamil Nadu,Salem,Jalagandapuram,Tomato,Other,Local,2026-09-05,2000.0,2500.0,2250.0,2250.0,quintal,2250.0,₹/quintal,True
Tamil Nadu,Salem,Mecheri,Amaranthus,Amaranthus,Local,2026-09-05,2000.0,2500.0,2250.0,2250.0,quintal,2250.0,₹/quintal,True
Tamil Nadu,Salem,Mecheri,Banana,Karpura,Local,2026-09-05,4500.0,5000.0,4750.0,4750.0,quintal,4750.0,₹/quintal,True
Tamil Nadu,Salem,Mecheri,Banana - Green,Banana - Green,Local,2026-09-05,2000.0,2500.0,2250.0,2250.0,quintal,2250.0,₹/quintal,True
Tamil Nadu,Salem,Mecheri,Bhindi(Ladies Finger),Bhindi,Local,2026-09-05,2500.0,3000.0,2750.0,2750.0,quintal,2750.0,₹/quintal,True
Tamil Nadu,Salem,Mecheri,Bottle gourd,Bottle Gourd,Local,2026-09-05,2000.0,2500.0,2250.0,2250.0,quintal,2250.0,₹/quintal,True
Tamil Nadu,Salem,Mecheri,Brinjal,Other,Local,2026-09-05,3000.0,3500.0,3250.0,3250.0,quintal,3250.0,₹/quintal,True
Tamil Nadu,Salem,Mecheri,Cluster beans,Cluster Beans,Local,2026-09-05,3000.0,3500.0,3250.0,3250.0,quintal,3250.0,₹/quintal,True
Tamil Nadu,Salem,Mecheri,Coconut,Coconut,Local,2026-09-05,5500.0,6000.0,5750.0,5750.0,quintal,5750.0,₹/quintal,True
Tamil Nadu,Salem,Mecheri,Coriander(Leaves),I Sort,Local,2026-09-05,1500.0,2000.0,1750.0,1750.0,quintal,1750.0,₹/quintal,True
Tamil Nadu,Salem,Mecheri,Drumstick,Drumstick,Local,2026-09-05,2000.0,2500.0,2250.0,2250.0,quintal,2250.0,₹/quintal,True
Tamil Nadu,Salem,Mecheri,Green Avare(W),Other,Local,2026-09-05,6000.0,6500.0,6250.0,6250.0,quintal,6250.0,₹/quintal,True
Tamil Nadu,Salem,Mecheri,Green Chilli,Green Chilly,Local,2026-09-05,4000.0,4500.0,4250.0,4250.0,quintal,4250.0,₹/quintal,True
Tamil Nadu,Salem,Mecheri,Mint(Pudina),Mint(Pudina),Local,2026-09-05,2500.0,3000.0,2750.0,2750.0,quintal,2750.0,₹/quintal,True
Tamil Nadu,Salem,Mecheri,Onion Green,Onion Green,Local,2026-09-05,6000.0,6500.0,6250.0,6250.0,quintal,6250.0,₹/quintal,True
Tamil Nadu,Salem,Mecheri,Pumpkin,Pumpkin,Local,2026-09-05,1500.0,2000.0,1750.0,1750.0,quintal,1750.0,₹/quintal,True
Tamil Nadu,Salem,Mecheri,Raddish,Raddish,Local,2026-09-05,2000.0,2500.0,2250.0,2250.0,quintal,2250.0,₹/quintal,True
Tamil Nadu,Salem,Mecheri,Ridgeguard(Tori),Ridgeguard(Tori),Local,2026-09-05,3500.0,4000.0,3750.0,3750.0,quintal,3750.0,₹/quintal,True
Tamil Nadu,Salem,Mecheri,Snakeguard,Snakeguard,Local,2026-09-05,3500.0,3800.0,3650.0,3650.0,quintal,3650.0,₹/quintal,True
Tamil Nadu,Salem,Mecheri,Tomato,Deshi,Local,2026-09-05,2000.0,2500.0,2250.0,2250.0,quintal,2250.0,₹/quintal,True
Tamil Nadu,Salem,Mettur,Amaranthus,Amaranthus,Local,2026-09-05,2000.0,2500.0,2250.0,2250.0,quintal,2250.0,₹/quintal,True
Tamil Nadu,Salem,Mettur,Amla(Nelli Kai),Amla,Local,2026-09-05,7000.0,8000.0,7500.0,7500.0,quintal,7500.0,₹/quintal,True
Tamil Nadu,Salem,Mettur,Ashgourd,Gouard,Local,2026-09-05,1500.0,2000.0,1750.0,1750.0,quintal,1750.0,₹/quintal,True
Tamil Nadu,Salem,Mettur,Banana,Red Banana,Local,2026-09-05,5000.0,7000.0,6000.0,6000.0,quintal,6000.0,₹/quintal,True
Tamil Nadu,Salem,Mettur,Banana - Green,Banana - Green,Local,2026-09-05,2500.0,3000.0,2750.0,2750.0,quintal,2750.0,₹/quintal,True
Tamil Nadu,Salem,Mettur,Beans,Beans (Whole),Local,2026-09-05,7000.0,7500.0,7250.0,7250.0,quintal,7250.0,₹/quintal,True
Tamil Nadu,Salem,Mettur,Beetroot,Beetroot,Local,2026-09-05,6000.0,7000.0,6500.0,6500.0,quintal,6500.0,₹/quintal,True
Tamil Nadu,Salem,Mettur,Bhindi(Ladies Finger),Bhindi,Local,2026-09-05,2000.0,2500.0,2250.0,2250.0,quintal,2250.0,₹/quintal,True
Tamil Nadu,Salem,Mettur,Bitter gourd,Other,Local,2026-09-05,4500.0,5000.0,4750.0,4750.0,quintal,4750.0,₹/quintal,True
Tamil Nadu,Salem,Mettur,Bottle gourd,Bottle Gourd,Local,2026-09-05,1500.0,2000.0,1750.0,1750.0,quintal,1750.0,₹/quintal,True
Tamil Nadu,Salem,Mettur,Brinjal,Other,Local,2026-09-05,3500.0,4000.0,3750.0,3750.0,quintal,3750.0,₹/quintal,True
Tamil Nadu,Salem,Mettur,Cabbage,Cabbage,Local,2026-09-05,2500.0,3000.0,2750.0,2750.0,quintal,2750.0,₹/quintal,True
Tamil Nadu,Salem,Mettur,Capsicum,Capsicum,Local,2026-09-05,5500.0,6000.0,5750.0,5750.0,quintal,5750.0,₹/quintal,True
Tamil Nadu,Salem,Mettur,Carrot,Pusakesar,Local,2026-09-05,6000.0,7000.0,6500.0,6500.0,quintal,6500.0,₹/quintal,True
Tamil Nadu,Salem,Mettur,Cauliflower,Ranchi,Local,2026-09-05,2000.0,3000.0,2500.0,2500.0,quintal,2500.0,₹/quintal,True
Tamil Nadu,Salem,Mettur,Chow Chow,Chow Chow,Local,2026-09-05,3000.0,3500.0,3250.0,3250.0,quintal,3250.0,₹/quintal,True
Tamil Nadu,Salem,Mettur,Cluster beans,Cluster Beans,Local,2026-09-05,3000.0,3500.0,3250.0,3250.0,quintal,3250.0,₹/quintal,True
Tamil Nadu,Salem,Mettur,Coconut,Coconut,Local,2026-09-05,5000.0,6000.0,5500.0,5500.0,quintal,5500.0,₹/quintal,True
Tamil Nadu,Salem,Mettur,Coriander(Leaves),I Sort,Local,2026-09-05,3000.0,4000.0,3500.0,3500.0,quintal,3500.0,₹/quintal,True
Tamil Nadu,Salem,Mettur,Cucumbar(Kheera),Cucumbar,Local,2026-09-05,3500.0,4000.0,3750.0,3750.0,quintal,3750.0,₹/quintal,True
Tamil Nadu,Salem,Mettur,Drumstick,Drumstick,Local,2026-09-05,2500.0,2500.0,2500.0,2500.0,quintal,2500.0,₹/quintal,True
Tamil Nadu,Salem,Mettur,Elephant Yam(Suran)/Amorphophallus,Elephant Yam (Suran),Local,2026-09-05,4000.0,4000.0,4000.0,4000.0,quintal,4000.0,₹/quintal,True
Tamil Nadu,Salem,Mettur,Garlic,Garlic,Local,2026-09-05,20000.0,25000.0,22500.0,22500.0,quintal,22500.0,₹/quintal,True
Tamil Nadu,Salem,Mettur,Ginger(Green),Green Ginger,Local,2026-09-05,15000.0,16000.0,15500.0,15500.0,quintal,15500.0,₹/quintal,True
Tamil Nadu,Salem,Mettur,Green Avare(W),Other,Local,2026-09-05,5000.0,5500.0,5250.0,5250.0,quintal,5250.0,₹/quintal,True
Tamil Nadu,Salem,Mettur,Green Chilli,Green Chilly,Local,2026-09-05,4000.0,4500.0,4250.0,4250.0,quintal,4250.0,₹/quintal,True
Tamil Nadu,Salem,Mettur,Groundnut,Big (With Shell),Local,2026-09-05,5500.0,6000.0,5750.0,5750.0,quintal,5750.0,₹/quintal,True
Tamil Nadu,Salem,Mettur,Guava,Guava Allahabad,Local,2026-09-05,5000.0,6000.0,5500.0,5500.0,quintal,5500.0,₹/quintal,True
Tamil Nadu,Salem,Mettur,Knool Khol,Knool Khol,Local,2026-09-05,4500.0,4500.0,4500.0,4500.0,quintal,4500.0,₹/quintal,True
Tamil Nadu,Salem,Mettur,Lemon,Lemon,Local,2026-09-05,8000.0,10000.0,9000.0,9000.0,quintal,9000.0,₹/quintal,True
Tamil Nadu,Salem,Mettur,Marigold(Calcutta),Marigold(Calcutta),Local,2026-09-05,15000.0,18000.0,16500.0,16500.0,quintal,16500.0,₹/quintal,True
Tamil Nadu,Salem,Mettur,Mint(Pudina),Mint(Pudina),Local,2026-09-05,2500.0,3000.0,2750.0,2750.0,quintal,2750.0,₹/quintal,True
Tamil Nadu,Salem,Mettur,Onion,Bellary,Local,2026-09-05,5000.0,6500.0,5750.0,5750.0,quintal,5750.0,₹/quintal,True
Tamil Nadu,Salem,Mettur,Onion Green,Onion Green,Local,2026-09-05,5500.0,6500.0,6000.0,6000.0,quintal,6000.0,₹/quintal,True
Tamil Nadu,Salem,Mettur,Papaya,Papaya,Local,2026-09-05,2500.0,3000.0,2750.0,2750.0,quintal,2750.0,₹/quintal,True
Tamil Nadu,Salem,Mettur,Potato,Other,Local,2026-09-05,4500.0,4500.0,4500.0,4500.0,quintal,4500.0,₹/quintal,True
Tamil Nadu,Salem,Mettur,Pumpkin,Pumpkin,Local,2026-09-05,1500.0,2000.0,1750.0,1750.0,quintal,1750.0,₹/quintal,True
Tamil Nadu,Salem,Mettur,Raddish,Raddish,Local,2026-09-05,2000.0,2500.0,2250.0,2250.0,quintal,2250.0,₹/quintal,True
Tamil Nadu,Salem,Mettur,Ridgeguard(Tori),Ridgeguard(Tori),Local,2026-09-05,3000.0,4000.0,3500.0,3500.0,quintal,3500.0,₹/quintal,True
Tamil Nadu,Salem,Mettur,Rose(Local),Rose (Local),Local,2026-09-05,13000.0,15000.0,14000.0,14000.0,quintal,14000.0,₹/quintal,True
Tamil Nadu,Salem,Mettur,Snakeguard,Snakeguard,Local,2026-09-05,3000.0,3500.0,3250.0,3250.0,quintal,3250.0,₹/quintal,True
Tamil Nadu,Salem,Mettur,Sweet Corn ,Sweet Corn ,Local,2026-09-05,3500.0,4000.0,3750.0,3750.0,quintal,3750.0,₹/quintal,True
Tamil Nadu,Salem,Mettur,Sweet Potato,Hosur Red,Local,2026-09-05,3000.0,4000.0,3500.0,3500.0,quintal,3500.0,₹/quintal,True
Tamil Nadu,Salem,Mettur,Tapioca,Tapioca,Local,2026-09-05,3000.0,3500.0,3250.0,3250.0,quintal,3250.0,₹/quintal,True
Tamil Nadu,Salem,Mettur,Tender Coconut,Tender Coconut,Local,2026-09-05,3000.0,4000.0,3500.0,3500.0,quintal,3500.0,₹/quintal,True
Tamil Nadu,Salem,Mettur,Tomato,Local,Local,2026-09-05,2000.0,2500.0,2250.0,2250.0,quintal,2250.0,₹/quintal,True
Tamil Nadu,Salem,Mettur,Water Melon,Water Melon,Local,2026-09-05,1500.0,2000.0,1750.0,1750.0,quintal,1750.0,₹/quintal,True
Tamil Nadu,Salem,Sooramangalam,Amaranthus,Amaranthus,Local,2026-09-05,1800.0,2000.0,1900.0,1900.0,quintal,1900.0,₹/quintal,True
Tamil Nadu,Salem,Sooramangalam,Amla(Nelli Kai),Amla,Local,2026-09-05,7000.0,8000.0,7500.0,7500.0,quintal,7500.0,₹/quintal,True
Tamil Nadu,Salem,Sooramangalam,Ashgourd,Gouard,Local,2026-09-05,1500.0,1800.0,1650.0,1650.0,quintal,1650.0,₹/quintal,True
Tamil Nadu,Salem,Sooramangalam,Baby Corn,Baby Corn,Grade A,2026-09-05,2500.0,3000.0,2750.0,2750.0,quintal,2750.0,₹/quintal,True
Tamil Nadu,Salem,Sooramangalam,Banana,Red Banana,Local,2026-09-05,7500.0,8000.0,7750.0,7750.0,quintal,7750.0,₹/quintal,True
Tamil Nadu,Salem,Sooramangalam,Banana - Green,Banana - Green,Local,2026-09-05,2000.0,2400.0,2200.0,2200.0,quintal,2200.0,₹/quintal,True
Tamil Nadu,Salem,Sooramangalam,Beans,Beans (Whole),Local,2026-09-05,8000.0,10000.0,9000.0,9000.0,quintal,9000.0,₹/quintal,True
Tamil Nadu,Salem,Sooramangalam,Beetroot,Beetroot,Local,2026-09-05,6500.0,7000.0,6750.0,6750.0,quintal,6750.0,₹/quintal,True
Tamil Nadu,Salem,Sooramangalam,Bhindi(Ladies Finger),Bhindi,Local,2026-09-05,2500.0,2800.0,2650.0,2650.0,quintal,2650.0,₹/quintal,True
Tamil Nadu,Salem,Sooramangalam,Bitter gourd,Other,Local,2026-09-05,4000.0,4500.0,4250.0,4250.0,quintal,4250.0,₹/quintal,True
Tamil Nadu,Salem,Sooramangalam,Bottle gourd,Bottle Gourd,Local,2026-09-05,2000.0,3000.0,2500.0,2500.0,quintal,2500.0,₹/quintal,True
Tamil Nadu,Salem,Sooramangalam,Brinjal,Other,Local,2026-09-05,3000.0,3400.0,3200.0,3200.0,quintal,3200.0,₹/quintal,True
Tamil Nadu,Salem,Sooramangalam,Cabbage,Cabbage,Local,2026-09-05,2500.0,3000.0,2750.0,2750.0,quintal,2750.0,₹/quintal,True
Tamil Nadu,Salem,Sooramangalam,Capsicum,Capsicum,Local,2026-09-05,5500.0,5800.0,5650.0,5650.0,quintal,5650.0,₹/quintal,True
Tamil Nadu,Salem,Sooramangalam,Carrot,Pusakesar,Local,2026-09-05,6000.0,6400.0,6200.0,6200.0,quintal,6200.0,₹/quintal,True
Tamil Nadu,Salem,Sooramangalam,Chow Chow,Chow Chow,Local,2026-09-05,3400.0,3600.0,3500.0,3500.0,quintal,3500.0,₹/quintal,True
Tamil Nadu,Salem,Sooramangalam,Cluster beans,Cluster Beans,Local,2026-09-05,3000.0,3400.0,3200.0,3200.0,quintal,3200.0,₹/quintal,True
Tamil Nadu,Salem,Sooramangalam,Coconut,Coconut,Local,2026-09-05,6000.0,6500.0,6250.0,6250.0,quintal,6250.0,₹/quintal,True
Tamil Nadu,Salem,Sooramangalam,Colacasia,Colacasia,Local,2026-09-05,6500.0,7000.0,6750.0,6750.0,quintal,6750.0,₹/quintal,True
Tamil Nadu,Salem,Sooramangalam,Coriander(Leaves),I Sort,Local,2026-09-05,3400.0,3600.0,3500.0,3500.0,quintal,3500.0,₹/quintal,True
Tamil Nadu,Salem,Sooramangalam,Cowpea(Veg),Cowpea (Veg),Local,2026-09-05,4000.0,4500.0,4250.0,4250.0,quintal,4250.0,₹/quintal,True
Tamil Nadu,Salem,Sooramangalam,Cucumbar(Kheera),Cucumbar,Local,2026-09-05,3000.0,3500.0,3250.0,3250.0,quintal,3250.0,₹/quintal,True
Tamil Nadu,Salem,Sooramangalam,Drumstick,Drumstick,Local,2026-09-05,2500.0,3000.0,2750.0,2750.0,quintal,2750.0,₹/quintal,True
Tamil Nadu,Salem,Sooramangalam,Elephant Yam(Suran)/Amorphophallus,Elephant Yam (Suran),Local,2026-09-05,4500.0,5000.0,4750.0,4750.0,quintal,4750.0,₹/quintal,True
Tamil Nadu,Salem,Sooramangalam,Ginger(Green),Green Ginger,Local,2026-09-05,16000.0,16500.0,16250.0,16250.0,quintal,16250.0,₹/quintal,True
Tamil Nadu,Salem,Sooramangalam,Green Avare(W),Other,Local,2026-09-05,5500.0,5800.0,5650.0,5650.0,quintal,5650.0,₹/quintal,True
Tamil Nadu,Salem,Sooramangalam,Green Chilli,Green Chilly,Local,2026-09-05,3400.0,3600.0,3500.0,3500.0,quintal,3500.0,₹/quintal,True
Tamil Nadu,Salem,Sooramangalam,Green Peas,Green Peas,Local,2026-09-05,14000.0,14400.0,14200.0,14200.0,quintal,14200.0,₹/quintal,True
Tamil Nadu,Salem,Sooramangalam,Guava,Guava Allahabad,Local,2026-09-05,5000.0,6000.0,5500.0,5500.0,quintal,5500.0,₹/quintal,True
Tamil Nadu,Salem,Sooramangalam,Indian Beans(Seam),Indian Beans (Seam),Local,2026-09-05,5500.0,6000.0,5750.0,5750.0,quintal,5750.0,₹/quintal,True
Tamil Nadu,Salem,Sooramangalam,Knool Khol,Knool Khol,Local,2026-09-05,3800.0,4000.0,3900.0,3900.0,quintal,3900.0,₹/quintal,True
Tamil Nadu,Salem,Sooramangalam,Lemon,Lemon,Local,2026-09-05,17000.0,18000.0,17500.0,17500.0,quintal,17500.0,₹/quintal,True
Tamil Nadu,Salem,Sooramangalam,Lime,Lime,Local,2026-09-05,3500.0,4000.0,3750.0,3750.0,quintal,3750.0,₹/quintal,True
Tamil Nadu,Salem,Sooramangalam,Mango(Raw-Ripe),Mango - Raw-Ripe,Local,2026-09-05,3500.0,4000.0,3750.0,3750.0,quintal,3750.0,₹/quintal,True
Tamil Nadu,Salem,Sooramangalam,Marigold(Calcutta),Marigold(Calcutta),Local,2026-09-05,10000.0,12000.0,11000.0,11000.0,quintal,11000.0,₹/quintal,True
Tamil Nadu,Salem,Sooramangalam,Mint(Pudina),Mint(Pudina),Local,2026-09-05,3200.0,3400.0,3300.0,3300.0,quintal,3300.0,₹/quintal,True
Tamil Nadu,Salem,Sooramangalam,Mousambi(Sweet Lime),Mousambi,Local,2026-09-05,3500.0,4000.0,3750.0,3750.0,quintal,3750.0,₹/quintal,True
Tamil Nadu,Salem,Sooramangalam,Onion,Bellary,Local,2026-09-05,5000.0,6000.0,5500.0,5500.0,quintal,5500.0,₹/quintal,True
Tamil Nadu,Salem,Sooramangalam,Onion Green,Onion Green,Local,2026-09-05,5500.0,6000.0,5750.0,5750.0,quintal,5750.0,₹/quintal,True
Tamil Nadu,Salem,Sooramangalam,Papaya,Papaya,Local,2026-09-05,3500.0,4000.0,3750.0,3750.0,quintal,3750.0,₹/quintal,True
Tamil Nadu,Salem,Sooramangalam,Potato,Other,Local,2026-09-05,5500.0,6000.0,5750.0,5750.0,quintal,5750.0,₹/quintal,True
Tamil Nadu,Salem,Sooramangalam,Pumpkin,Pumpkin,Local,2026-09-05,1500.0,1800.0,1650.0,1650.0,quintal,1650.0,₹/quintal,True
Tamil Nadu,Salem,Sooramangalam,Raddish,Raddish,Local,2026-09-05,2400.0,2600.0,2500.0,2500.0,quintal,2500.0,₹/quintal,True
Tamil Nadu,Salem,Sooramangalam,Ridgeguard(Tori),Ridgeguard(Tori),Local,2026-09-05,3000.0,3600.0,3300.0,3300.0,quintal,3300.0,₹/quintal,True
Tamil Nadu,Salem,Sooramangalam,Rose(Local),Rose (Local),Local,2026-09-05,7000.0,8000.0,7500.0,7500.0,quintal,7500.0,₹/quintal,True
Tamil Nadu,Salem,Sooramangalam,Snakeguard,Snakeguard,Local,2026-09-05,3600.0,3800.0,3700.0,3700.0,quintal,3700.0,₹/quintal,True
Tamil Nadu,Salem,Sooramangalam,Sweet Corn ,Sweet Corn ,Local,2026-09-05,3000.0,3500.0,3250.0,3250.0,quintal,3250.0,₹/quintal,True
Tamil Nadu,Salem,Sooramangalam,Sweet Potato,Hosur Red,Local,2026-09-05,4500.0,5000.0,4750.0,4750.0,quintal,4750.0,₹/quintal,True
Tamil Nadu,Salem,Sooramangalam,Tapioca,Tapioca,Local,2026-09-05,3500.0,4000.0,3750.0,3750.0,quintal,3750.0,₹/quintal,True
Tamil Nadu,Salem,Sooramangalam,Tender Coconut,Tender Coconut,Local,2026-09-05,3500.0,4000.0,3750.0,3750.0,quintal,3750.0,₹/quintal,True
Tamil Nadu,Salem,Sooramangalam,Thondekai,Thondekai,Local,2026-09-05,3500.0,4000.0,3750.0,3750.0,quintal,3750.0,₹/quintal,True
Tamil Nadu,Salem,Sooramangalam,Tomato,Local,Local,2026-09-05,2200.0,2500.0,2350.0,2350.0,quintal,2350.0,₹/quintal,True
Tamil Nadu,Salem,Sooramangalam,Tube Rose(Loose),Tube Rose (Loose),Local,2026-09-05,18000.0,20000.0,19000.0,19000.0,quintal,19000.0,₹/quintal,True
Tamil Nadu,Salem,Sooramangalam,Yam(Ratalu),Yam (Ratalu),Local,2026-09-05,7500.0,8000.0,7750.0,7750.0,quintal,7750.0,₹/quintal,True
Tamil Nadu,Salem,Thammampatti,Amaranthus,Amaranthus,Local,2026-09-05,2000.0,2500.0,2250.0,2250.0,quintal,2250.0,₹/quintal,True
Tamil Nadu,Salem,Thammampatti,Amla(Nelli Kai),Amla,Local,2026-09-05,6000.0,7000.0,6500.0,6500.0,quintal,6500.0,₹/quintal,True
Tamil Nadu,Salem,Thammampatti,Ashgourd,Gouard,Local,2026-09-05,2000.0,2000.0,2000.0,2000.0,quintal,2000.0,₹/quintal,True
Tamil Nadu,Salem,Thammampatti,Baby Corn,Baby Corn,Grade A,2026-09-05,2500.0,3000.0,2750.0,2750.0,quintal,2750.0,₹/quintal,True
Tamil Nadu,Salem,Thammampatti,Banana,Red Banana,Local,2026-09-05,6500.0,7000.0,6750.0,6750.0,quintal,6750.0,₹/quintal,True
Tamil Nadu,Salem,Thammampatti,Banana - Green,Banana - Green,Local,2026-09-05,2000.0,2500.0,2250.0,2250.0,quintal,2250.0,₹/quintal,True
Tamil Nadu,Salem,Thammampatti,Beans,Beans (Whole),Local,2026-09-05,7500.0,8000.0,7750.0,7750.0,quintal,7750.0,₹/quintal,True
Tamil Nadu,Salem,Thammampatti,Beetroot,Beetroot,Local,2026-09-05,6500.0,7000.0,6750.0,6750.0,quintal,6750.0,₹/quintal,True
Tamil Nadu,Salem,Thammampatti,Bhindi(Ladies Finger),Bhindi,Local,2026-09-05,2500.0,3000.0,2750.0,2750.0,quintal,2750.0,₹/quintal,True
Tamil Nadu,Salem,Thammampatti,Bitter gourd,Bitter Gourd,Local,2026-09-05,4500.0,5000.0,4750.0,4750.0,quintal,4750.0,₹/quintal,True
Tamil Nadu,Salem,Thammampatti,Bottle gourd,Bottle Gourd,Local,2026-09-05,2000.0,2500.0,2250.0,2250.0,quintal,2250.0,₹/quintal,True
Tamil Nadu,Salem,Thammampatti,Brinjal,Round,Local,2026-09-05,2500.0,3000.0,2750.0,2750.0,quintal,2750.0,₹/quintal,True
Tamil Nadu,Salem,Thammampatti,Cabbage,Cabbage,Local,2026-09-05,3500.0,4000.0,3750.0,3750.0,quintal,3750.0,₹/quintal,True
Tamil Nadu,Salem,Thammampatti,Capsicum,Capsicum,Local,2026-09-05,7000.0,7000.0,7000.0,7000.0,quintal,7000.0,₹/quintal,True
Tamil Nadu,Salem,Thammampatti,Carrot,Pusakesar,Local,2026-09-05,6000.0,6500.0,6250.0,6250.0,quintal,6250.0,₹/quintal,True
Tamil Nadu,Salem,Thammampatti,Chikoos(Sapota),Sapota,Local,2026-09-05,4000.0,4000.0,4000.0,4000.0,quintal,4000.0,₹/quintal,True
Tamil Nadu,Salem,Thammampatti,Cluster beans,Cluster Beans,Local,2026-09-05,3500.0,4000.0,3750.0,3750.0,quintal,3750.0,₹/quintal,True
Tamil Nadu,Salem,Thammampatti,Coconut,Coconut,Local,2026-09-05,6000.0,6500.0,6250.0,6250.0,quintal,6250.0,₹/quintal,True
Tamil Nadu,Salem,Thammampatti,Coriander(Leaves),I Sort,Local,2026-09-05,3000.0,3500.0,3250.0,3250.0,quintal,3250.0,₹/quintal,True
Tamil Nadu,Salem,Thammampatti,Custard Apple(Sharifa),Custard Apple(Sharifa),Local,2026-09-05,4000.0,4000.0,4000.0,4000.0,quintal,4000.0,₹/quintal,True
Tamil Nadu,Salem,Thammampatti,Drumstick,Drumstick,Local,2026-09-05,2000.0,2000.0,2000.0,2000.0,quintal,2000.0,₹/quintal,True
Tamil Nadu,Salem,Thammampatti,Elephant Yam(Suran)/Amorphophallus,Elephant Yam (Suran),Local,2026-09-05,2000.0,2500.0,2250.0,2250.0,quintal,2250.0,₹/quintal,True
Tamil Nadu,Salem,Thammampatti,Garlic,Garlic,Local,2026-09-05,24000.0,28000.0,26000.0,26000.0,quintal,26000.0,₹/quintal,True
Tamil Nadu,Salem,Thammampatti,Ginger(Green),Green Ginger,Local,2026-09-05,16500.0,17000.0,16750.0,16750.0,quintal,16750.0,₹/quintal,True
Tamil Nadu,Salem,Thammampatti,Green Avare(W),Green Avare (W),Local,2026-09-05,7000.0,7500.0,7250.0,7250.0,quintal,7250.0,₹/quintal,True
Tamil Nadu,Salem,Thammampatti,Green Chilli,Green Chilly,Local,2026-09-05,3500.0,4000.0,3750.0,3750.0,quintal,3750.0,₹/quintal,True
Tamil Nadu,Salem,Thammampatti,Guava,Guava Allahabad,Local,2026-09-05,6000.0,6000.0,6000.0,6000.0,quintal,6000.0,₹/quintal,True
Tamil Nadu,Salem,Thammampatti,Knool Khol,Knool Khol,Local,2026-09-05,4000.0,4500.0,4250.0,4250.0,quintal,4250.0,₹/quintal,True
Tamil Nadu,Salem,Thammampatti,Lemon,Lemon,Local,2026-09-05,6000.0,8000.0,7000.0,7000.0,quintal,7000.0,₹/quintal,True
Tamil Nadu,Salem,Thammampatti,Lime,Lime,Local,2026-09-05,4000.0,4000.0,4000.0,4000.0,quintal,4000.0,₹/quintal,True
Tamil Nadu,Salem,Thammampatti,Mint(Pudina),Mint(Pudina),Local,2026-09-05,3500.0,4000.0,3750.0,3750.0,quintal,3750.0,₹/quintal,True
Tamil Nadu,Salem,Thammampatti,Onion,Bellary,Local,2026-09-05,5500.0,6200.0,5850.0,5850.0,quintal,5850.0,₹/quintal,True
Tamil Nadu,Salem,Thammampatti,Onion Green,Onion Green,Local,2026-09-05,5000.0,6000.0,5500.0,5500.0,quintal,5500.0,₹/quintal,True
Tamil Nadu,Salem,Thammampatti,Papaya,Papaya,Local,2026-09-05,2500.0,3000.0,2750.0,2750.0,quintal,2750.0,₹/quintal,True
Tamil Nadu,Salem,Thammampatti,Potato,Other,Local,2026-09-05,2800.0,3000.0,2900.0,2900.0,quintal,2900.0,₹/quintal,True
Tamil Nadu,Salem,Thammampatti,Pumpkin,Pumpkin,Local,2026-09-05,2000.0,2000.0,2000.0,2000.0,quintal,2000.0,₹/quintal,True
Tamil Nadu,Salem,Thammampatti,Raddish,Raddish,Local,2026-09-05,1600.0,2000.0,1800.0,1800.0,quintal,1800.0,₹/quintal,True
Tamil Nadu,Salem,Thammampatti,Ridgeguard(Tori),Ridgeguard(Tori),Local,2026-09-05,4000.0,4400.0,4200.0,4200.0,quintal,4200.0,₹/quintal,True
Tamil Nadu,Salem,Thammampatti,Snakeguard,Snakeguard,Local,2026-09-05,3000.0,3500.0,3250.0,3250.0,quintal,3250.0,₹/quintal,True
Tamil Nadu,Salem,Thammampatti,Tender Coconut,Tender Coconut,Local,2026-09-05,3000.0,4000.0,3500.0,3500.0,quintal,3500.0,₹/quintal,True
Tamil Nadu,Salem,Thammampatti,Thondekai,Thondekai,Local,2026-09-05,4500.0,5000.0,4750.0,4750.0,quintal,4750.0,₹/quintal,True
Tamil Nadu,Salem,Thammampatti,Tomato,Deshi,Local,2026-09-05,1500.0,2400.0,1950.0,1950.0,quintal,1950.0,₹/quintal,True
Tamil Nadu,Salem,Thathakapatti,Amaranthus,Amaranthus,Local,2026-09-05,2000.0,2400.0,2200.0,2200.0,quintal,2200.0,₹/quintal,True
Tamil Nadu,Salem,Thathakapatti,Amla(Nelli Kai),Amla,Local,2026-09-05,7000.0,7500.0,7250.0,7250.0,quintal,7250.0,₹/quintal,True
Tamil Nadu,Salem,Thathakapatti,Ashgourd,Gouard,Local,2026-09-05,1600.0,2000.0,1800.0,1800.0,quintal,1800.0,₹/quintal,True
Tamil Nadu,Salem,Thathakapatti,Banana,Besrai,Local,2026-09-05,4000.0,8000.0,6000.0,6000.0,quintal,6000.0,₹/quintal,True
Tamil Nadu,Salem,Thathakapatti,Banana - Green,Banana - Green,Local,2026-09-05,3000.0,4000.0,3500.0,3500.0,quintal,3500.0,₹/quintal,True
Tamil Nadu,Salem,Thathakapatti,Beans,Beans (Whole),Local,2026-09-05,8000.0,8500.0,8250.0,8250.0,quintal,8250.0,₹/quintal,True
Tamil Nadu,Salem,Thathakapatti,Beetroot,Beetroot,Local,2026-09-05,6500.0,7000.0,6750.0,6750.0,quintal,6750.0,₹/quintal,True
Tamil Nadu,Salem,Thathakapatti,Bhindi(Ladies Finger),Bhindi,Local,2026-09-05,2500.0,3000.0,2750.0,2750.0,quintal,2750.0,₹/quintal,True
Tamil Nadu,Salem,Thathakapatti,Bitter gourd,Bitter Gourd,Local,2026-09-05,5000.0,5500.0,5250.0,5250.0,quintal,5250.0,₹/quintal,True
Tamil Nadu,Salem,Thathakapatti,Bottle gourd,Bottle Gourd,Local,2026-09-05,2500.0,3000.0,2750.0,2750.0,quintal,2750.0,₹/quintal,True
Tamil Nadu,Salem,Thathakapatti,Brinjal,Round,Local,2026-09-05,3400.0,4000.0,3700.0,3700.0,quintal,3700.0,₹/quintal,True
Tamil Nadu,Salem,Thathakapatti,Cabbage,Cabbage,Local,2026-09-05,3400.0,3600.0,3500.0,3500.0,quintal,3500.0,₹/quintal,True
Tamil Nadu,Salem,Thathakapatti,Capsicum,Capsicum,Local,2026-09-05,5000.0,6000.0,5500.0,5500.0,quintal,5500.0,₹/quintal,True
Tamil Nadu,Salem,Thathakapatti,Carrot,Pusakesar,Local,2026-09-05,6000.0,6600.0,6300.0,6300.0,quintal,6300.0,₹/quintal,True
Tamil Nadu,Salem,Thathakapatti,Cauliflower,Ranchi,Local,2026-09-05,2000.0,2500.0,2250.0,2250.0,quintal,2250.0,₹/quintal,True
Tamil Nadu,Salem,Thathakapatti,Chikoos(Sapota),Sapota,Local,2026-09-05,3500.0,4000.0,3750.0,3750.0,quintal,3750.0,₹/quintal,True
Tamil Nadu,Salem,Thathakapatti,Chow Chow,Chow Chow,Local,2026-09-05,3400.0,3600.0,3500.0,3500.0,quintal,3500.0,₹/quintal,True
Tamil Nadu,Salem,Thathakapatti,Cluster beans,Cluster Beans,Local,2026-09-05,3000.0,3400.0,3200.0,3200.0,quintal,3200.0,₹/quintal,True
Tamil Nadu,Salem,Thathakapatti,Coconut,Coconut,Local,2026-09-05,6000.0,6500.0,6250.0,6250.0,quintal,6250.0,₹/quintal,True
Tamil Nadu,Salem,Thathakapatti,Colacasia,Colacasia,Local,2026-09-05,5000.0,6000.0,5500.0,5500.0,quintal,5500.0,₹/quintal,True
Tamil Nadu,Salem,Thathakapatti,Coriander(Leaves),I Sort,Local,2026-09-05,3500.0,4000.0,3750.0,3750.0,quintal,3750.0,₹/quintal,True
Tamil Nadu,Salem,Thathakapatti,Cowpea(Veg),Cowpea (Veg),Local,2026-09-05,4000.0,5000.0,4500.0,4500.0,quintal,4500.0,₹/quintal,True
Tamil Nadu,Salem,Thathakapatti,Cucumbar(Kheera),Cucumbar,Local,2026-09-05,4000.0,5000.0,4500.0,4500.0,quintal,4500.0,₹/quintal,True
Tamil Nadu,Salem,Thathakapatti,Custard Apple(Sharifa),Custard Apple(Sharifa),Local,2026-09-05,4000.0,5000.0,4500.0,4500.0,quintal,4500.0,₹/quintal,True
Tamil Nadu,Salem,Thathakapatti,Drumstick,Drumstick,Local,2026-09-05,2500.0,3000.0,2750.0,2750.0,quintal,2750.0,₹/quintal,True
Tamil Nadu,Salem,Thathakapatti,Elephant Yam(Suran)/Amorphophallus,Elephant Yam (Suran),Local,2026-09-05,5000.0,5500.0,5250.0,5250.0,quintal,5250.0,₹/quintal,True
Tamil Nadu,Salem,Thathakapatti,Garlic,Garlic,Local,2026-09-05,25000.0,28000.0,26500.0,26500.0,quintal,26500.0,₹/quintal,True
Tamil Nadu,Salem,Thathakapatti,Ginger(Green),Green Ginger,Local,2026-09-05,15000.0,16000.0,15500.0,15500.0,quintal,15500.0,₹/quintal,True
Tamil Nadu,Salem,Thathakapatti,Green Avare(W),Green Avare (W),Local,2026-09-05,6000.0,6500.0,6250.0,6250.0,quintal,6250.0,₹/quintal,True
Tamil Nadu,Salem,Thathakapatti,Green Chilli,Green Chilly,Local,2026-09-05,3800.0,4000.0,3900.0,3900.0,quintal,3900.0,₹/quintal,True
Tamil Nadu,Salem,Thathakapatti,Green Peas,Green Peas,Local,2026-09-05,13000.0,14000.0,13500.0,13500.0,quintal,13500.0,₹/quintal,True
Tamil Nadu,Salem,Thathakapatti,Groundnut,Big (With Shell),Local,2026-09-05,7000.0,8000.0,7500.0,7500.0,quintal,7500.0,₹/quintal,True
Tamil Nadu,Salem,Thathakapatti,Guava,Guava Allahabad,Local,2026-09-05,5000.0,6000.0,5500.0,5500.0,quintal,5500.0,₹/quintal,True
Tamil Nadu,Salem,Thathakapatti,Indian Beans(Seam),Indian Beans (Seam),Local,2026-09-05,5000.0,6000.0,5500.0,5500.0,quintal,5500.0,₹/quintal,True
Tamil Nadu,Salem,Thathakapatti,Jasmine,Jasmine,Local,2026-09-05,45000.0,50000.0,47500.0,47500.0,quintal,47500.0,₹/quintal,True
Tamil Nadu,Salem,Thathakapatti,Kakada,Kakada,Local,2026-09-05,25000.0,28000.0,26500.0,26500.0,quintal,26500.0,₹/quintal,True
Tamil Nadu,Salem,Thathakapatti,Knool Khol,Knool Khol,Local,2026-09-05,3500.0,4000.0,3750.0,3750.0,quintal,3750.0,₹/quintal,True
Tamil Nadu,Salem,Thathakapatti,Lemon,Lemon,Local,2026-09-05,18000.0,20000.0,19000.0,19000.0,quintal,19000.0,₹/quintal,True
Tamil Nadu,Salem,Thathakapatti,Lime,Lime,Local,2026-09-05,3500.0,4000.0,3750.0,3750.0,quintal,3750.0,₹/quintal,True
Tamil Nadu,Salem,Thathakapatti,Marigold(Calcutta),Marigold(Calcutta),Local,2026-09-05,10000.0,12000.0,11000.0,11000.0,quintal,11000.0,₹/quintal,True
Tamil Nadu,Salem,Thathakapatti,Mint(Pudina),Mint(Pudina),Local,2026-09-05,3000.0,3400.0,3200.0,3200.0,quintal,3200.0,₹/quintal,True
Tamil Nadu,Salem,Thathakapatti,Mousambi(Sweet Lime),Mousambi,Local,2026-09-05,3500.0,4000.0,3750.0,3750.0,quintal,3750.0,₹/quintal,True
Tamil Nadu,Salem,Thathakapatti,Onion,Bellary,Local,2026-09-05,5000.0,6000.0,5500.0,5500.0,quintal,5500.0,₹/quintal,True
Tamil Nadu,Salem,Thathakapatti,Onion Green,Onion Green,Local,2026-09-05,6000.0,6800.0,6400.0,6400.0,quintal,6400.0,₹/quintal,True
Tamil Nadu,Salem,Thathakapatti,Papaya,Papaya,Local,2026-09-05,3500.0,4000.0,3750.0,3750.0,quintal,3750.0,₹/quintal,True
Tamil Nadu,Salem,Thathakapatti,Pomegranate,Pomogranate,Local,2026-09-05,12000.0,16000.0,14000.0,14000.0,quintal,14000.0,₹/quintal,True
Tamil Nadu,Salem,Thathakapatti,Potato,Red Nanital,Local,2026-09-05,2800.0,6000.0,4400.0,4400.0,quintal,4400.0,₹/quintal,True
Tamil Nadu,Salem,Thathakapatti,Pumpkin,Pumpkin,Local,2026-09-05,2000.0,2400.0,2200.0,2200.0,quintal,2200.0,₹/quintal,True
Tamil Nadu,Salem,Thathakapatti,Raddish,Raddish,Local,2026-09-05,2000.0,2400.0,2200.0,2200.0,quintal,2200.0,₹/quintal,True
Tamil Nadu,Salem,Thathakapatti,Ridgeguard(Tori),Ridgeguard(Tori),Local,2026-09-05,3000.0,4000.0,3500.0,3500.0,quintal,3500.0,₹/quintal,True
Tamil Nadu,Salem,Thathakapatti,Rose(Local),Rose (Local),Local,2026-09-05,12000.0,14000.0,13000.0,13000.0,quintal,13000.0,₹/quintal,True
Tamil Nadu,Salem,Thathakapatti,Snakeguard,Snakeguard,Local,2026-09-05,3000.0,3400.0,3200.0,3200.0,quintal,3200.0,₹/quintal,True
Tamil Nadu,Salem,Thathakapatti,Sweet Corn ,Sweet Corn ,Local,2026-09-05,3500.0,4000.0,3750.0,3750.0,quintal,3750.0,₹/quintal,True
Tamil Nadu,Salem,Thathakapatti,Sweet Potato,Hosur Red,Local,2026-09-05,4000.0,5000.0,4500.0,4500.0,quintal,4500.0,₹/quintal,True
Tamil Nadu,Salem,Thathakapatti,Tamarind Fruit,Tamarind Fruit,Local,2026-09-05,13000.0,15000.0,14000.0,14000.0,quintal,14000.0,₹/quintal,True
Tamil Nadu,Salem,Thathakapatti,Tapioca,Tapioca,Local,2026-09-05,3000.0,4000.0,3500.0,3500.0,quintal,3500.0,₹/quintal,True
Tamil Nadu,Salem,Thathakapatti,Tender Coconut,Tender Coconut,Local,2026-09-05,3000.0,5000.0,4000.0,4000.0,quintal,4000.0,₹/quintal,True
Tamil Nadu,Salem,Thathakapatti,Thondekai,Thondekai,Local,2026-09-05,3500.0,4000.0,3750.0,3750.0,quintal,3750.0,₹/quintal,True
Tamil Nadu,Salem,Thathakapatti,Tomato,Deshi,Local,2026-09-05,2000.0,2600.0,2300.0,2300.0,quintal,2300.0,₹/quintal,True
Tamil Nadu,Salem,Thathakapatti,Tube Rose(Loose),Tube Rose (Loose),Local,2026-09-05,10000.0,12000.0,11000.0,11000.0,quintal,11000.0,₹/quintal,True
Tamil Nadu,Salem,Thathakapatti,Yam(Ratalu),Yam (Ratalu),Local,2026-09-05,7000.0,8000.0,7500.0,7500.0,quintal,7500.0,₹/quintal,True
Tamil Nadu,Salem,Vazhapadi,Amaranthus,Amaranthus,Local,2026-09-05,2000.0,2500.0,2250.0,2250.0,quintal,2250.0,₹/quintal,True
Tamil Nadu,Salem,Vazhapadi,Ashgourd,Gouard,Local,2026-09-05,2500.0,3000.0,2750.0,2750.0,quintal,2750.0,₹/quintal,True
Tamil Nadu,Salem,Vazhapadi,Banana,Red Banana,Local,2026-09-05,6500.0,7000.0,6750.0,6750.0,quintal,6750.0,₹/quintal,True
Tamil Nadu,Salem,Vazhapadi,Banana - Green,Banana - Green,Local,2026-09-05,2500.0,2500.0,2500.0,2500.0,quintal,2500.0,₹/quintal,True
Tamil Nadu,Salem,Vazhapadi,Beans,Beans (Whole),Local,2026-09-05,7000.0,8000.0,7500.0,7500.0,quintal,7500.0,₹/quintal,True
Tamil Nadu,Salem,Vazhapadi,Beetroot,Beetroot,Local,2026-09-05,5000.0,5000.0,5000.0,5000.0,quintal,5000.0,₹/quintal,True
Tamil Nadu,Salem,Vazhapadi,Bhindi(Ladies Finger),Bhindi,Local,2026-09-05,2800.0,3000.0,2900.0,2900.0,quintal,2900.0,₹/quintal,True
Tamil Nadu,Salem,Vazhapadi,Bitter gourd,Bitter Gourd,Local,2026-09-05,5000.0,5000.0,5000.0,5000.0,quintal,5000.0,₹/quintal,True
Tamil Nadu,Salem,Vazhapadi,Bottle gourd,Bottle Gourd,Local,2026-09-05,2000.0,2500.0,2250.0,2250.0,quintal,2250.0,₹/quintal,True
Tamil Nadu,Salem,Vazhapadi,Brinjal,Other,Local,2026-09-05,2500.0,2500.0,2500.0,2500.0,quintal,2500.0,₹/quintal,True
Tamil Nadu,Salem,Vazhapadi,Cabbage,Cabbage,Local,2026-09-05,3000.0,3000.0,3000.0,3000.0,quintal,3000.0,₹/quintal,True
Tamil Nadu,Salem,Vazhapadi,Carrot,Pusakesar,Local,2026-09-05,6000.0,6500.0,6250.0,6250.0,quintal,6250.0,₹/quintal,True
Tamil Nadu,Salem,Vazhapadi,Cauliflower,Ranchi,Local,2026-09-05,3000.0,3000.0,3000.0,3000.0,quintal,3000.0,₹/quintal,True
Tamil Nadu,Salem,Vazhapadi,Cluster beans,Cluster Beans,Local,2026-09-05,3000.0,3500.0,3250.0,3250.0,quintal,3250.0,₹/quintal,True
Tamil Nadu,Salem,Vazhapadi,Coconut,Coconut,Local,2026-09-05,5500.0,6000.0,5750.0,5750.0,quintal,5750.0,₹/quintal,True
Tamil Nadu,Salem,Vazhapadi,Coriander(Leaves),I Sort,Local,2026-09-05,5000.0,5000.0,5000.0,5000.0,quintal,5000.0,₹/quintal,True
Tamil Nadu,Salem,Vazhapadi,Drumstick,Drumstick,Local,2026-09-05,2000.0,2000.0,2000.0,2000.0,quintal,2000.0,₹/quintal,True
Tamil Nadu,Salem,Vazhapadi,Garlic,Garlic,Local,2026-09-05,23000.0,23000.0,23000.0,23000.0,quintal,23000.0,₹/quintal,True
Tamil Nadu,Salem,Vazhapadi,Ginger(Green),Green Ginger,Local,2026-09-05,16000.0,16000.0,16000.0,16000.0,quintal,16000.0,₹/quintal,True
Tamil Nadu,Salem,Vazhapadi,Green Avare(W),Other,Local,2026-09-05,6000.0,6000.0,6000.0,6000.0,quintal,6000.0,₹/quintal,True
Tamil Nadu,Salem,Vazhapadi,Green Chilli,Green Chilly,Local,2026-09-05,5000.0,5500.0,5250.0,5250.0,quintal,5250.0,₹/quintal,True
Tamil Nadu,Salem,Vazhapadi,Lemon,Lemon,Local,2026-09-05,9000.0,9000.0,9000.0,9000.0,quintal,9000.0,₹/quintal,True
Tamil Nadu,Salem,Vazhapadi,Mint(Pudina),Mint(Pudina),Local,2026-09-05,3500.0,3500.0,3500.0,3500.0,quintal,3500.0,₹/quintal,True
Tamil Nadu,Salem,Vazhapadi,Onion,Bellary,Local,2026-09-05,6000.0,6500.0,6250.0,6250.0,quintal,6250.0,₹/quintal,True
Tamil Nadu,Salem,Vazhapadi,Onion Green,Onion Green,Local,2026-09-05,6000.0,7000.0,6500.0,6500.0,quintal,6500.0,₹/quintal,True
Tamil Nadu,Salem,Vazhapadi,Papaya,Papaya,Local,2026-09-05,3000.0,3000.0,3000.0,3000.0,quintal,3000.0,₹/quintal,True
Tamil Nadu,Salem,Vazhapadi,Potato,Red Nanital,Local,2026-09-05,3000.0,3000.0,3000.0,3000.0,quintal,3000.0,₹/quintal,True
Tamil Nadu,Salem,Vazhapadi,Pumpkin,Pumpkin,Local,2026-09-05,2500.0,2500.0,2500.0,2500.0,quintal,2500.0,₹/quintal,True
Tamil Nadu,Salem,Vazhapadi,Raddish,Raddish,Local,2026-09-05,2500.0,3000.0,2750.0,2750.0,quintal,2750.0,₹/quintal,True
Tamil Nadu,Salem,Vazhapadi,Ridgeguard(Tori),Ridgeguard(Tori),Local,2026-09-05,3000.0,3500.0,3250.0,3250.0,quintal,3250.0,₹/quintal,True
Tamil Nadu,Salem,Vazhapadi,Snakeguard,Snakeguard,Local,2026-09-05,2800.0,3000.0,2900.0,2900.0,quintal,2900.0,₹/quintal,True
Tamil Nadu,Salem,Vazhapadi,Thondekai,Thondekai,Local,2026-09-05,5000.0,5000.0,5000.0,5000.0,quintal,5000.0,₹/quintal,True
Tamil Nadu,Salem,Vazhapadi,Tomato,Local,Local,2026-09-05,2500.0,3000.0,2750.0,2750.0,quintal,2750.0,₹/quintal,True
Tamil Nadu,Salem,Vazhapadi,Water Melon,Water Melon,Local,2026-09-05,2000.0,2000.0,2000.0,2000.0,quintal,2000.0,₹/quintal,True
Tamil Nadu,Salem,Vazhapadi,Yam(Ratalu),Yam (Ratalu),Local,2026-09-05,7000.0,7000.0,7000.0,7000.0,quintal,7000.0,₹/quintal,True
Tamil Nadu,Sivaganga,Devakottai,Amaranthus,Amaranthus,Local,2026-09-05,3500.0,4000.0,3750.0,3750.0,quintal,3750.0,₹/quintal,True
Tamil Nadu,Sivaganga,Devakottai,Ashgourd,Gouard,Local,2026-09-05,2000.0,2500.0,2250.0,2250.0,quintal,2250.0,₹/quintal,True
Tamil Nadu,Sivaganga,Devakottai,Banana,Besrai,Local,2026-09-05,3500.0,4000.0,3750.0,3750.0,quintal,3750.0,₹/quintal,True
Tamil Nadu,Sivaganga,Devakottai,Banana - Green,Banana - Green,Local,2026-09-05,2500.0,3000.0,2750.0,2750.0,quintal,2750.0,₹/quintal,True
Tamil Nadu,Sivaganga,Devakottai,Beans,Beans (Whole),Local,2026-09-05,8400.0,9000.0,8700.0,8700.0,quintal,8700.0,₹/quintal,True
Tamil Nadu,Sivaganga,Devakottai,Beetroot,Beetroot,Local,2026-09-05,5000.0,5500.0,5250.0,5250.0,quintal,5250.0,₹/quintal,True
Tamil Nadu,Sivaganga,Devakottai,Bhindi(Ladies Finger),Bhindi,Local,2026-09-05,3200.0,3400.0,3300.0,3300.0,quintal,3300.0,₹/quintal,True
Tamil Nadu,Sivaganga,Devakottai,Bitter gourd,Bitter Gourd,Local,2026-09-05,5000.0,5500.0,5250.0,5250.0,quintal,5250.0,₹/quintal,True
Tamil Nadu,Sivaganga,Devakottai,Bottle gourd,Bottle Gourd,Local,2026-09-05,3200.0,3500.0,3350.0,3350.0,quintal,3350.0,₹/quintal,True
Tamil Nadu,Sivaganga,Devakottai,Brinjal,Round,Local,2026-09-05,4000.0,4500.0,4250.0,4250.0,quintal,4250.0,₹/quintal,True
Tamil Nadu,Sivaganga,Devakottai,Cabbage,Cabbage,Local,2026-09-05,3000.0,3500.0,3250.0,3250.0,quintal,3250.0,₹/quintal,True
Tamil Nadu,Sivaganga,Devakottai,Carrot,Pusakesar,Local,2026-09-05,3400.0,5500.0,4450.0,4450.0,quintal,4450.0,₹/quintal,True
Tamil Nadu,Sivaganga,Devakottai,Cauliflower,Ranchi,Local,2026-09-05,3500.0,4000.0,3750.0,3750.0,quintal,3750.0,₹/quintal,True
Tamil Nadu,Sivaganga,Devakottai,Chikoos(Sapota),Sapota,Local,2026-09-05,4400.0,6500.0,5450.0,5450.0,quintal,5450.0,₹/quintal,True
Tamil Nadu,Sivaganga,Devakottai,Chow Chow,Chow Chow,Local,2026-09-05,3000.0,3500.0,3250.0,3250.0,quintal,3250.0,₹/quintal,True
Tamil Nadu,Sivaganga,Devakottai,Cluster beans,Cluster Beans,Local,2026-09-05,3000.0,3500.0,3250.0,3250.0,quintal,3250.0,₹/quintal,True
Tamil Nadu,Sivaganga,Devakottai,Coconut,Coconut,Local,2026-09-05,7000.0,7500.0,7250.0,7250.0,quintal,7250.0,₹/quintal,True
Tamil Nadu,Sivaganga,Devakottai,Coriander(Leaves),I Sort,Local,2026-09-05,4000.0,4500.0,4250.0,4250.0,quintal,4250.0,₹/quintal,True
Tamil Nadu,Sivaganga,Devakottai,Drumstick,Drumstick,Local,2026-09-05,3000.0,3500.0,3250.0,3250.0,quintal,3250.0,₹/quintal,True
Tamil Nadu,Sivaganga,Devakottai,Elephant Yam(Suran)/Amorphophallus,Elephant Yam (Suran),Local,2026-09-05,4500.0,5000.0,4750.0,4750.0,quintal,4750.0,₹/quintal,True
Tamil Nadu,Sivaganga,Devakottai,Ginger(Green),Green Ginger,Local,2026-09-05,12400.0,19000.0,15700.0,15700.0,quintal,15700.0,₹/quintal,True
Tamil Nadu,Sivaganga,Devakottai,Green Avare(W),Green Avare (W),Local,2026-09-05,6400.0,7000.0,6700.0,6700.0,quintal,6700.0,₹/quintal,True
Tamil Nadu,Sivaganga,Devakottai,Green Chilli,Green Chilly,Local,2026-09-05,4500.0,5000.0,4750.0,4750.0,quintal,4750.0,₹/quintal,True
Tamil Nadu,Sivaganga,Devakottai,Guava,Guava Allahabad,Local,2026-09-05,6400.0,7500.0,6950.0,6950.0,quintal,6950.0,₹/quintal,True
Tamil Nadu,Sivaganga,Devakottai,Lemon,Lemon,Local,2026-09-05,22000.0,24500.0,23250.0,23250.0,quintal,23250.0,₹/quintal,True
Tamil Nadu,Sivaganga,Devakottai,Mango(Raw-Ripe),Mango - Raw-Ripe,Local,2026-09-05,9500.0,10500.0,10000.0,10000.0,quintal,10000.0,₹/quintal,True
Tamil Nadu,Sivaganga,Devakottai,Mint(Pudina),Mint(Pudina),Local,2026-09-05,5000.0,5500.0,5250.0,5250.0,quintal,5250.0,₹/quintal,True
Tamil Nadu,Sivaganga,Devakottai,Onion,Bellary,Local,2026-09-05,6000.0,7000.0,6500.0,6500.0,quintal,6500.0,₹/quintal,True
Tamil Nadu,Sivaganga,Devakottai,Onion Green,Onion Green,Local,2026-09-05,8000.0,8500.0,8250.0,8250.0,quintal,8250.0,₹/quintal,True
Tamil Nadu,Sivaganga,Devakottai,Papaya,Papaya,Local,2026-09-05,5000.0,5500.0,5250.0,5250.0,quintal,5250.0,₹/quintal,True
Tamil Nadu,Sivaganga,Devakottai,Potato,Red Nanital,Local,2026-09-05,3200.0,3500.0,3350.0,3350.0,quintal,3350.0,₹/quintal,True
Tamil Nadu,Sivaganga,Devakottai,Pumpkin,Pumpkin,Local,2026-09-05,2000.0,2500.0,2250.0,2250.0,quintal,2250.0,₹/quintal,True
Tamil Nadu,Sivaganga,Devakottai,Raddish,Raddish,Local,2026-09-05,2800.0,3000.0,2900.0,2900.0,quintal,2900.0,₹/quintal,True
Tamil Nadu,Sivaganga,Devakottai,Ridgeguard(Tori),Ridgeguard(Tori),Local,2026-09-05,4400.0,5500.0,4950.0,4950.0,quintal,4950.0,₹/quintal,True
Tamil Nadu,Sivaganga,Devakottai,Snakeguard,Snakeguard,Local,2026-09-05,3500.0,4000.0,3750.0,3750.0,quintal,3750.0,₹/quintal,True
Tamil Nadu,Sivaganga,Devakottai,Tomato,Deshi,Local,2026-09-05,3000.0,3500.0,3250.0,3250.0,quintal,3250.0,₹/quintal,True
Tamil Nadu,Sivaganga,Devakottai,Yam(Ratalu),Yam (Ratalu),Local,2026-09-05,7000.0,7500.0,7250.0,7250.0,quintal,7250.0,₹/quintal,True
Tamil Nadu,Sivaganga,Karaikudi,Amaranthus,Amaranthus,Local,2026-09-05,3500.0,4000.0,3750.0,3750.0,quintal,3750.0,₹/quintal,True
Tamil Nadu,Sivaganga,Karaikudi,Ashgourd,Gouard,Local,2026-09-05,2000.0,2400.0,2200.0,2200.0,quintal,2200.0,₹/quintal,True
Tamil Nadu,Sivaganga,Karaikudi,Banana,Besrai,Local,2026-09-05,3500.0,4000.0,3750.0,3750.0,quintal,3750.0,₹/quintal,True
Tamil Nadu,Sivaganga,Karaikudi,Banana - Green,Banana - Green,Local,2026-09-05,3500.0,4000.0,3750.0,3750.0,quintal,3750.0,₹/quintal,True
Tamil Nadu,Sivaganga,Karaikudi,Beans,Beans (Whole),Local,2026-09-05,8500.0,9500.0,9000.0,9000.0,quintal,9000.0,₹/quintal,True
Tamil Nadu,Sivaganga,Karaikudi,Beetroot,Beetroot,Local,2026-09-05,5000.0,5500.0,5250.0,5250.0,quintal,5250.0,₹/quintal,True
Tamil Nadu,Sivaganga,Karaikudi,Bhindi(Ladies Finger),Bhindi,Local,2026-09-05,3200.0,3600.0,3400.0,3400.0,quintal,3400.0,₹/quintal,True
Tamil Nadu,Sivaganga,Karaikudi,Bitter gourd,Bitter Gourd,Local,2026-09-05,4800.0,5400.0,5100.0,5100.0,quintal,5100.0,₹/quintal,True
Tamil Nadu,Sivaganga,Karaikudi,Bottle gourd,Bottle Gourd,Local,2026-09-05,3000.0,3400.0,3200.0,3200.0,quintal,3200.0,₹/quintal,True
Tamil Nadu,Sivaganga,Karaikudi,Brinjal,Round,Local,2026-09-05,4800.0,5400.0,5100.0,5100.0,quintal,5100.0,₹/quintal,True
Tamil Nadu,Sivaganga,Karaikudi,Cabbage,Cabbage,Local,2026-09-05,3000.0,3500.0,3250.0,3250.0,quintal,3250.0,₹/quintal,True
Tamil Nadu,Sivaganga,Karaikudi,Capsicum,Capsicum,Local,2026-09-05,7500.0,8500.0,8000.0,8000.0,quintal,8000.0,₹/quintal,True
Tamil Nadu,Sivaganga,Karaikudi,Carrot,Pusakesar,Local,2026-09-05,5000.0,5500.0,5250.0,5250.0,quintal,5250.0,₹/quintal,True
Tamil Nadu,Sivaganga,Karaikudi,Cauliflower,Ranchi,Local,2026-09-05,3500.0,4000.0,3750.0,3750.0,quintal,3750.0,₹/quintal,True
Tamil Nadu,Sivaganga,Karaikudi,Chow Chow,Chow Chow,Local,2026-09-05,3200.0,3600.0,3400.0,3400.0,quintal,3400.0,₹/quintal,True
Tamil Nadu,Sivaganga,Karaikudi,Cluster beans,Cluster Beans,Local,2026-09-05,3400.0,3600.0,3500.0,3500.0,quintal,3500.0,₹/quintal,True
Tamil Nadu,Sivaganga,Karaikudi,Coconut,Coconut,Local,2026-09-05,7200.0,7400.0,7300.0,7300.0,quintal,7300.0,₹/quintal,True
Tamil Nadu,Sivaganga,Karaikudi,Coriander(Leaves),I Sort,Local,2026-09-05,4000.0,4400.0,4200.0,4200.0,quintal,4200.0,₹/quintal,True
Tamil Nadu,Sivaganga,Karaikudi,Drumstick,Drumstick,Local,2026-09-05,4400.0,5400.0,4900.0,4900.0,quintal,4900.0,₹/quintal,True
Tamil Nadu,Sivaganga,Karaikudi,Elephant Yam(Suran)/Amorphophallus,Elephant Yam (Suran),Local,2026-09-05,5000.0,5500.0,5250.0,5250.0,quintal,5250.0,₹/quintal,True
Tamil Nadu,Sivaganga,Karaikudi,Ginger(Green),Green Ginger,Local,2026-09-05,18500.0,19500.0,19000.0,19000.0,quintal,19000.0,₹/quintal,True
Tamil Nadu,Sivaganga,Karaikudi,Green Avare(W),Green Avare (W),Local,2026-09-05,5400.0,6400.0,5900.0,5900.0,quintal,5900.0,₹/quintal,True
Tamil Nadu,Sivaganga,Karaikudi,Green Chilli,Green Chilly,Local,2026-09-05,4400.0,4800.0,4600.0,4600.0,quintal,4600.0,₹/quintal,True
Tamil Nadu,Sivaganga,Karaikudi,Guava,Guava Allahabad,Local,2026-09-05,6400.0,7400.0,6900.0,6900.0,quintal,6900.0,₹/quintal,True
Tamil Nadu,Sivaganga,Karaikudi,Knool Khol,Knool Khol,Local,2026-09-05,3400.0,4000.0,3700.0,3700.0,quintal,3700.0,₹/quintal,True
Tamil Nadu,Sivaganga,Karaikudi,Lemon,Lemon,Local,2026-09-05,22500.0,24500.0,23500.0,23500.0,quintal,23500.0,₹/quintal,True
Tamil Nadu,Sivaganga,Karaikudi,Mango(Raw-Ripe),Mango - Raw-Ripe,Local,2026-09-05,9500.0,10500.0,10000.0,10000.0,quintal,10000.0,₹/quintal,True
Tamil Nadu,Sivaganga,Karaikudi,Mint(Pudina),Mint(Pudina),Local,2026-09-05,4800.0,5400.0,5100.0,5100.0,quintal,5100.0,₹/quintal,True
Tamil Nadu,Sivaganga,Karaikudi,Onion,Bellary,Local,2026-09-05,6400.0,6800.0,6600.0,6600.0,quintal,6600.0,₹/quintal,True
Tamil Nadu,Sivaganga,Karaikudi,Onion Green,Onion Green,Local,2026-09-05,7800.0,8400.0,8100.0,8100.0,quintal,8100.0,₹/quintal,True
Tamil Nadu,Sivaganga,Karaikudi,Papaya,Papaya,Local,2026-09-05,4800.0,5400.0,5100.0,5100.0,quintal,5100.0,₹/quintal,True
Tamil Nadu,Sivaganga,Karaikudi,Potato,Red Nanital,Local,2026-09-05,5500.0,6000.0,5750.0,5750.0,quintal,5750.0,₹/quintal,True
Tamil Nadu,Sivaganga,Karaikudi,Pumpkin,Pumpkin,Local,2026-09-05,2000.0,2400.0,2200.0,2200.0,quintal,2200.0,₹/quintal,True
Tamil Nadu,Sivaganga,Karaikudi,Raddish,Raddish,Local,2026-09-05,2800.0,3200.0,3000.0,3000.0,quintal,3000.0,₹/quintal,True
Tamil Nadu,Sivaganga,Karaikudi,Ridgeguard(Tori),Ridgeguard(Tori),Local,2026-09-05,4400.0,5400.0,4900.0,4900.0,quintal,4900.0,₹/quintal,True
Tamil Nadu,Sivaganga,Karaikudi,Snakeguard,Snakeguard,Local,2026-09-05,3400.0,4000.0,3700.0,3700.0,quintal,3700.0,₹/quintal,True
Tamil Nadu,Sivaganga,Karaikudi,Tomato,Deshi,Local,2026-09-05,3200.0,3600.0,3400.0,3400.0,quintal,3400.0,₹/quintal,True
Tamil Nadu,Sivaganga,Karaikudi,Yam(Ratalu),Yam (Ratalu),Local,2026-09-05,6800.0,7400.0,7100.0,7100.0,quintal,7100.0,₹/quintal,True
Tamil Nadu,Sivaganga,Singampunari,Amaranthus,Amaranthus,Local,2026-09-05,3000.0,4000.0,3500.0,3500.0,quintal,3500.0,₹/quintal,True
Tamil Nadu,Sivaganga,Singampunari,Ashgourd,Gouard,Local,2026-09-05,1800.0,2200.0,2000.0,2000.0,quintal,2000.0,₹/quintal,True
Tamil Nadu,Sivaganga,Singampunari,Banana,Karpura,Local,2026-09-05,3500.0,4000.0,3750.0,3750.0,quintal,3750.0,₹/quintal,True
Tamil Nadu,Sivaganga,Singampunari,Banana - Green,Banana - Green,Local,2026-09-05,2500.0,3000.0,2750.0,2750.0,quintal,2750.0,₹/quintal,True
Tamil Nadu,Sivaganga,Singampunari,Beans,Beans (Whole),Local,2026-09-05,8400.0,9200.0,8800.0,8800.0,quintal,8800.0,₹/quintal,True
Tamil Nadu,Sivaganga,Singampunari,Beetroot,Beetroot,Local,2026-09-05,4600.0,5200.0,4900.0,4900.0,quintal,4900.0,₹/quintal,True
Tamil Nadu,Sivaganga,Singampunari,Bhindi(Ladies Finger),Bhindi,Local,2026-09-05,3000.0,3400.0,3200.0,3200.0,quintal,3200.0,₹/quintal,True
Tamil Nadu,Sivaganga,Singampunari,Bitter gourd,Other,Local,2026-09-05,4600.0,5200.0,4900.0,4900.0,quintal,4900.0,₹/quintal,True
Tamil Nadu,Sivaganga,Singampunari,Bottle gourd,Bottle Gourd,Local,2026-09-05,2600.0,3000.0,2800.0,2800.0,quintal,2800.0,₹/quintal,True
Tamil Nadu,Sivaganga,Singampunari,Brinjal,Other,Local,2026-09-05,3800.0,4200.0,4000.0,4000.0,quintal,4000.0,₹/quintal,True
Tamil Nadu,Sivaganga,Singampunari,Cabbage,Cabbage,Local,2026-09-05,2800.0,3200.0,3000.0,3000.0,quintal,3000.0,₹/quintal,True
Tamil Nadu,Sivaganga,Singampunari,Carrot,Pusakesar,Local,2026-09-05,3400.0,5200.0,4300.0,4300.0,quintal,4300.0,₹/quintal,True
Tamil Nadu,Sivaganga,Singampunari,Cauliflower,Ranchi,Local,2026-09-05,3200.0,3600.0,3400.0,3400.0,quintal,3400.0,₹/quintal,True
Tamil Nadu,Sivaganga,Singampunari,Chow Chow,Chow Chow,Local,2026-09-05,3000.0,3400.0,3200.0,3200.0,quintal,3200.0,₹/quintal,True
Tamil Nadu,Sivaganga,Singampunari,Cluster beans,Cluster Beans,Local,2026-09-05,3200.0,3400.0,3300.0,3300.0,quintal,3300.0,₹/quintal,True
Tamil Nadu,Sivaganga,Singampunari,Coconut,Coconut,Local,2026-09-05,6200.0,6800.0,6500.0,6500.0,quintal,6500.0,₹/quintal,True
Tamil Nadu,Sivaganga,Singampunari,Coriander(Leaves),I Sort,Local,2026-09-05,3800.0,4200.0,4000.0,4000.0,quintal,4000.0,₹/quintal,True
Tamil Nadu,Sivaganga,Singampunari,Drumstick,Drumstick,Local,2026-09-05,3400.0,5200.0,4300.0,4300.0,quintal,4300.0,₹/quintal,True
Tamil Nadu,Sivaganga,Singampunari,Ginger(Green),Green Ginger,Local,2026-09-05,12000.0,19000.0,15500.0,15500.0,quintal,15500.0,₹/quintal,True
Tamil Nadu,Sivaganga,Singampunari,Green Avare(W),Other,Local,2026-09-05,5400.0,6200.0,5800.0,5800.0,quintal,5800.0,₹/quintal,True
Tamil Nadu,Sivaganga,Singampunari,Green Chilli,Green Chilly,Local,2026-09-05,4200.0,4600.0,4400.0,4400.0,quintal,4400.0,₹/quintal,True
Tamil Nadu,Sivaganga,Singampunari,Guava,Guava Allahabad,Local,2026-09-05,6000.0,7000.0,6500.0,6500.0,quintal,6500.0,₹/quintal,True
Tamil Nadu,Sivaganga,Singampunari,Knool Khol,Knool Khol,Local,2026-09-05,3200.0,3800.0,3500.0,3500.0,quintal,3500.0,₹/quintal,True
Tamil Nadu,Sivaganga,Singampunari,Lemon,Lemon,Local,2026-09-05,22000.0,24000.0,23000.0,23000.0,quintal,23000.0,₹/quintal,True
Tamil Nadu,Sivaganga,Singampunari,Mango(Raw-Ripe),Mango - Raw-Ripe,Local,2026-09-05,9000.0,10000.0,9500.0,9500.0,quintal,9500.0,₹/quintal,True
Tamil Nadu,Sivaganga,Singampunari,Mint(Pudina),Mint(Pudina),Local,2026-09-05,4600.0,5200.0,4900.0,4900.0,quintal,4900.0,₹/quintal,True
Tamil Nadu,Sivaganga,Singampunari,Onion,Bellary,Local,2026-09-05,4200.0,6000.0,5100.0,5100.0,quintal,5100.0,₹/quintal,True
Tamil Nadu,Sivaganga,Singampunari,Onion Green,Onion Green,Local,2026-09-05,7600.0,8200.0,7900.0,7900.0,quintal,7900.0,₹/quintal,True
Tamil Nadu,Sivaganga,Singampunari,Papaya,Papaya,Local,2026-09-05,4600.0,5000.0,4800.0,4800.0,quintal,4800.0,₹/quintal,True
Tamil Nadu,Sivaganga,Singampunari,Potato,Other,Local,2026-09-05,5200.0,5600.0,5400.0,5400.0,quintal,5400.0,₹/quintal,True
Tamil Nadu,Sivaganga,Singampunari,Pumpkin,Pumpkin,Local,2026-09-05,1800.0,2200.0,2000.0,2000.0,quintal,2000.0,₹/quintal,True
Tamil Nadu,Sivaganga,Singampunari,Raddish,Raddish,Local,2026-09-05,2600.0,3000.0,2800.0,2800.0,quintal,2800.0,₹/quintal,True
Tamil Nadu,Sivaganga,Singampunari,Ridgeguard(Tori),Ridgeguard(Tori),Local,2026-09-05,4400.0,5200.0,4800.0,4800.0,quintal,4800.0,₹/quintal,True
Tamil Nadu,Sivaganga,Singampunari,Snakeguard,Snakeguard,Local,2026-09-05,3200.0,3800.0,3500.0,3500.0,quintal,3500.0,₹/quintal,True
Tamil Nadu,Sivaganga,Singampunari,Tomato,Other,Local,2026-09-05,3000.0,3400.0,3200.0,3200.0,quintal,3200.0,₹/quintal,True
Tamil Nadu,Sivaganga,Singampunari,Yam(Ratalu),Yam (Ratalu),Local,2026-09-05,6600.0,7200.0,6900.0,6900.0,quintal,6900.0,₹/quintal,True
Tamil Nadu,Sivaganga,Sivagangai,Amaranthus,Amaranthus,Local,2026-09-05,3000.0,4000.0,3500.0,3500.0,quintal,3500.0,₹/quintal,True
Tamil Nadu,Sivaganga,Sivagangai,Ashgourd,Gouard,Local,2026-09-05,1800.0,2200.0,2000.0,2000.0,quintal,2000.0,₹/quintal,True
Tamil Nadu,Sivaganga,Sivagangai,Banana,Poovan,Local,2026-09-05,4000.0,4000.0,4000.0,4000.0,quintal,4000.0,₹/quintal,True
Tamil Nadu,Sivaganga,Sivagangai,Banana - Green,Banana - Green,Local,2026-09-05,3000.0,3000.0,3000.0,3000.0,quintal,3000.0,₹/quintal,True
Tamil Nadu,Sivaganga,Sivagangai,Beans,Beans (Whole),Local,2026-09-05,8200.0,9200.0,8700.0,8700.0,quintal,8700.0,₹/quintal,True
Tamil Nadu,Sivaganga,Sivagangai,Beetroot,Beetroot,Local,2026-09-05,4600.0,5200.0,4900.0,4900.0,quintal,4900.0,₹/quintal,True
Tamil Nadu,Sivaganga,Sivagangai,Bhindi(Ladies Finger),Bhindi,Local,2026-09-05,3000.0,3400.0,3200.0,3200.0,quintal,3200.0,₹/quintal,True
Tamil Nadu,Sivaganga,Sivagangai,Bitter gourd,Other,Local,2026-09-05,4600.0,5200.0,4900.0,4900.0,quintal,4900.0,₹/quintal,True
Tamil Nadu,Sivaganga,Sivagangai,Bottle gourd,Bottle Gourd,Local,2026-09-05,2200.0,3200.0,2700.0,2700.0,quintal,2700.0,₹/quintal,True
Tamil Nadu,Sivaganga,Sivagangai,Brinjal,Other,Local,2026-09-05,3800.0,4200.0,4000.0,4000.0,quintal,4000.0,₹/quintal,True
Tamil Nadu,Sivaganga,Sivagangai,Cabbage,Cabbage,Local,2026-09-05,2800.0,3200.0,3000.0,3000.0,quintal,3000.0,₹/quintal,True
Tamil Nadu,Sivaganga,Sivagangai,Carrot,Pusakesar,Local,2026-09-05,3400.0,5200.0,4300.0,4300.0,quintal,4300.0,₹/quintal,True
Tamil Nadu,Sivaganga,Sivagangai,Cauliflower,Ranchi,Local,2026-09-05,3200.0,3600.0,3400.0,3400.0,quintal,3400.0,₹/quintal,True
Tamil Nadu,Sivaganga,Sivagangai,Chikoos(Sapota),Sapota,Local,2026-09-05,4200.0,6200.0,5200.0,5200.0,quintal,5200.0,₹/quintal,True
Tamil Nadu,Sivaganga,Sivagangai,Chow Chow,Chow Chow,Local,2026-09-05,3000.0,3400.0,3200.0,3200.0,quintal,3200.0,₹/quintal,True
Tamil Nadu,Sivaganga,Sivagangai,Cluster beans,Cluster Beans,Local,2026-09-05,3200.0,3400.0,3300.0,3300.0,quintal,3300.0,₹/quintal,True
Tamil Nadu,Sivaganga,Sivagangai,Coconut,Coconut,Local,2026-09-05,7000.0,7200.0,7100.0,7100.0,quintal,7100.0,₹/quintal,True
Tamil Nadu,Sivaganga,Sivagangai,Colacasia,Colacasia,Local,2026-09-05,5200.0,6200.0,5700.0,5700.0,quintal,5700.0,₹/quintal,True
Tamil Nadu,Sivaganga,Sivagangai,Coriander(Leaves),I Sort,Local,2026-09-05,3800.0,4200.0,4000.0,4000.0,quintal,4000.0,₹/quintal,True
Tamil Nadu,Sivaganga,Sivagangai,Drumstick,Drumstick,Local,2026-09-05,3200.0,5200.0,4200.0,4200.0,quintal,4200.0,₹/quintal,True
Tamil Nadu,Sivaganga,Sivagangai,Elephant Yam(Suran)/Amorphophallus,Elephant Yam (Suran),Local,2026-09-05,4200.0,4600.0,4400.0,4400.0,quintal,4400.0,₹/quintal,True
Tamil Nadu,Sivaganga,Sivagangai,Ginger(Green),Green Ginger,Local,2026-09-05,13000.0,20000.0,16500.0,16500.0,quintal,16500.0,₹/quintal,True
Tamil Nadu,Sivaganga,Sivagangai,Green Avare(W),Other,Local,2026-09-05,6200.0,7200.0,6700.0,6700.0,quintal,6700.0,₹/quintal,True
Tamil Nadu,Sivaganga,Sivagangai,Green Chilli,Green Chilly,Local,2026-09-05,4200.0,4600.0,4400.0,4400.0,quintal,4400.0,₹/quintal,True
Tamil Nadu,Sivaganga,Sivagangai,Guava,Guava Allahabad,Local,2026-09-05,6200.0,7200.0,6700.0,6700.0,quintal,6700.0,₹/quintal,True
Tamil Nadu,Sivaganga,Sivagangai,Indian Beans(Seam),Indian Beans (Seam),Local,2026-09-05,6200.0,6200.0,6200.0,6200.0,quintal,6200.0,₹/quintal,True
Tamil Nadu,Sivaganga,Sivagangai,Knool Khol,Knool Khol,Local,2026-09-05,3200.0,3800.0,3500.0,3500.0,quintal,3500.0,₹/quintal,True
Tamil Nadu,Sivaganga,Sivagangai,Lemon,Lemon,Local,2026-09-05,22000.0,24000.0,23000.0,23000.0,quintal,23000.0,₹/quintal,True
Tamil Nadu,Sivaganga,Sivagangai,Mango(Raw-Ripe),Mango - Raw-Ripe,Local,2026-09-05,10000.0,10000.0,10000.0,10000.0,quintal,10000.0,₹/quintal,True
Tamil Nadu,Sivaganga,Sivagangai,Mint(Pudina),Mint(Pudina),Local,2026-09-05,4600.0,5200.0,4900.0,4900.0,quintal,4900.0,₹/quintal,True
Tamil Nadu,Sivaganga,Sivagangai,Onion,Bellary,Local,2026-09-05,6200.0,6600.0,6400.0,6400.0,quintal,6400.0,₹/quintal,True
Tamil Nadu,Sivaganga,Sivagangai,Onion Green,Onion Green,Local,2026-09-05,7600.0,8200.0,7900.0,7900.0,quintal,7900.0,₹/quintal,True
Tamil Nadu,Sivaganga,Sivagangai,Papaya,Papaya,Local,2026-09-05,4600.0,5200.0,4900.0,4900.0,quintal,4900.0,₹/quintal,True
Tamil Nadu,Sivaganga,Sivagangai,Potato,Red Nanital,Local,2026-09-05,5200.0,5600.0,5400.0,5400.0,quintal,5400.0,₹/quintal,True
Tamil Nadu,Sivaganga,Sivagangai,Pumpkin,Pumpkin,Local,2026-09-05,1800.0,2200.0,2000.0,2000.0,quintal,2000.0,₹/quintal,True
Tamil Nadu,Sivaganga,Sivagangai,Raddish,Raddish,Local,2026-09-05,2600.0,3000.0,2800.0,2800.0,quintal,2800.0,₹/quintal,True
Tamil Nadu,Sivaganga,Sivagangai,Ridgeguard(Tori),Ridgeguard(Tori),Local,2026-09-05,5200.0,5600.0,5400.0,5400.0,quintal,5400.0,₹/quintal,True
Tamil Nadu,Sivaganga,Sivagangai,Snakeguard,Snakeguard,Local,2026-09-05,3800.0,4200.0,4000.0,4000.0,quintal,4000.0,₹/quintal,True
Tamil Nadu,Sivaganga,Sivagangai,Tomato,Deshi,Local,2026-09-05,3000.0,3200.0,3100.0,3100.0,quintal,3100.0,₹/quintal,True
Tamil Nadu,Sivaganga,Sivagangai,Yam(Ratalu),Yam (Ratalu),Local,2026-09-05,6600.0,7200.0,6900.0,6900.0,quintal,6900.0,₹/quintal,True
Tamil Nadu,Sivaganga,Tirupatthur,Amaranthus,Amaranthus,Local,2026-09-05,3500.0,4000.0,3750.0,3750.0,quintal,3750.0,₹/quintal,True
Tamil Nadu,Sivaganga,Tirupatthur,Ashgourd,Gouard,Local,2026-09-05,2000.0,2500.0,2250.0,2250.0,quintal,2250.0,₹/quintal,True
Tamil Nadu,Sivaganga,Tirupatthur,Banana,Karpura,Local,2026-09-05,4000.0,4000.0,4000.0,4000.0,quintal,4000.0,₹/quintal,True
Tamil Nadu,Sivaganga,Tirupatthur,Banana - Green,Banana - Green,Local,2026-09-05,2500.0,3000.0,2750.0,2750.0,quintal,2750.0,₹/quintal,True
Tamil Nadu,Sivaganga,Tirupatthur,Beans,Beans (Whole),Local,2026-09-05,8400.0,9500.0,8950.0,8950.0,quintal,8950.0,₹/quintal,True
Tamil Nadu,Sivaganga,Tirupatthur,Beetroot,Beetroot,Local,2026-09-05,5000.0,5500.0,5250.0,5250.0,quintal,5250.0,₹/quintal,True
Tamil Nadu,Sivaganga,Tirupatthur,Bhindi(Ladies Finger),Bhindi,Local,2026-09-05,3200.0,3500.0,3350.0,3350.0,quintal,3350.0,₹/quintal,True
Tamil Nadu,Sivaganga,Tirupatthur,Bitter gourd,Other,Local,2026-09-05,5000.0,5500.0,5250.0,5250.0,quintal,5250.0,₹/quintal,True
Tamil Nadu,Sivaganga,Tirupatthur,Bottle gourd,Bottle Gourd,Local,2026-09-05,3200.0,3500.0,3350.0,3350.0,quintal,3350.0,₹/quintal,True
Tamil Nadu,Sivaganga,Tirupatthur,Brinjal,Other,Local,2026-09-05,4000.0,4500.0,4250.0,4250.0,quintal,4250.0,₹/quintal,True
Tamil Nadu,Sivaganga,Tirupatthur,Cabbage,Cabbage,Local,2026-09-05,3000.0,3500.0,3250.0,3250.0,quintal,3250.0,₹/quintal,True
Tamil Nadu,Sivaganga,Tirupatthur,Carrot,Pusakesar,Local,2026-09-05,3400.0,5500.0,4450.0,4450.0,quintal,4450.0,₹/quintal,True
Tamil Nadu,Sivaganga,Tirupatthur,Cauliflower,Ranchi,Local,2026-09-05,3500.0,4000.0,3750.0,3750.0,quintal,3750.0,₹/quintal,True
Tamil Nadu,Sivaganga,Tirupatthur,Chikoos(Sapota),Sapota,Local,2026-09-05,4400.0,6500.0,5450.0,5450.0,quintal,5450.0,₹/quintal,True
Tamil Nadu,Sivaganga,Tirupatthur,Chow Chow,Chow Chow,Local,2026-09-05,3200.0,3500.0,3350.0,3350.0,quintal,3350.0,₹/quintal,True
Tamil Nadu,Sivaganga,Tirupatthur,Cluster beans,Cluster Beans,Local,2026-09-05,3000.0,3500.0,3250.0,3250.0,quintal,3250.0,₹/quintal,True
Tamil Nadu,Sivaganga,Tirupatthur,Coconut,Coconut,Local,2026-09-05,7000.0,7500.0,7250.0,7250.0,quintal,7250.0,₹/quintal,True
Tamil Nadu,Sivaganga,Tirupatthur,Coriander(Leaves),I Sort,Local,2026-09-05,4000.0,4500.0,4250.0,4250.0,quintal,4250.0,₹/quintal,True
Tamil Nadu,Sivaganga,Tirupatthur,Drumstick,Drumstick,Local,2026-09-05,3000.0,3500.0,3250.0,3250.0,quintal,3250.0,₹/quintal,True
Tamil Nadu,Sivaganga,Tirupatthur,Elephant Yam(Suran)/Amorphophallus,Elephant Yam (Suran),Local,2026-09-05,4500.0,5000.0,4750.0,4750.0,quintal,4750.0,₹/quintal,True
Tamil Nadu,Sivaganga,Tirupatthur,Ginger(Green),Green Ginger,Local,2026-09-05,12400.0,19500.0,15950.0,15950.0,quintal,15950.0,₹/quintal,True
Tamil Nadu,Sivaganga,Tirupatthur,Green Avare(W),Other,Local,2026-09-05,6400.0,7500.0,6950.0,6950.0,quintal,6950.0,₹/quintal,True
Tamil Nadu,Sivaganga,Tirupatthur,Green Chilli,Green Chilly,Local,2026-09-05,4500.0,5000.0,4750.0,4750.0,quintal,4750.0,₹/quintal,True
Tamil Nadu,Sivaganga,Tirupatthur,Guava,Guava Allahabad,Local,2026-09-05,6400.0,7500.0,6950.0,6950.0,quintal,6950.0,₹/quintal,True
Tamil Nadu,Sivaganga,Tirupatthur,Knool Khol,Knool Khol,Local,2026-09-05,3500.0,4000.0,3750.0,3750.0,quintal,3750.0,₹/quintal,True
Tamil Nadu,Sivaganga,Tirupatthur,Lemon,Lemon,Local,2026-09-05,22400.0,24500.0,23450.0,23450.0,quintal,23450.0,₹/quintal,True
Tamil Nadu,Sivaganga,Tirupatthur,Mango(Raw-Ripe),Mango - Raw-Ripe,Local,2026-09-05,9400.0,10500.0,9950.0,9950.0,quintal,9950.0,₹/quintal,True
Tamil Nadu,Sivaganga,Tirupatthur,Mint(Pudina),Mint(Pudina),Local,2026-09-05,5000.0,5500.0,5250.0,5250.0,quintal,5250.0,₹/quintal,True
Tamil Nadu,Sivaganga,Tirupatthur,Onion,Bellary,Local,2026-09-05,6500.0,7000.0,6750.0,6750.0,quintal,6750.0,₹/quintal,True
Tamil Nadu,Sivaganga,Tirupatthur,Onion Green,Onion Green,Local,2026-09-05,8000.0,8500.0,8250.0,8250.0,quintal,8250.0,₹/quintal,True
Tamil Nadu,Sivaganga,Tirupatthur,Papaya,Papaya,Local,2026-09-05,5000.0,5500.0,5250.0,5250.0,quintal,5250.0,₹/quintal,True
Tamil Nadu,Sivaganga,Tirupatthur,Potato,Red Nanital,Local,2026-09-05,3200.0,3500.0,3350.0,3350.0,quintal,3350.0,₹/quintal,True
Tamil Nadu,Sivaganga,Tirupatthur,Pumpkin,Pumpkin,Local,2026-09-05,2000.0,2500.0,2250.0,2250.0,quintal,2250.0,₹/quintal,True
Tamil Nadu,Sivaganga,Tirupatthur,Raddish,Raddish,Local,2026-09-05,2800.0,3000.0,2900.0,2900.0,quintal,2900.0,₹/quintal,True
Tamil Nadu,Sivaganga,Tirupatthur,Ridgeguard(Tori),Ridgeguard(Tori),Local,2026-09-05,4400.0,5500.0,4950.0,4950.0,quintal,4950.0,₹/quintal,True
Tamil Nadu,Sivaganga,Tirupatthur,Snakeguard,Snakeguard,Local,2026-09-05,3500.0,4000.0,3750.0,3750.0,quintal,3750.0,₹/quintal,True
Tamil Nadu,Sivaganga,Tirupatthur,Tomato,Other,Local,2026-09-05,3200.0,3500.0,3350.0,3350.0,quintal,3350.0,₹/quintal,True
Tamil Nadu,Sivaganga,Tirupatthur,Yam(Ratalu),Yam (Ratalu),Local,2026-09-05,7000.0,7500.0,7250.0,7250.0,quintal,7250.0,₹/quintal,True
Tamil Nadu,Thanjavur,Kumbakonam,Amaranthus,Amaranthus,Local,2026-09-05,2000.0,2000.0,2000.0,2000.0,quintal,2000.0,₹/quintal,True
Tamil Nadu,Thanjavur,Kumbakonam,Amla(Nelli Kai),Amla,Local,2026-09-05,8000.0,8000.0,8000.0,8000.0,quintal,8000.0,₹/quintal,True
Tamil Nadu,Thanjavur,Kumbakonam,Ashgourd,Gouard,Local,2026-09-05,2400.0,2400.0,2400.0,2400.0,quintal,2400.0,₹/quintal,True
Tamil Nadu,Thanjavur,Kumbakonam,Banana,Besrai,Local,2026-09-05,4000.0,4000.0,4000.0,4000.0,quintal,4000.0,₹/quintal,True
Tamil Nadu,Thanjavur,Kumbakonam,Banana - Green,Banana - Green,Local,2026-09-05,4800.0,4800.0,4800.0,4800.0,quintal,4800.0,₹/quintal,True
Tamil Nadu,Thanjavur,Kumbakonam,Beans,Beans (Whole),Local,2026-09-05,6000.0,8400.0,7200.0,7200.0,quintal,7200.0,₹/quintal,True
Tamil Nadu,Thanjavur,Kumbakonam,Beetroot,Beetroot,Local,2026-09-05,4800.0,4800.0,4800.0,4800.0,quintal,4800.0,₹/quintal,True
Tamil Nadu,Thanjavur,Kumbakonam,Bhindi(Ladies Finger),Bhindi,Local,2026-09-05,4800.0,4800.0,4800.0,4800.0,quintal,4800.0,₹/quintal,True
Tamil Nadu,Thanjavur,Kumbakonam,Bitter gourd,Bitter Gourd,Local,2026-09-05,3600.0,7200.0,5400.0,5400.0,quintal,5400.0,₹/quintal,True
Tamil Nadu,Thanjavur,Kumbakonam,Bottle gourd,Bottle Gourd,Local,2026-09-05,2400.0,2400.0,2400.0,2400.0,quintal,2400.0,₹/quintal,True
Tamil Nadu,Thanjavur,Kumbakonam,Brinjal,Round,Local,2026-09-05,4800.0,7200.0,6000.0,6000.0,quintal,6000.0,₹/quintal,True
Tamil Nadu,Thanjavur,Kumbakonam,Cabbage,Cabbage,Local,2026-09-05,3600.0,3600.0,3600.0,3600.0,quintal,3600.0,₹/quintal,True
Tamil Nadu,Thanjavur,Kumbakonam,Capsicum,Capsicum,Local,2026-09-05,8500.0,8500.0,8500.0,8500.0,quintal,8500.0,₹/quintal,True
Tamil Nadu,Thanjavur,Kumbakonam,Carrot,Pusakesar,Local,2026-09-05,6000.0,7800.0,6900.0,6900.0,quintal,6900.0,₹/quintal,True
Tamil Nadu,Thanjavur,Kumbakonam,Cauliflower,Ranchi,Local,2026-09-05,4800.0,4800.0,4800.0,4800.0,quintal,4800.0,₹/quintal,True
Tamil Nadu,Thanjavur,Kumbakonam,Chow Chow,Chow Chow,Local,2026-09-05,4200.0,4200.0,4200.0,4200.0,quintal,4200.0,₹/quintal,True
Tamil Nadu,Thanjavur,Kumbakonam,Cluster beans,Cluster Beans,Local,2026-09-05,4800.0,4800.0,4800.0,4800.0,quintal,4800.0,₹/quintal,True
Tamil Nadu,Thanjavur,Kumbakonam,Coconut,Coconut,Local,2026-09-05,6000.0,6000.0,6000.0,6000.0,quintal,6000.0,₹/quintal,True
Tamil Nadu,Thanjavur,Kumbakonam,Colacasia,Colacasia,Local,2026-09-05,6000.0,6000.0,6000.0,6000.0,quintal,6000.0,₹/quintal,True
Tamil Nadu,Thanjavur,Kumbakonam,Coriander(Leaves),I Sort,Local,2026-09-05,4800.0,4800.0,4800.0,4800.0,quintal,4800.0,₹/quintal,True
Tamil Nadu,Thanjavur,Kumbakonam,Cucumbar(Kheera),Cucumbar,Local,2026-09-05,6000.0,6000.0,6000.0,6000.0,quintal,6000.0,₹/quintal,True
Tamil Nadu,Thanjavur,Kumbakonam,Drumstick,Drumstick,Local,2026-09-05,6000.0,6000.0,6000.0,6000.0,quintal,6000.0,₹/quintal,True
Tamil Nadu,Thanjavur,Kumbakonam,Elephant Yam(Suran)/Amorphophallus,Elephant Yam (Suran),Local,2026-09-05,6000.0,6000.0,6000.0,6000.0,quintal,6000.0,₹/quintal,True
Tamil Nadu,Thanjavur,Kumbakonam,Garlic,Garlic,Local,2026-09-05,20400.0,20400.0,20400.0,20400.0,quintal,20400.0,₹/quintal,True
Tamil Nadu,Thanjavur,Kumbakonam,Ginger(Green),Green Ginger,Local,2026-09-05,1800.0,21600.0,11700.0,11700.0,quintal,11700.0,₹/quintal,True
Tamil Nadu,Thanjavur,Kumbakonam,Green Avare(W),Green Avare (W),Local,2026-09-05,6000.0,8400.0,7200.0,7200.0,quintal,7200.0,₹/quintal,True
Tamil Nadu,Thanjavur,Kumbakonam,Green Chilli,Green Chilly,Local,2026-09-05,4800.0,4800.0,4800.0,4800.0,quintal,4800.0,₹/quintal,True
Tamil Nadu,Thanjavur,Kumbakonam,Guava,Guava Allahabad,Local,2026-09-05,8000.0,8000.0,8000.0,8000.0,quintal,8000.0,₹/quintal,True
Tamil Nadu,Thanjavur,Kumbakonam,Jack Fruit(Ripe),Jack Fruit,Local,2026-09-05,3000.0,3000.0,3000.0,3000.0,quintal,3000.0,₹/quintal,True
Tamil Nadu,Thanjavur,Kumbakonam,Lemon,Lemon,Local,2026-09-05,15000.0,20000.0,17500.0,17500.0,quintal,17500.0,₹/quintal,True
Tamil Nadu,Thanjavur,Kumbakonam,Lime,Lime,Local,2026-09-05,4000.0,4000.0,4000.0,4000.0,quintal,4000.0,₹/quintal,True
Tamil Nadu,Thanjavur,Kumbakonam,Mango,Safeda,Local,2026-09-05,3000.0,8000.0,5500.0,5500.0,quintal,5500.0,₹/quintal,True
Tamil Nadu,Thanjavur,Kumbakonam,Mango(Raw-Ripe),Mango - Raw-Ripe,Local,2026-09-05,12000.0,12000.0,12000.0,12000.0,quintal,12000.0,₹/quintal,True
Tamil Nadu,Thanjavur,Kumbakonam,Mashrooms,Mashrooms,Local,2026-09-05,30000.0,30000.0,30000.0,30000.0,quintal,30000.0,₹/quintal,True
Tamil Nadu,Thanjavur,Kumbakonam,Mint(Pudina),Mint(Pudina),Local,2026-09-05,6000.0,6000.0,6000.0,6000.0,quintal,6000.0,₹/quintal,True
Tamil Nadu,Thanjavur,Kumbakonam,Onion,Bellary,Local,2026-09-05,4800.0,7200.0,6000.0,6000.0,quintal,6000.0,₹/quintal,True
Tamil Nadu,Thanjavur,Kumbakonam,Onion Green,Onion Green,Local,2026-09-05,7200.0,8400.0,7800.0,7800.0,quintal,7800.0,₹/quintal,True
Tamil Nadu,Thanjavur,Kumbakonam,Papaya,Papaya,Local,2026-09-05,4000.0,4000.0,4000.0,4000.0,quintal,4000.0,₹/quintal,True
Tamil Nadu,Thanjavur,Kumbakonam,Potato,Red Nanital,Local,2026-09-05,3000.0,3600.0,3300.0,3300.0,quintal,3300.0,₹/quintal,True
Tamil Nadu,Thanjavur,Kumbakonam,Pumpkin,Pumpkin,Local,2026-09-05,2400.0,2400.0,2400.0,2400.0,quintal,2400.0,₹/quintal,True
Tamil Nadu,Thanjavur,Kumbakonam,Raddish,Raddish,Local,2026-09-05,3600.0,3600.0,3600.0,3600.0,quintal,3600.0,₹/quintal,True
Tamil Nadu,Thanjavur,Kumbakonam,Ridgeguard(Tori),Ridgeguard(Tori),Local,2026-09-05,6000.0,6000.0,6000.0,6000.0,quintal,6000.0,₹/quintal,True
Tamil Nadu,Thanjavur,Kumbakonam,Snakeguard,Snakeguard,Local,2026-09-05,3600.0,3600.0,3600.0,3600.0,quintal,3600.0,₹/quintal,True
Tamil Nadu,Thanjavur,Kumbakonam,Tomato,Deshi,Local,2026-09-05,2800.0,3400.0,3100.0,3100.0,quintal,3100.0,₹/quintal,True
Tamil Nadu,Thanjavur,Kumbakonam,Yam(Ratalu),Yam (Ratalu),Local,2026-09-05,9600.0,9600.0,9600.0,9600.0,quintal,9600.0,₹/quintal,True
Tamil Nadu,Thanjavur,Pattukottai,Amaranthus,Amaranthus,Local,2026-09-05,2000.0,2000.0,2000.0,2000.0,quintal,2000.0,₹/quintal,True
Tamil Nadu,Thanjavur,Pattukottai,Ashgourd,Gouard,Local,2026-09-05,3000.0,3000.0,3000.0,3000.0,quintal,3000.0,₹/quintal,True
Tamil Nadu,Thanjavur,Pattukottai,Banana,Besrai,Local,2026-09-05,3500.0,3500.0,3500.0,3500.0,quintal,3500.0,₹/quintal,True
Tamil Nadu,Thanjavur,Pattukottai,Banana - Green,Banana - Green,Local,2026-09-05,3000.0,3000.0,3000.0,3000.0,quintal,3000.0,₹/quintal,True
Tamil Nadu,Thanjavur,Pattukottai,Beans,Beans (Whole),Local,2026-09-05,9400.0,9400.0,9400.0,9400.0,quintal,9400.0,₹/quintal,True
Tamil Nadu,Thanjavur,Pattukottai,Beetroot,Beetroot,Local,2026-09-05,5400.0,5400.0,5400.0,5400.0,quintal,5400.0,₹/quintal,True
Tamil Nadu,Thanjavur,Pattukottai,Bhindi(Ladies Finger),Bhindi,Local,2026-09-05,4400.0,4400.0,4400.0,4400.0,quintal,4400.0,₹/quintal,True
Tamil Nadu,Thanjavur,Pattukottai,Bitter gourd,Bitter Gourd,Local,2026-09-05,6000.0,6000.0,6000.0,6000.0,quintal,6000.0,₹/quintal,True
Tamil Nadu,Thanjavur,Pattukottai,Bottle gourd,Bottle Gourd,Local,2026-09-05,2600.0,2600.0,2600.0,2600.0,quintal,2600.0,₹/quintal,True
Tamil Nadu,Thanjavur,Pattukottai,Brinjal,Round,Local,2026-09-05,4000.0,5400.0,4700.0,4700.0,quintal,4700.0,₹/quintal,True
Tamil Nadu,Thanjavur,Pattukottai,Cabbage,Cabbage,Local,2026-09-05,3400.0,3400.0,3400.0,3400.0,quintal,3400.0,₹/quintal,True
Tamil Nadu,Thanjavur,Pattukottai,Capsicum,Capsicum,Local,2026-09-05,6000.0,6000.0,6000.0,6000.0,quintal,6000.0,₹/quintal,True
Tamil Nadu,Thanjavur,Pattukottai,Carrot,Pusakesar,Local,2026-09-05,7400.0,7400.0,7400.0,7400.0,quintal,7400.0,₹/quintal,True
Tamil Nadu,Thanjavur,Pattukottai,Cauliflower,Ranchi,Local,2026-09-05,4800.0,4800.0,4800.0,4800.0,quintal,4800.0,₹/quintal,True
Tamil Nadu,Thanjavur,Pattukottai,Chow Chow,Chow Chow,Local,2026-09-05,4400.0,4400.0,4400.0,4400.0,quintal,4400.0,₹/quintal,True
Tamil Nadu,Thanjavur,Pattukottai,Cluster beans,Cluster Beans,Local,2026-09-05,4000.0,4000.0,4000.0,4000.0,quintal,4000.0,₹/quintal,True
Tamil Nadu,Thanjavur,Pattukottai,Coconut,Coconut,Local,2026-09-05,5000.0,5000.0,5000.0,5000.0,quintal,5000.0,₹/quintal,True
Tamil Nadu,Thanjavur,Pattukottai,Coriander(Leaves),I Sort,Local,2026-09-05,3400.0,3400.0,3400.0,3400.0,quintal,3400.0,₹/quintal,True
Tamil Nadu,Thanjavur,Pattukottai,Drumstick,Drumstick,Local,2026-09-05,4400.0,4400.0,4400.0,4400.0,quintal,4400.0,₹/quintal,True
Tamil Nadu,Thanjavur,Pattukottai,Elephant Yam(Suran)/Amorphophallus,Elephant Yam (Suran),Local,2026-09-05,4500.0,4500.0,4500.0,4500.0,quintal,4500.0,₹/quintal,True
Tamil Nadu,Thanjavur,Pattukottai,Garlic,Garlic,Local,2026-09-05,16000.0,16000.0,16000.0,16000.0,quintal,16000.0,₹/quintal,True
Tamil Nadu,Thanjavur,Pattukottai,Ginger(Green),Green Ginger,Local,2026-09-05,12000.0,18000.0,15000.0,15000.0,quintal,15000.0,₹/quintal,True
Tamil Nadu,Thanjavur,Pattukottai,Green Avare(W),Green Avare (W),Local,2026-09-05,6400.0,6400.0,6400.0,6400.0,quintal,6400.0,₹/quintal,True
Tamil Nadu,Thanjavur,Pattukottai,Green Chilli,Green Chilly,Local,2026-09-05,5400.0,5400.0,5400.0,5400.0,quintal,5400.0,₹/quintal,True
Tamil Nadu,Thanjavur,Pattukottai,Lemon,Lemon,Local,2026-09-05,14600.0,14600.0,14600.0,14600.0,quintal,14600.0,₹/quintal,True
Tamil Nadu,Thanjavur,Pattukottai,Lime,Lime,Local,2026-09-05,4000.0,4000.0,4000.0,4000.0,quintal,4000.0,₹/quintal,True
Tamil Nadu,Thanjavur,Pattukottai,Mango(Raw-Ripe),Mango - Raw-Ripe,Local,2026-09-05,5000.0,5000.0,5000.0,5000.0,quintal,5000.0,₹/quintal,True
Tamil Nadu,Thanjavur,Pattukottai,Mint(Pudina),Mint(Pudina),Local,2026-09-05,5800.0,5800.0,5800.0,5800.0,quintal,5800.0,₹/quintal,True
Tamil Nadu,Thanjavur,Pattukottai,Onion,Bellary,Local,2026-09-05,4600.0,6000.0,5300.0,5300.0,quintal,5300.0,₹/quintal,True
Tamil Nadu,Thanjavur,Pattukottai,Onion Green,Onion Green,Local,2026-09-05,7800.0,7800.0,7800.0,7800.0,quintal,7800.0,₹/quintal,True
Tamil Nadu,Thanjavur,Pattukottai,Potato,Red Nanital,Local,2026-09-05,3000.0,3000.0,3000.0,3000.0,quintal,3000.0,₹/quintal,True
Tamil Nadu,Thanjavur,Pattukottai,Pumpkin,Pumpkin,Local,2026-09-05,2600.0,2600.0,2600.0,2600.0,quintal,2600.0,₹/quintal,True
Tamil Nadu,Thanjavur,Pattukottai,Raddish,Raddish,Local,2026-09-05,4400.0,4400.0,4400.0,4400.0,quintal,4400.0,₹/quintal,True
Tamil Nadu,Thanjavur,Pattukottai,Ridgeguard(Tori),Ridgeguard(Tori),Local,2026-09-05,5600.0,5600.0,5600.0,5600.0,quintal,5600.0,₹/quintal,True
Tamil Nadu,Thanjavur,Pattukottai,Snakeguard,Snakeguard,Local,2026-09-05,4400.0,4400.0,4400.0,4400.0,quintal,4400.0,₹/quintal,True
Tamil Nadu,Thanjavur,Pattukottai,Tomato,Deshi,Local,2026-09-05,3400.0,3400.0,3400.0,3400.0,quintal,3400.0,₹/quintal,True
Tamil Nadu,Thanjavur,Peravurani,Amaranthus,Amaranthus,Local,2026-09-05,2000.0,2000.0,2000.0,2000.0,quintal,2000.0,₹/quintal,True
Tamil Nadu,Thanjavur,Peravurani,Ashgourd,Gouard,Local,2026-09-05,3000.0,3000.0,3000.0,3000.0,quintal,3000.0,₹/quintal,True
Tamil Nadu,Thanjavur,Peravurani,Banana,Besrai,Local,2026-09-05,3500.0,3500.0,3500.0,3500.0,quintal,3500.0,₹/quintal,True
Tamil Nadu,Thanjavur,Peravurani,Banana - Green,Banana - Green,Local,2026-09-05,3000.0,3000.0,3000.0,3000.0,quintal,3000.0,₹/quintal,True
Tamil Nadu,Thanjavur,Peravurani,Beans,Beans (Whole),Local,2026-09-05,9200.0,9200.0,9200.0,9200.0,quintal,9200.0,₹/quintal,True
Tamil Nadu,Thanjavur,Peravurani,Bhindi(Ladies Finger),Bhindi,Local,2026-09-05,4000.0,4000.0,4000.0,4000.0,quintal,4000.0,₹/quintal,True
Tamil Nadu,Thanjavur,Peravurani,Bitter gourd,Bitter Gourd,Local,2026-09-05,6000.0,6000.0,6000.0,6000.0,quintal,6000.0,₹/quintal,True
Tamil Nadu,Thanjavur,Peravurani,Bottle gourd,Bottle Gourd,Local,2026-09-05,2500.0,2500.0,2500.0,2500.0,quintal,2500.0,₹/quintal,True
Tamil Nadu,Thanjavur,Peravurani,Brinjal,Round,Local,2026-09-05,4700.0,4700.0,4700.0,4700.0,quintal,4700.0,₹/quintal,True
Tamil Nadu,Thanjavur,Peravurani,Carrot,Pusakesar,Local,2026-09-05,7400.0,7400.0,7400.0,7400.0,quintal,7400.0,₹/quintal,True
Tamil Nadu,Thanjavur,Peravurani,Cluster beans,Cluster Beans,Local,2026-09-05,4000.0,4000.0,4000.0,4000.0,quintal,4000.0,₹/quintal,True
Tamil Nadu,Thanjavur,Peravurani,Coconut,Coconut,Local,2026-09-05,5000.0,5000.0,5000.0,5000.0,quintal,5000.0,₹/quintal,True
Tamil Nadu,Thanjavur,Peravurani,Drumstick,Drumstick,Local,2026-09-05,4400.0,4400.0,4400.0,4400.0,quintal,4400.0,₹/quintal,True
Tamil Nadu,Thanjavur,Peravurani,Green Avare(W),Green Avare (W),Local,2026-09-05,6400.0,6400.0,6400.0,6400.0,quintal,6400.0,₹/quintal,True
Tamil Nadu,Thanjavur,Peravurani,Green Chilli,Green Chilly,Local,2026-09-05,5000.0,5000.0,5000.0,5000.0,quintal,5000.0,₹/quintal,True
Tamil Nadu,Thanjavur,Peravurani,Lemon,Lemon,Local,2026-09-05,12000.0,12000.0,12000.0,12000.0,quintal,12000.0,₹/quintal,True
Tamil Nadu,Thanjavur,Peravurani,Mango(Raw-Ripe),Mango - Raw-Ripe,Local,2026-09-05,5000.0,5000.0,5000.0,5000.0,quintal,5000.0,₹/quintal,True
Tamil Nadu,Thanjavur,Peravurani,Onion,Bellary,Local,2026-09-05,6000.0,6000.0,6000.0,6000.0,quintal,6000.0,₹/quintal,True
Tamil Nadu,Thanjavur,Peravurani,Onion Green,Onion Green,Local,2026-09-05,7200.0,7200.0,7200.0,7200.0,quintal,7200.0,₹/quintal,True
Tamil Nadu,Thanjavur,Peravurani,Potato,Red Nanital,Local,2026-09-05,3000.0,3000.0,3000.0,3000.0,quintal,3000.0,₹/quintal,True
Tamil Nadu,Thanjavur,Peravurani,Pumpkin,Pumpkin,Local,2026-09-05,2500.0,2500.0,2500.0,2500.0,quintal,2500.0,₹/quintal,True
Tamil Nadu,Thanjavur,Peravurani,Raddish,Raddish,Local,2026-09-05,4000.0,4000.0,4000.0,4000.0,quintal,4000.0,₹/quintal,True
Tamil Nadu,Thanjavur,Peravurani,Ridgeguard(Tori),Ridgeguard(Tori),Local,2026-09-05,5600.0,5600.0,5600.0,5600.0,quintal,5600.0,₹/quintal,True
Tamil Nadu,Thanjavur,Peravurani,Snakeguard,Snakeguard,Local,2026-09-05,4000.0,4000.0,4000.0,4000.0,quintal,4000.0,₹/quintal,True
Tamil Nadu,Thanjavur,Peravurani,Tomato,Deshi,Local,2026-09-05,3200.0,3200.0,3200.0,3200.0,quintal,3200.0,₹/quintal,True
Tamil Nadu,The Nilgiris,Gudalur,Ashgourd,Gouard,Local,2026-09-05,1500.0,2000.0,1750.0,1750.0,quintal,1750.0,₹/quintal,True
Tamil Nadu,The Nilgiris,Gudalur,Banana,Besrai,Local,2026-09-05,4000.0,5000.0,4500.0,4500.0,quintal,4500.0,₹/quintal,True
Tamil Nadu,The Nilgiris,Gudalur,Banana - Green,Banana - Green,Local,2026-09-05,4000.0,4500.0,4250.0,4250.0,quintal,4250.0,₹/quintal,True
Tamil Nadu,The Nilgiris,Gudalur,Beans,Beans (Whole),Local,2026-09-05,6000.0,7000.0,6500.0,6500.0,quintal,6500.0,₹/quintal,True
Tamil Nadu,The Nilgiris,Gudalur,Beetroot,Beetroot,Local,2026-09-05,5000.0,5500.0,5250.0,5250.0,quintal,5250.0,₹/quintal,True
Tamil Nadu,The Nilgiris,Gudalur,Bhindi(Ladies Finger),Bhindi,Local,2026-09-05,4000.0,4500.0,4250.0,4250.0,quintal,4250.0,₹/quintal,True
Tamil Nadu,The Nilgiris,Gudalur,Bitter gourd,Bitter Gourd,Local,2026-09-05,4000.0,4500.0,4250.0,4250.0,quintal,4250.0,₹/quintal,True
Tamil Nadu,The Nilgiris,Gudalur,Bottle gourd,Bottle Gourd,Local,2026-09-05,2500.0,3000.0,2750.0,2750.0,quintal,2750.0,₹/quintal,True
Tamil Nadu,The Nilgiris,Gudalur,Brinjal,Round,Local,2026-09-05,3500.0,3800.0,3650.0,3650.0,quintal,3650.0,₹/quintal,True
Tamil Nadu,The Nilgiris,Gudalur,Cabbage,Cabbage,Local,2026-09-05,2000.0,2500.0,2250.0,2250.0,quintal,2250.0,₹/quintal,True
Tamil Nadu,The Nilgiris,Gudalur,Capsicum,Capsicum,Local,2026-09-05,5500.0,6000.0,5750.0,5750.0,quintal,5750.0,₹/quintal,True
Tamil Nadu,The Nilgiris,Gudalur,Carrot,Pusakesar,Local,2026-09-05,3500.0,4000.0,3750.0,3750.0,quintal,3750.0,₹/quintal,True
Tamil Nadu,The Nilgiris,Gudalur,Cauliflower,Ranchi,Local,2026-09-05,4000.0,4500.0,4250.0,4250.0,quintal,4250.0,₹/quintal,True
Tamil Nadu,The Nilgiris,Gudalur,Chow Chow,Chow Chow,Local,2026-09-05,2000.0,2500.0,2250.0,2250.0,quintal,2250.0,₹/quintal,True
Tamil Nadu,The Nilgiris,Gudalur,Cluster beans,Cluster Beans,Local,2026-09-05,2500.0,3000.0,2750.0,2750.0,quintal,2750.0,₹/quintal,True
Tamil Nadu,The Nilgiris,Gudalur,Coconut,Coconut,Local,2026-09-05,6000.0,6500.0,6250.0,6250.0,quintal,6250.0,₹/quintal,True
Tamil Nadu,The Nilgiris,Gudalur,Coriander(Leaves),I Sort,Local,2026-09-05,6000.0,7000.0,6500.0,6500.0,quintal,6500.0,₹/quintal,True
Tamil Nadu,The Nilgiris,Gudalur,Cowpea(Veg),Cowpea (Veg),Local,2026-09-05,3000.0,3500.0,3250.0,3250.0,quintal,3250.0,₹/quintal,True
Tamil Nadu,The Nilgiris,Gudalur,Cucumbar(Kheera),Cucumbar,Local,2026-09-05,3000.0,3500.0,3250.0,3250.0,quintal,3250.0,₹/quintal,True
Tamil Nadu,The Nilgiris,Gudalur,Drumstick,Drumstick,Local,2026-09-05,2800.0,3400.0,3100.0,3100.0,quintal,3100.0,₹/quintal,True
Tamil Nadu,The Nilgiris,Gudalur,Elephant Yam(Suran)/Amorphophallus,Elephant Yam (Suran),Local,2026-09-05,3500.0,4000.0,3750.0,3750.0,quintal,3750.0,₹/quintal,True
Tamil Nadu,The Nilgiris,Gudalur,Garlic,Garlic,Local,2026-09-05,20000.0,21000.0,20500.0,20500.0,quintal,20500.0,₹/quintal,True
Tamil Nadu,The Nilgiris,Gudalur,Ginger(Green),Green Ginger,Local,2026-09-05,15000.0,16000.0,15500.0,15500.0,quintal,15500.0,₹/quintal,True
Tamil Nadu,The Nilgiris,Gudalur,Green Avare(W),Green Avare (W),Local,2026-09-05,5500.0,6000.0,5750.0,5750.0,quintal,5750.0,₹/quintal,True
Tamil Nadu,The Nilgiris,Gudalur,Green Chilli,Green Chilly,Local,2026-09-05,4500.0,5000.0,4750.0,4750.0,quintal,4750.0,₹/quintal,True
Tamil Nadu,The Nilgiris,Gudalur,Knool Khol,Knool Khol,Local,2026-09-05,4000.0,4500.0,4250.0,4250.0,quintal,4250.0,₹/quintal,True
Tamil Nadu,The Nilgiris,Gudalur,Lemon,Lemon,Local,2026-09-05,19000.0,20000.0,19500.0,19500.0,quintal,19500.0,₹/quintal,True
Tamil Nadu,The Nilgiris,Gudalur,Mint(Pudina),Mint(Pudina),Local,2026-09-05,6000.0,7000.0,6500.0,6500.0,quintal,6500.0,₹/quintal,True
Tamil Nadu,The Nilgiris,Gudalur,Onion,Bellary,Local,2026-09-05,5500.0,6000.0,5750.0,5750.0,quintal,5750.0,₹/quintal,True
Tamil Nadu,The Nilgiris,Gudalur,Onion Green,Onion Green,Local,2026-09-05,7500.0,7800.0,7650.0,7650.0,quintal,7650.0,₹/quintal,True
Tamil Nadu,The Nilgiris,Gudalur,Potato,Red Nanital,Local,2026-09-05,5000.0,5500.0,5250.0,5250.0,quintal,5250.0,₹/quintal,True
Tamil Nadu,The Nilgiris,Gudalur,Pumpkin,Pumpkin,Local,2026-09-05,1500.0,2000.0,1750.0,1750.0,quintal,1750.0,₹/quintal,True
Tamil Nadu,The Nilgiris,Gudalur,Red gram/Arhar/Tur(whole),Arhar (Whole),Local,2026-09-05,4500.0,4800.0,4650.0,4650.0,quintal,4650.0,₹/quintal,True
Tamil Nadu,The Nilgiris,Gudalur,Ridgeguard(Tori),Ridgeguard(Tori),Local,2026-09-05,4500.0,4800.0,4650.0,4650.0,quintal,4650.0,₹/quintal,True
Tamil Nadu,The Nilgiris,Gudalur,Snakeguard,Snakeguard,Local,2026-09-05,3300.0,3600.0,3450.0,3450.0,quintal,3450.0,₹/quintal,True
Tamil Nadu,The Nilgiris,Gudalur,Tapioca,Tapioca,Local,2026-09-05,3000.0,3500.0,3250.0,3250.0,quintal,3250.0,₹/quintal,True
Tamil Nadu,The Nilgiris,Gudalur,Thondekai,Thondekai,Local,2026-09-05,3000.0,3500.0,3250.0,3250.0,quintal,3250.0,₹/quintal,True
Tamil Nadu,The Nilgiris,Gudalur,Tomato,Deshi,Local,2026-09-05,2500.0,3000.0,2750.0,2750.0,quintal,2750.0,₹/quintal,True
Tamil Nadu,The Nilgiris,Udhagamandalam,Amaranthus,Amaranthus,Local,2026-09-05,5500.0,6000.0,5750.0,5750.0,quintal,5750.0,₹/quintal,True
Tamil Nadu,The Nilgiris,Udhagamandalam,Amla(Nelli Kai),Amla,Local,2026-09-05,8000.0,9000.0,8500.0,8500.0,quintal,8500.0,₹/quintal,True
Tamil Nadu,The Nilgiris,Udhagamandalam,Apple,American,Local,2026-09-05,20000.0,22000.0,21000.0,21000.0,quintal,21000.0,₹/quintal,True
Tamil Nadu,The Nilgiris,Udhagamandalam,Ashgourd,Gouard,Local,2026-09-05,1500.0,2000.0,1750.0,1750.0,quintal,1750.0,₹/quintal,True
Tamil Nadu,The Nilgiris,Udhagamandalam,Banana,Besrai,Local,2026-09-05,3500.0,5000.0,4250.0,4250.0,quintal,4250.0,₹/quintal,True
Tamil Nadu,The Nilgiris,Udhagamandalam,Banana - Green,Banana - Green,Local,2026-09-05,4000.0,4500.0,4250.0,4250.0,quintal,4250.0,₹/quintal,True
Tamil Nadu,The Nilgiris,Udhagamandalam,Beans,Beans (Whole),Local,2026-09-05,6500.0,7000.0,6750.0,6750.0,quintal,6750.0,₹/quintal,True
Tamil Nadu,The Nilgiris,Udhagamandalam,Beetroot,Beetroot,Local,2026-09-05,4500.0,5000.0,4750.0,4750.0,quintal,4750.0,₹/quintal,True
Tamil Nadu,The Nilgiris,Udhagamandalam,Bhindi(Ladies Finger),Bhindi,Local,2026-09-05,4000.0,4400.0,4200.0,4200.0,quintal,4200.0,₹/quintal,True
Tamil Nadu,The Nilgiris,Udhagamandalam,Bitter gourd,Bitter Gourd,Local,2026-09-05,4500.0,4800.0,4650.0,4650.0,quintal,4650.0,₹/quintal,True
Tamil Nadu,The Nilgiris,Udhagamandalam,Bottle gourd,Bottle Gourd,Local,2026-09-05,2500.0,3000.0,2750.0,2750.0,quintal,2750.0,₹/quintal,True
Tamil Nadu,The Nilgiris,Udhagamandalam,Brinjal,Other,Local,2026-09-05,3500.0,3800.0,3650.0,3650.0,quintal,3650.0,₹/quintal,True
Tamil Nadu,The Nilgiris,Udhagamandalam,Cabbage,Cabbage,Local,2026-09-05,2000.0,2500.0,2250.0,2250.0,quintal,2250.0,₹/quintal,True
Tamil Nadu,The Nilgiris,Udhagamandalam,Capsicum,Capsicum,Local,2026-09-05,5500.0,6000.0,5750.0,5750.0,quintal,5750.0,₹/quintal,True
Tamil Nadu,The Nilgiris,Udhagamandalam,Carrot,Pusakesar,Local,2026-09-05,3000.0,3500.0,3250.0,3250.0,quintal,3250.0,₹/quintal,True
Tamil Nadu,The Nilgiris,Udhagamandalam,Cauliflower,Ranchi,Local,2026-09-05,4000.0,4500.0,4250.0,4250.0,quintal,4250.0,₹/quintal,True
Tamil Nadu,The Nilgiris,Udhagamandalam,Chow Chow,Chow Chow,Local,2026-09-05,2000.0,2500.0,2250.0,2250.0,quintal,2250.0,₹/quintal,True
Tamil Nadu,The Nilgiris,Udhagamandalam,Cluster beans,Cluster Beans,Local,2026-09-05,3500.0,4000.0,3750.0,3750.0,quintal,3750.0,₹/quintal,True
Tamil Nadu,The Nilgiris,Udhagamandalam,Coconut,Coconut,Local,2026-09-05,6000.0,6500.0,6250.0,6250.0,quintal,6250.0,₹/quintal,True
Tamil Nadu,The Nilgiris,Udhagamandalam,Coriander(Leaves),I Sort,Local,2026-09-05,6500.0,7000.0,6750.0,6750.0,quintal,6750.0,₹/quintal,True
Tamil Nadu,The Nilgiris,Udhagamandalam,Cowpea(Veg),Cowpea (Veg),Local,2026-09-05,3500.0,4000.0,3750.0,3750.0,quintal,3750.0,₹/quintal,True
Tamil Nadu,The Nilgiris,Udhagamandalam,Cucumbar(Kheera),Cucumbar,Local,2026-09-05,3000.0,3500.0,3250.0,3250.0,quintal,3250.0,₹/quintal,True
Tamil Nadu,The Nilgiris,Udhagamandalam,Drumstick,Drumstick,Local,2026-09-05,2800.0,3200.0,3000.0,3000.0,quintal,3000.0,₹/quintal,True
Tamil Nadu,The Nilgiris,Udhagamandalam,Elephant Yam(Suran)/Amorphophallus,Elephant Yam (Suran),Local,2026-09-05,3500.0,4000.0,3750.0,3750.0,quintal,3750.0,₹/quintal,True
Tamil Nadu,The Nilgiris,Udhagamandalam,Garlic,Garlic,Local,2026-09-05,10000.0,15000.0,12500.0,12500.0,quintal,12500.0,₹/quintal,True
Tamil Nadu,The Nilgiris,Udhagamandalam,Ginger(Green),Green Ginger,Local,2026-09-05,10000.0,16000.0,13000.0,13000.0,quintal,13000.0,₹/quintal,True
Tamil Nadu,The Nilgiris,Udhagamandalam,Grapes,Annabesahai,Local,2026-09-05,8000.0,10000.0,9000.0,9000.0,quintal,9000.0,₹/quintal,True
Tamil Nadu,The Nilgiris,Udhagamandalam,Green Avare(W),Green Avare (W),Local,2026-09-05,5500.0,6000.0,5750.0,5750.0,quintal,5750.0,₹/quintal,True
Tamil Nadu,The Nilgiris,Udhagamandalam,Green Chilli,Green Chilly,Local,2026-09-05,4000.0,4500.0,4250.0,4250.0,quintal,4250.0,₹/quintal,True
Tamil Nadu,The Nilgiris,Udhagamandalam,Green Peas,Green Peas,Local,2026-09-05,10000.0,12000.0,11000.0,11000.0,quintal,11000.0,₹/quintal,True
Tamil Nadu,The Nilgiris,Udhagamandalam,Guava,Guava Allahabad,Local,2026-09-05,7000.0,8000.0,7500.0,7500.0,quintal,7500.0,₹/quintal,True
Tamil Nadu,The Nilgiris,Udhagamandalam,Knool Khol,Knool Khol,Local,2026-09-05,4000.0,4500.0,4250.0,4250.0,quintal,4250.0,₹/quintal,True
Tamil Nadu,The Nilgiris,Udhagamandalam,Lemon,Lemon,Local,2026-09-05,18000.0,20000.0,19000.0,19000.0,quintal,19000.0,₹/quintal,True
Tamil Nadu,The Nilgiris,Udhagamandalam,Lime,Lime,Local,2026-09-05,10000.0,11000.0,10500.0,10500.0,quintal,10500.0,₹/quintal,True
Tamil Nadu,The Nilgiris,Udhagamandalam,Mango(Raw-Ripe),Mango - Raw-Ripe,Local,2026-09-05,8000.0,10000.0,9000.0,9000.0,quintal,9000.0,₹/quintal,True
Tamil Nadu,The Nilgiris,Udhagamandalam,Mint(Pudina),Mint(Pudina),Local,2026-09-05,4500.0,5000.0,4750.0,4750.0,quintal,4750.0,₹/quintal,True
Tamil Nadu,The Nilgiris,Udhagamandalam,Mousambi(Sweet Lime),Mousambi,Local,2026-09-05,10000.0,11000.0,10500.0,10500.0,quintal,10500.0,₹/quintal,True
Tamil Nadu,The Nilgiris,Udhagamandalam,Onion,Bellary,Local,2026-09-05,5500.0,6000.0,5750.0,5750.0,quintal,5750.0,₹/quintal,True
Tamil Nadu,The Nilgiris,Udhagamandalam,Onion Green,Onion Green,Local,2026-09-05,7000.0,7500.0,7250.0,7250.0,quintal,7250.0,₹/quintal,True
Tamil Nadu,The Nilgiris,Udhagamandalam,Orange,Darjeeling,Local,2026-09-05,10000.0,11000.0,10500.0,10500.0,quintal,10500.0,₹/quintal,True
Tamil Nadu,The Nilgiris,Udhagamandalam,Papaya,Papaya,Local,2026-09-05,4500.0,5000.0,4750.0,4750.0,quintal,4750.0,₹/quintal,True
Tamil Nadu,The Nilgiris,Udhagamandalam,Pineapple,Pine Apple,Local,2026-09-05,8000.0,9000.0,8500.0,8500.0,quintal,8500.0,₹/quintal,True
Tamil Nadu,The Nilgiris,Udhagamandalam,Pomegranate,Pomogranate,Local,2026-09-05,12000.0,14000.0,13000.0,13000.0,quintal,13000.0,₹/quintal,True
Tamil Nadu,The Nilgiris,Udhagamandalam,Potato,Other,Local,2026-09-05,4500.0,5000.0,4750.0,4750.0,quintal,4750.0,₹/quintal,True
Tamil Nadu,The Nilgiris,Udhagamandalam,Pumpkin,Pumpkin,Local,2026-09-05,1500.0,2000.0,1750.0,1750.0,quintal,1750.0,₹/quintal,True
Tamil Nadu,The Nilgiris,Udhagamandalam,Raddish,Raddish,Local,2026-09-05,2500.0,3000.0,2750.0,2750.0,quintal,2750.0,₹/quintal,True
Tamil Nadu,The Nilgiris,Udhagamandalam,Ridgeguard(Tori),Ridgeguard(Tori),Local,2026-09-05,4500.0,4800.0,4650.0,4650.0,quintal,4650.0,₹/quintal,True
Tamil Nadu,The Nilgiris,Udhagamandalam,Snakeguard,Snakeguard,Local,2026-09-05,3000.0,3600.0,3300.0,3300.0,quintal,3300.0,₹/quintal,True
Tamil Nadu,The Nilgiris,Udhagamandalam,Sweet Potato,Hosur Red,Local,2026-09-05,4000.0,4500.0,4250.0,4250.0,quintal,4250.0,₹/quintal,True
Tamil Nadu,The Nilgiris,Udhagamandalam,Tapioca,Tapioca,Local,2026-09-05,3000.0,3500.0,3250.0,3250.0,quintal,3250.0,₹/quintal,True
Tamil Nadu,The Nilgiris,Udhagamandalam,Thondekai,Thondekai,Local,2026-09-05,3000.0,3500.0,3250.0,3250.0,quintal,3250.0,₹/quintal,True
Tamil Nadu,The Nilgiris,Udhagamandalam,Tomato,Deshi,Local,2026-09-05,2500.0,2800.0,2650.0,2650.0,quintal,2650.0,₹/quintal,True
Tamil Nadu,Theni,Andipatti,Amaranthus,Amaranthus,Local,2026-09-05,2000.0,2500.0,2250.0,2250.0,quintal,2250.0,₹/quintal,True
Tamil Nadu,Theni,Andipatti,Banana,Karpura,Local,2026-09-05,5500.0,6000.0,5750.0,5750.0,quintal,5750.0,₹/quintal,True
Tamil Nadu,Theni,Andipatti,Banana - Green,Banana - Green,Local,2026-09-05,3000.0,3500.0,3250.0,3250.0,quintal,3250.0,₹/quintal,True
Tamil Nadu,Theni,Andipatti,Beans,Beans (Whole),Local,2026-09-05,8000.0,8500.0,8250.0,8250.0,quintal,8250.0,₹/quintal,True
Tamil Nadu,Theni,Andipatti,Beetroot,Beetroot,Local,2026-09-05,2800.0,3000.0,2900.0,2900.0,quintal,2900.0,₹/quintal,True
Tamil Nadu,Theni,Andipatti,Bhindi(Ladies Finger),Bhindi,Local,2026-09-05,3800.0,4000.0,3900.0,3900.0,quintal,3900.0,₹/quintal,True
Tamil Nadu,Theni,Andipatti,Bitter gourd,Other,Local,2026-09-05,3400.0,3600.0,3500.0,3500.0,quintal,3500.0,₹/quintal,True
Tamil Nadu,Theni,Andipatti,Bottle gourd,Bottle Gourd,Local,2026-09-05,1800.0,2000.0,1900.0,1900.0,quintal,1900.0,₹/quintal,True
Tamil Nadu,Theni,Andipatti,Brinjal,Other,Local,2026-09-05,3600.0,3800.0,3700.0,3700.0,quintal,3700.0,₹/quintal,True
Tamil Nadu,Theni,Andipatti,Cabbage,Cabbage,Local,2026-09-05,2600.0,2800.0,2700.0,2700.0,quintal,2700.0,₹/quintal,True
Tamil Nadu,Theni,Andipatti,Carrot,Pusakesar,Local,2026-09-05,4500.0,5000.0,4750.0,4750.0,quintal,4750.0,₹/quintal,True
Tamil Nadu,Theni,Andipatti,Cauliflower,Ranchi,Local,2026-09-05,3000.0,3500.0,3250.0,3250.0,quintal,3250.0,₹/quintal,True
Tamil Nadu,Theni,Andipatti,Chow Chow,Chow Chow,Local,2026-09-05,2800.0,3000.0,2900.0,2900.0,quintal,2900.0,₹/quintal,True
Tamil Nadu,Theni,Andipatti,Cluster beans,Cluster Beans,Local,2026-09-05,2200.0,2400.0,2300.0,2300.0,quintal,2300.0,₹/quintal,True
Tamil Nadu,Theni,Andipatti,Coconut,Coconut,Local,2026-09-05,5400.0,5600.0,5500.0,5500.0,quintal,5500.0,₹/quintal,True
Tamil Nadu,Theni,Andipatti,Coriander(Leaves),I Sort,Local,2026-09-05,2300.0,2500.0,2400.0,2400.0,quintal,2400.0,₹/quintal,True
Tamil Nadu,Theni,Andipatti,Drumstick,Drumstick,Local,2026-09-05,2400.0,2800.0,2600.0,2600.0,quintal,2600.0,₹/quintal,True
Tamil Nadu,Theni,Andipatti,Elephant Yam(Suran)/Amorphophallus,Elephant Yam (Suran),Local,2026-09-05,3800.0,4000.0,3900.0,3900.0,quintal,3900.0,₹/quintal,True
Tamil Nadu,Theni,Andipatti,Garlic,Garlic,Local,2026-09-05,23000.0,24000.0,23500.0,23500.0,quintal,23500.0,₹/quintal,True
Tamil Nadu,Theni,Andipatti,Ginger(Green),Green Ginger,Local,2026-09-05,9000.0,14000.0,11500.0,11500.0,quintal,11500.0,₹/quintal,True
Tamil Nadu,Theni,Andipatti,Green Avare(W),Other,Local,2026-09-05,6000.0,6500.0,6250.0,6250.0,quintal,6250.0,₹/quintal,True
Tamil Nadu,Theni,Andipatti,Green Chilli,Green Chilly,Local,2026-09-05,4500.0,5000.0,4750.0,4750.0,quintal,4750.0,₹/quintal,True
Tamil Nadu,Theni,Andipatti,Indian Beans(Seam),Indian Beans (Seam),Local,2026-09-05,4400.0,4800.0,4600.0,4600.0,quintal,4600.0,₹/quintal,True
Tamil Nadu,Theni,Andipatti,Knool Khol,Knool Khol,Local,2026-09-05,2800.0,3000.0,2900.0,2900.0,quintal,2900.0,₹/quintal,True
Tamil Nadu,Theni,Andipatti,Lemon,Lemon,Local,2026-09-05,21000.0,22000.0,21500.0,21500.0,quintal,21500.0,₹/quintal,True
Tamil Nadu,Theni,Andipatti,Lime,Lime,Local,2026-09-05,11500.0,12000.0,11750.0,11750.0,quintal,11750.0,₹/quintal,True
Tamil Nadu,Theni,Andipatti,Mashrooms,Mashrooms,Local,2026-09-05,25000.0,25000.0,25000.0,25000.0,quintal,25000.0,₹/quintal,True
Tamil Nadu,Theni,Andipatti,Mint(Pudina),Mint(Pudina),Local,2026-09-05,5000.0,5000.0,5000.0,5000.0,quintal,5000.0,₹/quintal,True
Tamil Nadu,Theni,Andipatti,Onion,Bellary,Local,2026-09-05,5800.0,6000.0,5900.0,5900.0,quintal,5900.0,₹/quintal,True
Tamil Nadu,Theni,Andipatti,Onion Green,Onion Green,Local,2026-09-05,7500.0,8000.0,7750.0,7750.0,quintal,7750.0,₹/quintal,True
Tamil Nadu,Theni,Andipatti,Potato,Other,Local,2026-09-05,2600.0,2800.0,2700.0,2700.0,quintal,2700.0,₹/quintal,True
Tamil Nadu,Theni,Andipatti,Pumpkin,Pumpkin,Local,2026-09-05,1600.0,1800.0,1700.0,1700.0,quintal,1700.0,₹/quintal,True
Tamil Nadu,Theni,Andipatti,Raddish,Raddish,Local,2026-09-05,1800.0,2000.0,1900.0,1900.0,quintal,1900.0,₹/quintal,True
Tamil Nadu,Theni,Andipatti,Ridgeguard(Tori),Ridgeguard(Tori),Local,2026-09-05,3600.0,3800.0,3700.0,3700.0,quintal,3700.0,₹/quintal,True
Tamil Nadu,Theni,Andipatti,Snakeguard,Snakeguard,Local,2026-09-05,2000.0,2200.0,2100.0,2100.0,quintal,2100.0,₹/quintal,True
Tamil Nadu,Theni,Andipatti,Tomato,Other,Local,2026-09-05,2600.0,2800.0,2700.0,2700.0,quintal,2700.0,₹/quintal,True
Tamil Nadu,Theni,Andipatti,Turnip,Turnip,Local,2026-09-05,5800.0,6000.0,5900.0,5900.0,quintal,5900.0,₹/quintal,True
Tamil Nadu,Theni,Andipatti,Yam(Ratalu),Yam (Ratalu),Local,2026-09-05,5800.0,6000.0,5900.0,5900.0,quintal,5900.0,₹/quintal,True
Tamil Nadu,Theni,Bodinayakanur,Amaranthus,Amaranthus,Local,2026-09-05,2500.0,2500.0,2500.0,2500.0,quintal,2500.0,₹/quintal,True
Tamil Nadu,Theni,Bodinayakanur,Ashgourd,Gouard,Local,2026-09-05,1600.0,1600.0,1600.0,1600.0,quintal,1600.0,₹/quintal,True
Tamil Nadu,Theni,Bodinayakanur,Banana,Besrai,Local,2026-09-05,6000.0,6000.0,6000.0,6000.0,quintal,6000.0,₹/quintal,True
Tamil Nadu,Theni,Bodinayakanur,Banana - Green,Banana - Green,Local,2026-09-05,3600.0,3600.0,3600.0,3600.0,quintal,3600.0,₹/quintal,True
Tamil Nadu,Theni,Bodinayakanur,Beetroot,Beetroot,Local,2026-09-05,2600.0,2600.0,2600.0,2600.0,quintal,2600.0,₹/quintal,True
Tamil Nadu,Theni,Bodinayakanur,Bhindi(Ladies Finger),Bhindi,Local,2026-09-05,3600.0,3600.0,3600.0,3600.0,quintal,3600.0,₹/quintal,True
Tamil Nadu,Theni,Bodinayakanur,Bitter gourd,Bitter Gourd,Local,2026-09-05,3600.0,3600.0,3600.0,3600.0,quintal,3600.0,₹/quintal,True
Tamil Nadu,Theni,Bodinayakanur,Bottle gourd,Bottle Gourd,Local,2026-09-05,2200.0,2200.0,2200.0,2200.0,quintal,2200.0,₹/quintal,True
Tamil Nadu,Theni,Bodinayakanur,Brinjal,Round,Local,2026-09-05,3400.0,3400.0,3400.0,3400.0,quintal,3400.0,₹/quintal,True
Tamil Nadu,Theni,Bodinayakanur,Cabbage,Cabbage,Local,2026-09-05,3000.0,3000.0,3000.0,3000.0,quintal,3000.0,₹/quintal,True
Tamil Nadu,Theni,Bodinayakanur,Carrot,Pusakesar,Local,2026-09-05,5200.0,5200.0,5200.0,5200.0,quintal,5200.0,₹/quintal,True
Tamil Nadu,Theni,Bodinayakanur,Cauliflower,Ranchi,Local,2026-09-05,3500.0,3500.0,3500.0,3500.0,quintal,3500.0,₹/quintal,True
Tamil Nadu,Theni,Bodinayakanur,Chow Chow,Chow Chow,Local,2026-09-05,3000.0,3000.0,3000.0,3000.0,quintal,3000.0,₹/quintal,True
Tamil Nadu,Theni,Bodinayakanur,Cluster beans,Cluster Beans,Local,2026-09-05,2500.0,2500.0,2500.0,2500.0,quintal,2500.0,₹/quintal,True
Tamil Nadu,Theni,Bodinayakanur,Coconut,Coconut,Local,2026-09-05,5600.0,5600.0,5600.0,5600.0,quintal,5600.0,₹/quintal,True
Tamil Nadu,Theni,Bodinayakanur,Coriander(Leaves),I Sort,Local,2026-09-05,3000.0,3000.0,3000.0,3000.0,quintal,3000.0,₹/quintal,True
Tamil Nadu,Theni,Bodinayakanur,Cucumbar(Kheera),Cucumbar,Local,2026-09-05,2000.0,2000.0,2000.0,2000.0,quintal,2000.0,₹/quintal,True
Tamil Nadu,Theni,Bodinayakanur,Drumstick,Drumstick,Local,2026-09-05,3000.0,3000.0,3000.0,3000.0,quintal,3000.0,₹/quintal,True
Tamil Nadu,Theni,Bodinayakanur,Elephant Yam(Suran)/Amorphophallus,Elephant Yam (Suran),Local,2026-09-05,4000.0,4000.0,4000.0,4000.0,quintal,4000.0,₹/quintal,True
Tamil Nadu,Theni,Bodinayakanur,Green Chilli,Green Chilly,Local,2026-09-05,4800.0,4800.0,4800.0,4800.0,quintal,4800.0,₹/quintal,True
Tamil Nadu,Theni,Bodinayakanur,Indian Beans(Seam),Indian Beans (Seam),Local,2026-09-05,3600.0,3600.0,3600.0,3600.0,quintal,3600.0,₹/quintal,True
Tamil Nadu,Theni,Bodinayakanur,Knool Khol,Knool Khol,Local,2026-09-05,3000.0,3000.0,3000.0,3000.0,quintal,3000.0,₹/quintal,True
Tamil Nadu,Theni,Bodinayakanur,Lemon,Lemon,Local,2026-09-05,22000.0,22000.0,22000.0,22000.0,quintal,22000.0,₹/quintal,True
Tamil Nadu,Theni,Bodinayakanur,Mint(Pudina),Mint(Pudina),Local,2026-09-05,5000.0,5000.0,5000.0,5000.0,quintal,5000.0,₹/quintal,True
Tamil Nadu,Theni,Bodinayakanur,Onion,Bellary,Local,2026-09-05,6000.0,6000.0,6000.0,6000.0,quintal,6000.0,₹/quintal,True
Tamil Nadu,Theni,Bodinayakanur,Onion Green,Onion Green,Local,2026-09-05,7200.0,7200.0,7200.0,7200.0,quintal,7200.0,₹/quintal,True
Tamil Nadu,Theni,Bodinayakanur,Papaya,Papaya,Local,2026-09-05,3000.0,3000.0,3000.0,3000.0,quintal,3000.0,₹/quintal,True
Tamil Nadu,Theni,Bodinayakanur,Potato,Red Nanital,Local,2026-09-05,2800.0,2800.0,2800.0,2800.0,quintal,2800.0,₹/quintal,True
Tamil Nadu,Theni,Bodinayakanur,Pumpkin,Pumpkin,Local,2026-09-05,1800.0,1800.0,1800.0,1800.0,quintal,1800.0,₹/quintal,True
Tamil Nadu,Theni,Bodinayakanur,Raddish,Raddish,Local,2026-09-05,2000.0,2000.0,2000.0,2000.0,quintal,2000.0,₹/quintal,True
Tamil Nadu,Theni,Bodinayakanur,Ridgeguard(Tori),Ridgeguard(Tori),Local,2026-09-05,3800.0,3800.0,3800.0,3800.0,quintal,3800.0,₹/quintal,True
Tamil Nadu,Theni,Bodinayakanur,Snakeguard,Snakeguard,Local,2026-09-05,4200.0,4200.0,4200.0,4200.0,quintal,4200.0,₹/quintal,True
Tamil Nadu,Theni,Bodinayakanur,Thondekai,Thondekai,Local,2026-09-05,3600.0,3600.0,3600.0,3600.0,quintal,3600.0,₹/quintal,True
Tamil Nadu,Theni,Bodinayakanur,Tomato,Deshi,Local,2026-09-05,2600.0,2600.0,2600.0,2600.0,quintal,2600.0,₹/quintal,True
Tamil Nadu,Theni,Chinnamanur,Amaranthus,Amaranthus,Local,2026-09-05,2500.0,2500.0,2500.0,2500.0,quintal,2500.0,₹/quintal,True
Tamil Nadu,Theni,Chinnamanur,Banana - Green,Banana - Green,Local,2026-09-05,3000.0,3600.0,3300.0,3300.0,quintal,3300.0,₹/quintal,True
Tamil Nadu,Theni,Chinnamanur,Beans,Beans (Whole),Local,2026-09-05,8000.0,8500.0,8250.0,8250.0,quintal,8250.0,₹/quintal,True
Tamil Nadu,Theni,Chinnamanur,Beetroot,Beetroot,Local,2026-09-05,3000.0,3000.0,3000.0,3000.0,quintal,3000.0,₹/quintal,True
Tamil Nadu,Theni,Chinnamanur,Bhindi(Ladies Finger),Bhindi,Local,2026-09-05,3800.0,3800.0,3800.0,3800.0,quintal,3800.0,₹/quintal,True
Tamil Nadu,Theni,Chinnamanur,Bitter gourd,Other,Local,2026-09-05,3600.0,3600.0,3600.0,3600.0,quintal,3600.0,₹/quintal,True
Tamil Nadu,Theni,Chinnamanur,Bottle gourd,Bottle Gourd,Local,2026-09-05,2200.0,2200.0,2200.0,2200.0,quintal,2200.0,₹/quintal,True
Tamil Nadu,Theni,Chinnamanur,Brinjal,Other,Local,2026-09-05,3600.0,3600.0,3600.0,3600.0,quintal,3600.0,₹/quintal,True
Tamil Nadu,Theni,Chinnamanur,Cabbage,Cabbage,Local,2026-09-05,2500.0,2500.0,2500.0,2500.0,quintal,2500.0,₹/quintal,True
Tamil Nadu,Theni,Chinnamanur,Capsicum,Capsicum,Local,2026-09-05,5000.0,5000.0,5000.0,5000.0,quintal,5000.0,₹/quintal,True
Tamil Nadu,Theni,Chinnamanur,Carrot,Pusakesar,Local,2026-09-05,4500.0,5000.0,4750.0,4750.0,quintal,4750.0,₹/quintal,True
Tamil Nadu,Theni,Chinnamanur,Cauliflower,Ranchi,Local,2026-09-05,3000.0,4000.0,3500.0,3500.0,quintal,3500.0,₹/quintal,True
Tamil Nadu,Theni,Chinnamanur,Chow Chow,Chow Chow,Local,2026-09-05,3000.0,3000.0,3000.0,3000.0,quintal,3000.0,₹/quintal,True
Tamil Nadu,Theni,Chinnamanur,Cluster beans,Cluster Beans,Local,2026-09-05,2200.0,2200.0,2200.0,2200.0,quintal,2200.0,₹/quintal,True
Tamil Nadu,Theni,Chinnamanur,Coconut,Coconut,Local,2026-09-05,5600.0,5600.0,5600.0,5600.0,quintal,5600.0,₹/quintal,True
Tamil Nadu,Theni,Chinnamanur,Colacasia,Colacasia,Local,2026-09-05,5000.0,5000.0,5000.0,5000.0,quintal,5000.0,₹/quintal,True
Tamil Nadu,Theni,Chinnamanur,Coriander(Leaves),I Sort,Local,2026-09-05,2500.0,2500.0,2500.0,2500.0,quintal,2500.0,₹/quintal,True
Tamil Nadu,Theni,Chinnamanur,Cucumbar(Kheera),Cucumbar,Local,2026-09-05,4000.0,4000.0,4000.0,4000.0,quintal,4000.0,₹/quintal,True
Tamil Nadu,Theni,Chinnamanur,Drumstick,Drumstick,Local,2026-09-05,3000.0,3000.0,3000.0,3000.0,quintal,3000.0,₹/quintal,True
Tamil Nadu,Theni,Chinnamanur,Elephant Yam(Suran)/Amorphophallus,Elephant Yam (Suran),Local,2026-09-05,4000.0,4000.0,4000.0,4000.0,quintal,4000.0,₹/quintal,True
Tamil Nadu,Theni,Chinnamanur,Garlic,Garlic,Local,2026-09-05,12000.0,24000.0,18000.0,18000.0,quintal,18000.0,₹/quintal,True
Tamil Nadu,Theni,Chinnamanur,Ginger(Green),Green Ginger,Local,2026-09-05,8000.0,14500.0,11250.0,11250.0,quintal,11250.0,₹/quintal,True
Tamil Nadu,Theni,Chinnamanur,Green Avare(W),Other,Local,2026-09-05,4800.0,4800.0,4800.0,4800.0,quintal,4800.0,₹/quintal,True
Tamil Nadu,Theni,Chinnamanur,Green Chilli,Green Chilly,Local,2026-09-05,4000.0,4000.0,4000.0,4000.0,quintal,4000.0,₹/quintal,True
Tamil Nadu,Theni,Chinnamanur,Indian Beans(Seam),Indian Beans (Seam),Local,2026-09-05,4800.0,4800.0,4800.0,4800.0,quintal,4800.0,₹/quintal,True
Tamil Nadu,Theni,Chinnamanur,Knool Khol,Knool Khol,Local,2026-09-05,3000.0,3000.0,3000.0,3000.0,quintal,3000.0,₹/quintal,True
Tamil Nadu,Theni,Chinnamanur,Lemon,Lemon,Local,2026-09-05,22000.0,22000.0,22000.0,22000.0,quintal,22000.0,₹/quintal,True
Tamil Nadu,Theni,Chinnamanur,Lime,Lime,Local,2026-09-05,10000.0,10000.0,10000.0,10000.0,quintal,10000.0,₹/quintal,True
Tamil Nadu,Theni,Chinnamanur,Mint(Pudina),Mint(Pudina),Local,2026-09-05,5000.0,5000.0,5000.0,5000.0,quintal,5000.0,₹/quintal,True
Tamil Nadu,Theni,Chinnamanur,Onion,Bellary,Local,2026-09-05,5800.0,6200.0,6000.0,6000.0,quintal,6000.0,₹/quintal,True
Tamil Nadu,Theni,Chinnamanur,Onion Green,Onion Green,Local,2026-09-05,7000.0,7400.0,7200.0,7200.0,quintal,7200.0,₹/quintal,True
Tamil Nadu,Theni,Chinnamanur,Potato,Other,Local,2026-09-05,4400.0,4400.0,4400.0,4400.0,quintal,4400.0,₹/quintal,True
Tamil Nadu,Theni,Chinnamanur,Pumpkin,Pumpkin,Local,2026-09-05,1500.0,1500.0,1500.0,1500.0,quintal,1500.0,₹/quintal,True
Tamil Nadu,Theni,Chinnamanur,Raddish,Raddish,Local,2026-09-05,2000.0,2000.0,2000.0,2000.0,quintal,2000.0,₹/quintal,True
Tamil Nadu,Theni,Chinnamanur,Ridgeguard(Tori),Ridgeguard(Tori),Local,2026-09-05,3800.0,3800.0,3800.0,3800.0,quintal,3800.0,₹/quintal,True
Tamil Nadu,Theni,Chinnamanur,Snakeguard,Snakeguard,Local,2026-09-05,4000.0,4000.0,4000.0,4000.0,quintal,4000.0,₹/quintal,True
Tamil Nadu,Theni,Chinnamanur,Thondekai,Thondekai,Local,2026-09-05,3600.0,3600.0,3600.0,3600.0,quintal,3600.0,₹/quintal,True
Tamil Nadu,Theni,Chinnamanur,Tomato,Other,Local,2026-09-05,2400.0,2400.0,2400.0,2400.0,quintal,2400.0,₹/quintal,True
Tamil Nadu,Theni,Chinnamanur,Turnip,Turnip,Local,2026-09-05,6000.0,6000.0,6000.0,6000.0,quintal,6000.0,₹/quintal,True
Tamil Nadu,Theni,Chinnamanur,Yam(Ratalu),Yam (Ratalu),Local,2026-09-05,7000.0,7000.0,7000.0,7000.0,quintal,7000.0,₹/quintal,True
Tamil Nadu,Theni,Devaram,Amaranthus,Amaranthus,Local,2026-09-05,2500.0,2500.0,2500.0,2500.0,quintal,2500.0,₹/quintal,True
Tamil Nadu,Theni,Devaram,Ashgourd,Gouard,Local,2026-09-05,1500.0,1500.0,1500.0,1500.0,quintal,1500.0,₹/quintal,True
Tamil Nadu,Theni,Devaram,Banana,Besrai,Local,2026-09-05,6000.0,6000.0,6000.0,6000.0,quintal,6000.0,₹/quintal,True
Tamil Nadu,Theni,Devaram,Banana - Green,Banana - Green,Local,2026-09-05,3500.0,3500.0,3500.0,3500.0,quintal,3500.0,₹/quintal,True
Tamil Nadu,Theni,Devaram,Beetroot,Beetroot,Local,2026-09-05,3000.0,3000.0,3000.0,3000.0,quintal,3000.0,₹/quintal,True
Tamil Nadu,Theni,Devaram,Bhindi(Ladies Finger),Bhindi,Local,2026-09-05,3800.0,3800.0,3800.0,3800.0,quintal,3800.0,₹/quintal,True
Tamil Nadu,Theni,Devaram,Bitter gourd,Bitter Gourd,Local,2026-09-05,3600.0,3600.0,3600.0,3600.0,quintal,3600.0,₹/quintal,True
Tamil Nadu,Theni,Devaram,Bottle gourd,Bottle Gourd,Local,2026-09-05,2000.0,2000.0,2000.0,2000.0,quintal,2000.0,₹/quintal,True
Tamil Nadu,Theni,Devaram,Brinjal,Round,Local,2026-09-05,3600.0,3600.0,3600.0,3600.0,quintal,3600.0,₹/quintal,True
Tamil Nadu,Theni,Devaram,Cabbage,Cabbage,Local,2026-09-05,2800.0,2800.0,2800.0,2800.0,quintal,2800.0,₹/quintal,True
Tamil Nadu,Theni,Devaram,Cauliflower,Ranchi,Local,2026-09-05,3000.0,3000.0,3000.0,3000.0,quintal,3000.0,₹/quintal,True
Tamil Nadu,Theni,Devaram,Chow Chow,Chow Chow,Local,2026-09-05,2800.0,2800.0,2800.0,2800.0,quintal,2800.0,₹/quintal,True
Tamil Nadu,Theni,Devaram,Cluster beans,Cluster Beans,Local,2026-09-05,2400.0,2400.0,2400.0,2400.0,quintal,2400.0,₹/quintal,True
Tamil Nadu,Theni,Devaram,Coconut,Coconut,Local,2026-09-05,5400.0,5400.0,5400.0,5400.0,quintal,5400.0,₹/quintal,True
Tamil Nadu,Theni,Devaram,Coriander(Leaves),I Sort,Local,2026-09-05,2500.0,2500.0,2500.0,2500.0,quintal,2500.0,₹/quintal,True
Tamil Nadu,Theni,Devaram,Drumstick,Drumstick,Local,2026-09-05,3000.0,3000.0,3000.0,3000.0,quintal,3000.0,₹/quintal,True
Tamil Nadu,Theni,Devaram,Green Avare(W),Green Avare (W),Local,2026-09-05,4800.0,4800.0,4800.0,4800.0,quintal,4800.0,₹/quintal,True
Tamil Nadu,Theni,Devaram,Green Chilli,Green Chilly,Local,2026-09-05,4500.0,4500.0,4500.0,4500.0,quintal,4500.0,₹/quintal,True
Tamil Nadu,Theni,Devaram,Indian Beans(Seam),Indian Beans (Seam),Local,2026-09-05,4800.0,4800.0,4800.0,4800.0,quintal,4800.0,₹/quintal,True
Tamil Nadu,Theni,Devaram,Knool Khol,Knool Khol,Local,2026-09-05,3000.0,3000.0,3000.0,3000.0,quintal,3000.0,₹/quintal,True
Tamil Nadu,Theni,Devaram,Lemon,Lemon,Local,2026-09-05,22000.0,22000.0,22000.0,22000.0,quintal,22000.0,₹/quintal,True
Tamil Nadu,Theni,Devaram,Mint(Pudina),Mint(Pudina),Local,2026-09-05,5000.0,5000.0,5000.0,5000.0,quintal,5000.0,₹/quintal,True
Tamil Nadu,Theni,Devaram,Onion,Bellary,Local,2026-09-05,6000.0,6000.0,6000.0,6000.0,quintal,6000.0,₹/quintal,True
Tamil Nadu,Theni,Devaram,Onion Green,Onion Green,Local,2026-09-05,7000.0,7000.0,7000.0,7000.0,quintal,7000.0,₹/quintal,True
Tamil Nadu,Theni,Devaram,Papaya,Papaya,Local,2026-09-05,3000.0,3000.0,3000.0,3000.0,quintal,3000.0,₹/quintal,True
Tamil Nadu,Theni,Devaram,Potato,Red Nanital,Local,2026-09-05,2800.0,2800.0,2800.0,2800.0,quintal,2800.0,₹/quintal,True
Tamil Nadu,Theni,Devaram,Pumpkin,Pumpkin,Local,2026-09-05,1800.0,1800.0,1800.0,1800.0,quintal,1800.0,₹/quintal,True
Tamil Nadu,Theni,Devaram,Raddish,Raddish,Local,2026-09-05,2000.0,2000.0,2000.0,2000.0,quintal,2000.0,₹/quintal,True
Tamil Nadu,Theni,Devaram,Ridgeguard(Tori),Ridgeguard(Tori),Local,2026-09-05,3800.0,3800.0,3800.0,3800.0,quintal,3800.0,₹/quintal,True
Tamil Nadu,Theni,Devaram,Snakeguard,Snakeguard,Local,2026-09-05,3800.0,3800.0,3800.0,3800.0,quintal,3800.0,₹/quintal,True
Tamil Nadu,Theni,Devaram,Thondekai,Thondekai,Local,2026-09-05,3500.0,3500.0,3500.0,3500.0,quintal,3500.0,₹/quintal,True
Tamil Nadu,Theni,Devaram,Tomato,Deshi,Local,2026-09-05,2600.0,2600.0,2600.0,2600.0,quintal,2600.0,₹/quintal,True
Tamil Nadu,Theni,Kambam,Amaranthus,Amaranthus,Local,2026-09-05,3000.0,3000.0,3000.0,3000.0,quintal,3000.0,₹/quintal,True
Tamil Nadu,Theni,Kambam,Ashgourd,Gouard,Local,2026-09-05,2000.0,2000.0,2000.0,2000.0,quintal,2000.0,₹/quintal,True
Tamil Nadu,Theni,Kambam,Banana,Nendra Bale,Local,2026-09-05,6000.0,6000.0,6000.0,6000.0,quintal,6000.0,₹/quintal,True
Tamil Nadu,Theni,Kambam,Banana - Green,Banana - Green,Local,2026-09-05,3000.0,3600.0,3300.0,3300.0,quintal,3300.0,₹/quintal,True
Tamil Nadu,Theni,Kambam,Beans,Beans (Whole),Local,2026-09-05,8000.0,9000.0,8500.0,8500.0,quintal,8500.0,₹/quintal,True
Tamil Nadu,Theni,Kambam,Beetroot,Beetroot,Local,2026-09-05,3000.0,3000.0,3000.0,3000.0,quintal,3000.0,₹/quintal,True
Tamil Nadu,Theni,Kambam,Betal Leaves,Mysore,Local,2026-09-05,24000.0,24000.0,24000.0,24000.0,quintal,24000.0,₹/quintal,True
Tamil Nadu,Theni,Kambam,Bhindi(Ladies Finger),Bhindi,Local,2026-09-05,3600.0,3600.0,3600.0,3600.0,quintal,3600.0,₹/quintal,True
Tamil Nadu,Theni,Kambam,Bitter gourd,Other,Local,2026-09-05,3600.0,3600.0,3600.0,3600.0,quintal,3600.0,₹/quintal,True
Tamil Nadu,Theni,Kambam,Bottle gourd,Bottle Gourd,Local,2026-09-05,2000.0,2200.0,2100.0,2100.0,quintal,2100.0,₹/quintal,True
Tamil Nadu,Theni,Kambam,Brinjal,Round,Local,2026-09-05,3400.0,3400.0,3400.0,3400.0,quintal,3400.0,₹/quintal,True
Tamil Nadu,Theni,Kambam,Cabbage,Cabbage,Local,2026-09-05,2600.0,2600.0,2600.0,2600.0,quintal,2600.0,₹/quintal,True
Tamil Nadu,Theni,Kambam,Capsicum,Capsicum,Local,2026-09-05,5000.0,5000.0,5000.0,5000.0,quintal,5000.0,₹/quintal,True
Tamil Nadu,Theni,Kambam,Carrot,Pusakesar,Local,2026-09-05,5200.0,5200.0,5200.0,5200.0,quintal,5200.0,₹/quintal,True
Tamil Nadu,Theni,Kambam,Cauliflower,Ranchi,Local,2026-09-05,3000.0,3500.0,3250.0,3250.0,quintal,3250.0,₹/quintal,True
Tamil Nadu,Theni,Kambam,Cluster beans,Cluster Beans,Local,2026-09-05,2500.0,2500.0,2500.0,2500.0,quintal,2500.0,₹/quintal,True
Tamil Nadu,Theni,Kambam,Coconut,Coconut,Local,2026-09-05,5600.0,5600.0,5600.0,5600.0,quintal,5600.0,₹/quintal,True
Tamil Nadu,Theni,Kambam,Coriander(Leaves),I Sort,Local,2026-09-05,3000.0,3000.0,3000.0,3000.0,quintal,3000.0,₹/quintal,True
Tamil Nadu,Theni,Kambam,Cowpea(Veg),Cowpea (Veg),Local,2026-09-05,3600.0,3600.0,3600.0,3600.0,quintal,3600.0,₹/quintal,True
Tamil Nadu,Theni,Kambam,Cucumbar(Kheera),Cucumbar,Local,2026-09-05,2000.0,2000.0,2000.0,2000.0,quintal,2000.0,₹/quintal,True
Tamil Nadu,Theni,Kambam,Drumstick,Drumstick,Local,2026-09-05,3000.0,3000.0,3000.0,3000.0,quintal,3000.0,₹/quintal,True
Tamil Nadu,Theni,Kambam,Elephant Yam(Suran)/Amorphophallus,Elephant Yam (Suran),Local,2026-09-05,4000.0,4000.0,4000.0,4000.0,quintal,4000.0,₹/quintal,True
Tamil Nadu,Theni,Kambam,Ginger(Green),Green Ginger,Local,2026-09-05,14500.0,14500.0,14500.0,14500.0,quintal,14500.0,₹/quintal,True
Tamil Nadu,Theni,Kambam,Green Avare(W),Green Avare (W),Local,2026-09-05,6000.0,6000.0,6000.0,6000.0,quintal,6000.0,₹/quintal,True
Tamil Nadu,Theni,Kambam,Green Chilli,Green Chilly,Local,2026-09-05,4800.0,4800.0,4800.0,4800.0,quintal,4800.0,₹/quintal,True
Tamil Nadu,Theni,Kambam,Knool Khol,Knool Khol,Local,2026-09-05,3000.0,3000.0,3000.0,3000.0,quintal,3000.0,₹/quintal,True
Tamil Nadu,Theni,Kambam,Lemon,Lemon,Local,2026-09-05,22000.0,22000.0,22000.0,22000.0,quintal,22000.0,₹/quintal,True
Tamil Nadu,Theni,Kambam,Lime,Lime,Local,2026-09-05,12000.0,12000.0,12000.0,12000.0,quintal,12000.0,₹/quintal,True
Tamil Nadu,Theni,Kambam,Mashrooms,Mashrooms,Local,2026-09-05,25000.0,25000.0,25000.0,25000.0,quintal,25000.0,₹/quintal,True
Tamil Nadu,Theni,Kambam,Mint(Pudina),Mint(Pudina),Local,2026-09-05,5000.0,5000.0,5000.0,5000.0,quintal,5000.0,₹/quintal,True
Tamil Nadu,Theni,Kambam,Onion,Bellary,Local,2026-09-05,6000.0,6000.0,6000.0,6000.0,quintal,6000.0,₹/quintal,True
Tamil Nadu,Theni,Kambam,Onion Green,Onion Green,Local,2026-09-05,7000.0,7500.0,7250.0,7250.0,quintal,7250.0,₹/quintal,True
Tamil Nadu,Theni,Kambam,Papaya,Papaya,Local,2026-09-05,3000.0,3000.0,3000.0,3000.0,quintal,3000.0,₹/quintal,True
Tamil Nadu,Theni,Kambam,Potato,Other,Local,2026-09-05,2800.0,2800.0,2800.0,2800.0,quintal,2800.0,₹/quintal,True
Tamil Nadu,Theni,Kambam,Pumpkin,Pumpkin,Local,2026-09-05,1800.0,1800.0,1800.0,1800.0,quintal,1800.0,₹/quintal,True
Tamil Nadu,Theni,Kambam,Raddish,Raddish,Local,2026-09-05,2000.0,2000.0,2000.0,2000.0,quintal,2000.0,₹/quintal,True
Tamil Nadu,Theni,Kambam,Ridgeguard(Tori),Ridgeguard(Tori),Local,2026-09-05,3800.0,3800.0,3800.0,3800.0,quintal,3800.0,₹/quintal,True
Tamil Nadu,Theni,Kambam,Snakeguard,Snakeguard,Local,2026-09-05,2400.0,4200.0,3300.0,3300.0,quintal,3300.0,₹/quintal,True
Tamil Nadu,Theni,Kambam,Thondekai,Thondekai,Local,2026-09-05,3600.0,3600.0,3600.0,3600.0,quintal,3600.0,₹/quintal,True
Tamil Nadu,Theni,Kambam,Tomato,Local,Local,2026-09-05,2600.0,2600.0,2600.0,2600.0,quintal,2600.0,₹/quintal,True
Tamil Nadu,Theni,Periyakulam,Amaranthus,Amaranthus,Local,2026-09-05,2000.0,2500.0,2250.0,2250.0,quintal,2250.0,₹/quintal,True
Tamil Nadu,Theni,Periyakulam,Banana,Karpura,Local,2026-09-05,5000.0,6000.0,5500.0,5500.0,quintal,5500.0,₹/quintal,True
Tamil Nadu,Theni,Periyakulam,Banana - Green,Banana - Green,Local,2026-09-05,3000.0,3500.0,3250.0,3250.0,quintal,3250.0,₹/quintal,True
Tamil Nadu,Theni,Periyakulam,Beans,Beans (Whole),Local,2026-09-05,8500.0,8500.0,8500.0,8500.0,quintal,8500.0,₹/quintal,True
Tamil Nadu,Theni,Periyakulam,Beetroot,Beetroot,Local,2026-09-05,3000.0,3000.0,3000.0,3000.0,quintal,3000.0,₹/quintal,True
Tamil Nadu,Theni,Periyakulam,Bhindi(Ladies Finger),Bhindi,Local,2026-09-05,3500.0,4000.0,3750.0,3750.0,quintal,3750.0,₹/quintal,True
Tamil Nadu,Theni,Periyakulam,Bitter gourd,Other,Local,2026-09-05,3600.0,3600.0,3600.0,3600.0,quintal,3600.0,₹/quintal,True
Tamil Nadu,Theni,Periyakulam,Bottle gourd,Bottle Gourd,Local,2026-09-05,1500.0,2000.0,1750.0,1750.0,quintal,1750.0,₹/quintal,True
Tamil Nadu,Theni,Periyakulam,Brinjal,Other,Local,2026-09-05,3500.0,3800.0,3650.0,3650.0,quintal,3650.0,₹/quintal,True
Tamil Nadu,Theni,Periyakulam,Carrot,Pusakesar,Local,2026-09-05,5000.0,5000.0,5000.0,5000.0,quintal,5000.0,₹/quintal,True
Tamil Nadu,Theni,Periyakulam,Cauliflower,Ranchi,Local,2026-09-05,3000.0,3500.0,3250.0,3250.0,quintal,3250.0,₹/quintal,True
Tamil Nadu,Theni,Periyakulam,Chow Chow,Chow Chow,Local,2026-09-05,3000.0,3000.0,3000.0,3000.0,quintal,3000.0,₹/quintal,True
Tamil Nadu,Theni,Periyakulam,Cluster beans,Cluster Beans,Local,2026-09-05,2400.0,2400.0,2400.0,2400.0,quintal,2400.0,₹/quintal,True
Tamil Nadu,Theni,Periyakulam,Coconut,Coconut,Local,2026-09-05,5600.0,5600.0,5600.0,5600.0,quintal,5600.0,₹/quintal,True
Tamil Nadu,Theni,Periyakulam,Coriander(Leaves),I Sort,Local,2026-09-05,2500.0,2500.0,2500.0,2500.0,quintal,2500.0,₹/quintal,True
Tamil Nadu,Theni,Periyakulam,Drumstick,Drumstick,Local,2026-09-05,2000.0,2800.0,2400.0,2400.0,quintal,2400.0,₹/quintal,True
Tamil Nadu,Theni,Periyakulam,Elephant Yam(Suran)/Amorphophallus,Elephant Yam (Suran),Local,2026-09-05,4000.0,4000.0,4000.0,4000.0,quintal,4000.0,₹/quintal,True
Tamil Nadu,Theni,Periyakulam,Ginger(Green),Green Ginger,Local,2026-09-05,8000.0,14000.0,11000.0,11000.0,quintal,11000.0,₹/quintal,True
Tamil Nadu,Theni,Periyakulam,Green Avare(W),Other,Local,2026-09-05,4800.0,4800.0,4800.0,4800.0,quintal,4800.0,₹/quintal,True
Tamil Nadu,Theni,Periyakulam,Green Chilli,Green Chilly,Local,2026-09-05,4500.0,5000.0,4750.0,4750.0,quintal,4750.0,₹/quintal,True
Tamil Nadu,Theni,Periyakulam,Indian Beans(Seam),Indian Beans (Seam),Local,2026-09-05,4800.0,4800.0,4800.0,4800.0,quintal,4800.0,₹/quintal,True
Tamil Nadu,Theni,Periyakulam,Knool Khol,Knool Khol,Local,2026-09-05,3000.0,3000.0,3000.0,3000.0,quintal,3000.0,₹/quintal,True
Tamil Nadu,Theni,Periyakulam,Lemon,Lemon,Local,2026-09-05,20000.0,22000.0,21000.0,21000.0,quintal,21000.0,₹/quintal,True
Tamil Nadu,Theni,Periyakulam,Mint(Pudina),Mint(Pudina),Local,2026-09-05,5000.0,5000.0,5000.0,5000.0,quintal,5000.0,₹/quintal,True
Tamil Nadu,Theni,Periyakulam,Onion,Bellary,Local,2026-09-05,5500.0,6000.0,5750.0,5750.0,quintal,5750.0,₹/quintal,True
Tamil Nadu,Theni,Periyakulam,Onion Green,Onion Green,Local,2026-09-05,7000.0,8000.0,7500.0,7500.0,quintal,7500.0,₹/quintal,True
Tamil Nadu,Theni,Periyakulam,Papaya,Papaya,Local,2026-09-05,2500.0,3000.0,2750.0,2750.0,quintal,2750.0,₹/quintal,True
Tamil Nadu,Theni,Periyakulam,Potato,Other,Local,2026-09-05,2800.0,2800.0,2800.0,2800.0,quintal,2800.0,₹/quintal,True
Tamil Nadu,Theni,Periyakulam,Pumpkin,Pumpkin,Local,2026-09-05,1500.0,1800.0,1650.0,1650.0,quintal,1650.0,₹/quintal,True
Tamil Nadu,Theni,Periyakulam,Raddish,Raddish,Local,2026-09-05,2000.0,2000.0,2000.0,2000.0,quintal,2000.0,₹/quintal,True
Tamil Nadu,Theni,Periyakulam,Ridgeguard(Tori),Ridgeguard(Tori),Local,2026-09-05,3800.0,3800.0,3800.0,3800.0,quintal,3800.0,₹/quintal,True
Tamil Nadu,Theni,Periyakulam,Snakeguard,Snakeguard,Local,2026-09-05,2000.0,2200.0,2100.0,2100.0,quintal,2100.0,₹/quintal,True
Tamil Nadu,Theni,Periyakulam,Thondekai,Thondekai,Local,2026-09-05,3500.0,3500.0,3500.0,3500.0,quintal,3500.0,₹/quintal,True
Tamil Nadu,Theni,Periyakulam,Tomato,Other,Local,2026-09-05,2500.0,2800.0,2650.0,2650.0,quintal,2650.0,₹/quintal,True
Tamil Nadu,Theni,Periyakulam,Yam(Ratalu),Yam (Ratalu),Local,2026-09-05,6000.0,6000.0,6000.0,6000.0,quintal,6000.0,₹/quintal,True
Tamil Nadu,Theni,Theni,Amaranthus,Amaranthus,Local,2026-09-05,2000.0,2000.0,2000.0,2000.0,quintal,2000.0,₹/quintal,True
Tamil Nadu,Theni,Theni,Amla(Nelli Kai),Amla,Local,2026-09-05,6000.0,6000.0,6000.0,6000.0,quintal,6000.0,₹/quintal,True
Tamil Nadu,Theni,Theni,Apple,American,Local,2026-09-05,14000.0,26000.0,20000.0,20000.0,quintal,20000.0,₹/quintal,True
Tamil Nadu,Theni,Theni,Banana,Red Banana,Local,2026-09-05,6000.0,7000.0,6500.0,6500.0,quintal,6500.0,₹/quintal,True
Tamil Nadu,Theni,Theni,Banana - Green,Banana - Green,Local,2026-09-05,3000.0,3000.0,3000.0,3000.0,quintal,3000.0,₹/quintal,True
Tamil Nadu,Theni,Theni,Beans,Beans (Whole),Local,2026-09-05,8000.0,8500.0,8250.0,8250.0,quintal,8250.0,₹/quintal,True
Tamil Nadu,Theni,Theni,Beetroot,Beetroot,Local,2026-09-05,3000.0,3000.0,3000.0,3000.0,quintal,3000.0,₹/quintal,True
Tamil Nadu,Theni,Theni,Betal Leaves,Mysore,Local,2026-09-05,22000.0,22000.0,22000.0,22000.0,quintal,22000.0,₹/quintal,True
Tamil Nadu,Theni,Theni,Bhindi(Ladies Finger),Bhindi,Local,2026-09-05,3500.0,4000.0,3750.0,3750.0,quintal,3750.0,₹/quintal,True
Tamil Nadu,Theni,Theni,Bitter gourd,Other,Local,2026-09-05,3600.0,3600.0,3600.0,3600.0,quintal,3600.0,₹/quintal,True
Tamil Nadu,Theni,Theni,Bottle gourd,Bottle Gourd,Local,2026-09-05,1600.0,2000.0,1800.0,1800.0,quintal,1800.0,₹/quintal,True
Tamil Nadu,Theni,Theni,Brinjal,Other,Local,2026-09-05,3500.0,3800.0,3650.0,3650.0,quintal,3650.0,₹/quintal,True
Tamil Nadu,Theni,Theni,Cabbage,Cabbage,Local,2026-09-05,2800.0,2800.0,2800.0,2800.0,quintal,2800.0,₹/quintal,True
Tamil Nadu,Theni,Theni,Capsicum,Capsicum,Local,2026-09-05,5000.0,5000.0,5000.0,5000.0,quintal,5000.0,₹/quintal,True
Tamil Nadu,Theni,Theni,Carrot,Pusakesar,Local,2026-09-05,4000.0,5000.0,4500.0,4500.0,quintal,4500.0,₹/quintal,True
Tamil Nadu,Theni,Theni,Cauliflower,Ranchi,Local,2026-09-05,2500.0,3500.0,3000.0,3000.0,quintal,3000.0,₹/quintal,True
Tamil Nadu,Theni,Theni,Chow Chow,Chow Chow,Local,2026-09-05,3000.0,3000.0,3000.0,3000.0,quintal,3000.0,₹/quintal,True
Tamil Nadu,Theni,Theni,Cluster beans,Cluster Beans,Local,2026-09-05,2400.0,2400.0,2400.0,2400.0,quintal,2400.0,₹/quintal,True
Tamil Nadu,Theni,Theni,Coconut,Coconut,Local,2026-09-05,5600.0,5600.0,5600.0,5600.0,quintal,5600.0,₹/quintal,True
Tamil Nadu,Theni,Theni,Colacasia,Colacasia,Local,2026-09-05,5500.0,5500.0,5500.0,5500.0,quintal,5500.0,₹/quintal,True
Tamil Nadu,Theni,Theni,Coriander(Leaves),I Sort,Local,2026-09-05,2500.0,2500.0,2500.0,2500.0,quintal,2500.0,₹/quintal,True
Tamil Nadu,Theni,Theni,Drumstick,Drumstick,Local,2026-09-05,2000.0,2800.0,2400.0,2400.0,quintal,2400.0,₹/quintal,True
Tamil Nadu,Theni,Theni,Elephant Yam(Suran)/Amorphophallus,Elephant Yam (Suran),Local,2026-09-05,4000.0,4000.0,4000.0,4000.0,quintal,4000.0,₹/quintal,True
Tamil Nadu,Theni,Theni,Garlic,Garlic,Local,2026-09-05,10000.0,20000.0,15000.0,15000.0,quintal,15000.0,₹/quintal,True
Tamil Nadu,Theni,Theni,Ginger(Green),Green Ginger,Local,2026-09-05,7000.0,14000.0,10500.0,10500.0,quintal,10500.0,₹/quintal,True
Tamil Nadu,Theni,Theni,Grapes,Annabesahai,Local,2026-09-05,12000.0,12000.0,12000.0,12000.0,quintal,12000.0,₹/quintal,True
Tamil Nadu,Theni,Theni,Green Avare(W),Other,Local,2026-09-05,4800.0,6500.0,5650.0,5650.0,quintal,5650.0,₹/quintal,True
Tamil Nadu,Theni,Theni,Green Chilli,Green Chilly,Local,2026-09-05,4000.0,5000.0,4500.0,4500.0,quintal,4500.0,₹/quintal,True
Tamil Nadu,Theni,Theni,Green Peas,Green Peas,Local,2026-09-05,13500.0,13500.0,13500.0,13500.0,quintal,13500.0,₹/quintal,True
Tamil Nadu,Theni,Theni,Indian Beans(Seam),Indian Beans (Seam),Local,2026-09-05,4800.0,4800.0,4800.0,4800.0,quintal,4800.0,₹/quintal,True
Tamil Nadu,Theni,Theni,Karbuja(Musk Melon),Karbhuja,Local,2026-09-05,6000.0,6000.0,6000.0,6000.0,quintal,6000.0,₹/quintal,True
Tamil Nadu,Theni,Theni,Knool Khol,Knool Khol,Local,2026-09-05,3000.0,3000.0,3000.0,3000.0,quintal,3000.0,₹/quintal,True
Tamil Nadu,Theni,Theni,Lemon,Lemon,Local,2026-09-05,20000.0,22000.0,21000.0,21000.0,quintal,21000.0,₹/quintal,True
Tamil Nadu,Theni,Theni,Lime,Lime,Local,2026-09-05,9000.0,12000.0,10500.0,10500.0,quintal,10500.0,₹/quintal,True
Tamil Nadu,Theni,Theni,Mashrooms,Mashrooms,Local,2026-09-05,25000.0,25000.0,25000.0,25000.0,quintal,25000.0,₹/quintal,True
Tamil Nadu,Theni,Theni,Mint(Pudina),Mint(Pudina),Local,2026-09-05,5000.0,5000.0,5000.0,5000.0,quintal,5000.0,₹/quintal,True
Tamil Nadu,Theni,Theni,Mousambi(Sweet Lime),Mousambi,Local,2026-09-05,7000.0,7000.0,7000.0,7000.0,quintal,7000.0,₹/quintal,True
Tamil Nadu,Theni,Theni,Onion,Bellary,Local,2026-09-05,5500.0,6000.0,5750.0,5750.0,quintal,5750.0,₹/quintal,True
Tamil Nadu,Theni,Theni,Onion Green,Onion Green,Local,2026-09-05,7500.0,8000.0,7750.0,7750.0,quintal,7750.0,₹/quintal,True
Tamil Nadu,Theni,Theni,Orange,Darjeeling,Local,2026-09-05,16000.0,16000.0,16000.0,16000.0,quintal,16000.0,₹/quintal,True
Tamil Nadu,Theni,Theni,Papaya,Papaya,Local,2026-09-05,3000.0,3500.0,3250.0,3250.0,quintal,3250.0,₹/quintal,True
Tamil Nadu,Theni,Theni,Pineapple,Pine Apple,Local,2026-09-05,8000.0,8000.0,8000.0,8000.0,quintal,8000.0,₹/quintal,True
Tamil Nadu,Theni,Theni,Pomegranate,Pomogranate,Local,2026-09-05,16000.0,22000.0,19000.0,19000.0,quintal,19000.0,₹/quintal,True
Tamil Nadu,Theni,Theni,Potato,Other,Local,2026-09-05,2800.0,2800.0,2800.0,2800.0,quintal,2800.0,₹/quintal,True
Tamil Nadu,Theni,Theni,Pumpkin,Pumpkin,Local,2026-09-05,1500.0,1800.0,1650.0,1650.0,quintal,1650.0,₹/quintal,True
Tamil Nadu,Theni,Theni,Raddish,Raddish,Local,2026-09-05,2000.0,2000.0,2000.0,2000.0,quintal,2000.0,₹/quintal,True
Tamil Nadu,Theni,Theni,Ridgeguard(Tori),Ridgeguard(Tori),Local,2026-09-05,3800.0,3800.0,3800.0,3800.0,quintal,3800.0,₹/quintal,True
Tamil Nadu,Theni,Theni,Snakeguard,Snakeguard,Local,2026-09-05,2200.0,2200.0,2200.0,2200.0,quintal,2200.0,₹/quintal,True
Tamil Nadu,Theni,Theni,Sweet Corn ,Sweet Corn ,Local,2026-09-05,5000.0,5000.0,5000.0,5000.0,quintal,5000.0,₹/quintal,True
Tamil Nadu,Theni,Theni,Thondekai,Thondekai,Local,2026-09-05,3500.0,3500.0,3500.0,3500.0,quintal,3500.0,₹/quintal,True
Tamil Nadu,Theni,Theni,Tomato,Other,Local,2026-09-05,2500.0,2800.0,2650.0,2650.0,quintal,2650.0,₹/quintal,True
Tamil Nadu,Theni,Theni,Water Melon,Water Melon,Local,2026-09-05,2000.0,2500.0,2250.0,2250.0,quintal,2250.0,₹/quintal,True
Tamil Nadu,Theni,Theni,Yam(Ratalu),Yam (Ratalu),Local,2026-09-05,6000.0,6000.0,6000.0,6000.0,quintal,6000.0,₹/quintal,True
Tamil Nadu,Thirupathur,Natrampalli,Amaranthus,Amaranthus,Local,2026-09-05,1500.0,2000.0,1750.0,1750.0,quintal,1750.0,₹/quintal,True
Tamil Nadu,Thirupathur,Natrampalli,Banana,Besrai,Local,2026-09-05,5000.0,6000.0,5500.0,5500.0,quintal,5500.0,₹/quintal,True
Tamil Nadu,Thirupathur,Natrampalli,Banana - Green,Banana - Green,Local,2026-09-05,2500.0,3000.0,2750.0,2750.0,quintal,2750.0,₹/quintal,True
Tamil Nadu,Thirupathur,Natrampalli,Beans,Beans (Whole),Local,2026-09-05,8000.0,10000.0,9000.0,9000.0,quintal,9000.0,₹/quintal,True
Tamil Nadu,Thirupathur,Natrampalli,Beetroot,Beetroot,Local,2026-09-05,4000.0,5000.0,4500.0,4500.0,quintal,4500.0,₹/quintal,True
Tamil Nadu,Thirupathur,Natrampalli,Bhindi(Ladies Finger),Bhindi,Local,2026-09-05,2500.0,3000.0,2750.0,2750.0,quintal,2750.0,₹/quintal,True
Tamil Nadu,Thirupathur,Natrampalli,Bitter gourd,Bitter Gourd,Local,2026-09-05,4000.0,5000.0,4500.0,4500.0,quintal,4500.0,₹/quintal,True
Tamil Nadu,Thirupathur,Natrampalli,Bottle gourd,Bottle Gourd,Local,2026-09-05,1800.0,2000.0,1900.0,1900.0,quintal,1900.0,₹/quintal,True
Tamil Nadu,Thirupathur,Natrampalli,Brinjal,Round,Local,2026-09-05,2500.0,3000.0,2750.0,2750.0,quintal,2750.0,₹/quintal,True
Tamil Nadu,Thirupathur,Natrampalli,Cabbage,Cabbage,Local,2026-09-05,2500.0,3000.0,2750.0,2750.0,quintal,2750.0,₹/quintal,True
Tamil Nadu,Thirupathur,Natrampalli,Carrot,Pusakesar,Local,2026-09-05,5000.0,6000.0,5500.0,5500.0,quintal,5500.0,₹/quintal,True
Tamil Nadu,Thirupathur,Natrampalli,Cauliflower,Ranchi,Local,2026-09-05,2500.0,3000.0,2750.0,2750.0,quintal,2750.0,₹/quintal,True
Tamil Nadu,Thirupathur,Natrampalli,Cluster beans,Cluster Beans,Local,2026-09-05,2500.0,3000.0,2750.0,2750.0,quintal,2750.0,₹/quintal,True
Tamil Nadu,Thirupathur,Natrampalli,Coconut,Coconut,Local,2026-09-05,2000.0,3000.0,2500.0,2500.0,quintal,2500.0,₹/quintal,True
Tamil Nadu,Thirupathur,Natrampalli,Coriander(Leaves),I Sort,Local,2026-09-05,2500.0,3000.0,2750.0,2750.0,quintal,2750.0,₹/quintal,True
Tamil Nadu,Thirupathur,Natrampalli,Cucumbar(Kheera),Cucumbar,Local,2026-09-05,2500.0,3000.0,2750.0,2750.0,quintal,2750.0,₹/quintal,True
Tamil Nadu,Thirupathur,Natrampalli,Drumstick,Drumstick,Local,2026-09-05,3000.0,4000.0,3500.0,3500.0,quintal,3500.0,₹/quintal,True
Tamil Nadu,Thirupathur,Natrampalli,Garlic,Garlic,Local,2026-09-05,20000.0,25000.0,22500.0,22500.0,quintal,22500.0,₹/quintal,True
Tamil Nadu,Thirupathur,Natrampalli,Ginger(Green),Green Ginger,Local,2026-09-05,15000.0,20000.0,17500.0,17500.0,quintal,17500.0,₹/quintal,True
Tamil Nadu,Thirupathur,Natrampalli,Green Avare(W),Green Avare (W),Local,2026-09-05,4000.0,5000.0,4500.0,4500.0,quintal,4500.0,₹/quintal,True
Tamil Nadu,Thirupathur,Natrampalli,Green Chilli,Green Chilly,Local,2026-09-05,5000.0,6000.0,5500.0,5500.0,quintal,5500.0,₹/quintal,True
Tamil Nadu,Thirupathur,Natrampalli,Guava,Guava Allahabad,Local,2026-09-05,4000.0,5000.0,4500.0,4500.0,quintal,4500.0,₹/quintal,True
Tamil Nadu,Thirupathur,Natrampalli,Lemon,Lemon,Local,2026-09-05,5000.0,6000.0,5500.0,5500.0,quintal,5500.0,₹/quintal,True
Tamil Nadu,Thirupathur,Natrampalli,Mint(Pudina),Mint(Pudina),Local,2026-09-05,3000.0,4000.0,3500.0,3500.0,quintal,3500.0,₹/quintal,True
Tamil Nadu,Thirupathur,Natrampalli,Onion,Bellary,Local,2026-09-05,5000.0,6000.0,5500.0,5500.0,quintal,5500.0,₹/quintal,True
Tamil Nadu,Thirupathur,Natrampalli,Onion Green,Onion Green,Local,2026-09-05,5000.0,6000.0,5500.0,5500.0,quintal,5500.0,₹/quintal,True
Tamil Nadu,Thirupathur,Natrampalli,Papaya,Papaya,Local,2026-09-05,2500.0,3000.0,2750.0,2750.0,quintal,2750.0,₹/quintal,True
Tamil Nadu,Thirupathur,Natrampalli,Potato,Red Nanital,Local,2026-09-05,3000.0,3500.0,3250.0,3250.0,quintal,3250.0,₹/quintal,True
Tamil Nadu,Thirupathur,Natrampalli,Raddish,Raddish,Local,2026-09-05,1500.0,2000.0,1750.0,1750.0,quintal,1750.0,₹/quintal,True
Tamil Nadu,Thirupathur,Natrampalli,Ridgeguard(Tori),Ridgeguard(Tori),Local,2026-09-05,2500.0,3000.0,2750.0,2750.0,quintal,2750.0,₹/quintal,True
Tamil Nadu,Thirupathur,Natrampalli,Snakeguard,Snakeguard,Local,2026-09-05,2500.0,3000.0,2750.0,2750.0,quintal,2750.0,₹/quintal,True
Tamil Nadu,Thirupathur,Natrampalli,Tomato,Deshi,Local,2026-09-05,2000.0,2500.0,2250.0,2250.0,quintal,2250.0,₹/quintal,True
Tamil Nadu,Tiruchirappalli,Lalgudi,Amaranthus,Amaranthus,Local,2026-09-05,1500.0,1500.0,1500.0,1500.0,quintal,1500.0,₹/quintal,True
Tamil Nadu,Tiruchirappalli,Lalgudi,Amla(Nelli Kai),Amla,Local,2026-09-05,11000.0,11000.0,11000.0,11000.0,quintal,11000.0,₹/quintal,True
Tamil Nadu,Tiruchirappalli,Lalgudi,Ashgourd,Gouard,Local,2026-09-05,2000.0,2000.0,2000.0,2000.0,quintal,2000.0,₹/quintal,True
Tamil Nadu,Tiruchirappalli,Lalgudi,Banana,Poovan,Local,2026-09-05,4000.0,5000.0,4500.0,4500.0,quintal,4500.0,₹/quintal,True
Tamil Nadu,Tiruchirappalli,Lalgudi,Banana - Green,Banana - Green,Local,2026-09-05,3000.0,3000.0,3000.0,3000.0,quintal,3000.0,₹/quintal,True
Tamil Nadu,Tiruchirappalli,Lalgudi,Beans,Beans (Whole),Local,2026-09-05,8400.0,8400.0,8400.0,8400.0,quintal,8400.0,₹/quintal,True
Tamil Nadu,Tiruchirappalli,Lalgudi,Beetroot,Beetroot,Local,2026-09-05,4600.0,4600.0,4600.0,4600.0,quintal,4600.0,₹/quintal,True
Tamil Nadu,Tiruchirappalli,Lalgudi,Bhindi(Ladies Finger),Bhindi,Local,2026-09-05,4000.0,4000.0,4000.0,4000.0,quintal,4000.0,₹/quintal,True
Tamil Nadu,Tiruchirappalli,Lalgudi,Bitter gourd,Other,Local,2026-09-05,5000.0,5000.0,5000.0,5000.0,quintal,5000.0,₹/quintal,True
Tamil Nadu,Tiruchirappalli,Lalgudi,Bottle gourd,Bottle Gourd,Local,2026-09-05,3000.0,3000.0,3000.0,3000.0,quintal,3000.0,₹/quintal,True
Tamil Nadu,Tiruchirappalli,Lalgudi,Brinjal,Other,Local,2026-09-05,5000.0,5000.0,5000.0,5000.0,quintal,5000.0,₹/quintal,True
Tamil Nadu,Tiruchirappalli,Lalgudi,Cabbage,Cabbage,Local,2026-09-05,3000.0,3000.0,3000.0,3000.0,quintal,3000.0,₹/quintal,True
Tamil Nadu,Tiruchirappalli,Lalgudi,Carrot,Pusakesar,Local,2026-09-05,7000.0,7000.0,7000.0,7000.0,quintal,7000.0,₹/quintal,True
Tamil Nadu,Tiruchirappalli,Lalgudi,Cauliflower,Ranchi,Local,2026-09-05,4000.0,4000.0,4000.0,4000.0,quintal,4000.0,₹/quintal,True
Tamil Nadu,Tiruchirappalli,Lalgudi,Chow Chow,Chow Chow,Local,2026-09-05,4000.0,4000.0,4000.0,4000.0,quintal,4000.0,₹/quintal,True
Tamil Nadu,Tiruchirappalli,Lalgudi,Cluster beans,Cluster Beans,Local,2026-09-05,4000.0,4000.0,4000.0,4000.0,quintal,4000.0,₹/quintal,True
Tamil Nadu,Tiruchirappalli,Lalgudi,Coconut,Coconut,Local,2026-09-05,7000.0,7000.0,7000.0,7000.0,quintal,7000.0,₹/quintal,True
Tamil Nadu,Tiruchirappalli,Lalgudi,Colacasia,Colacasia,Local,2026-09-05,5400.0,5400.0,5400.0,5400.0,quintal,5400.0,₹/quintal,True
Tamil Nadu,Tiruchirappalli,Lalgudi,Coriander(Leaves),I Sort,Local,2026-09-05,3000.0,3000.0,3000.0,3000.0,quintal,3000.0,₹/quintal,True
Tamil Nadu,Tiruchirappalli,Lalgudi,Cowpea(Veg),Cowpea (Veg),Local,2026-09-05,4000.0,4000.0,4000.0,4000.0,quintal,4000.0,₹/quintal,True
Tamil Nadu,Tiruchirappalli,Lalgudi,Cucumbar(Kheera),Cucumbar,Local,2026-09-05,4000.0,4000.0,4000.0,4000.0,quintal,4000.0,₹/quintal,True
Tamil Nadu,Tiruchirappalli,Lalgudi,Drumstick,Drumstick,Local,2026-09-05,4600.0,4600.0,4600.0,4600.0,quintal,4600.0,₹/quintal,True
Tamil Nadu,Tiruchirappalli,Lalgudi,Elephant Yam(Suran)/Amorphophallus,Elephant Yam (Suran),Local,2026-09-05,4600.0,4600.0,4600.0,4600.0,quintal,4600.0,₹/quintal,True
Tamil Nadu,Tiruchirappalli,Lalgudi,Ginger(Green),Green Ginger,Local,2026-09-05,16000.0,16000.0,16000.0,16000.0,quintal,16000.0,₹/quintal,True
Tamil Nadu,Tiruchirappalli,Lalgudi,Green Avare(W),Other,Local,2026-09-05,7000.0,7000.0,7000.0,7000.0,quintal,7000.0,₹/quintal,True
Tamil Nadu,Tiruchirappalli,Lalgudi,Green Chilli,Green Chilly,Local,2026-09-05,4600.0,4600.0,4600.0,4600.0,quintal,4600.0,₹/quintal,True
Tamil Nadu,Tiruchirappalli,Lalgudi,Guava,Guava Allahabad,Local,2026-09-05,8000.0,8000.0,8000.0,8000.0,quintal,8000.0,₹/quintal,True
Tamil Nadu,Tiruchirappalli,Lalgudi,Indian Beans(Seam),Indian Beans (Seam),Local,2026-09-05,7000.0,7000.0,7000.0,7000.0,quintal,7000.0,₹/quintal,True
Tamil Nadu,Tiruchirappalli,Lalgudi,Knool Khol,Knool Khol,Local,2026-09-05,4000.0,4000.0,4000.0,4000.0,quintal,4000.0,₹/quintal,True
Tamil Nadu,Tiruchirappalli,Lalgudi,Lemon,Lemon,Local,2026-09-05,18000.0,18000.0,18000.0,18000.0,quintal,18000.0,₹/quintal,True
Tamil Nadu,Tiruchirappalli,Lalgudi,Mango(Raw-Ripe),Mango - Raw-Ripe,Local,2026-09-05,10000.0,10000.0,10000.0,10000.0,quintal,10000.0,₹/quintal,True
Tamil Nadu,Tiruchirappalli,Lalgudi,Mint(Pudina),Mint(Pudina),Local,2026-09-05,5600.0,5600.0,5600.0,5600.0,quintal,5600.0,₹/quintal,True
Tamil Nadu,Tiruchirappalli,Lalgudi,Onion,Bellary,Local,2026-09-05,5000.0,6000.0,5500.0,5500.0,quintal,5500.0,₹/quintal,True
Tamil Nadu,Tiruchirappalli,Lalgudi,Onion Green,Onion Green,Local,2026-09-05,8000.0,8000.0,8000.0,8000.0,quintal,8000.0,₹/quintal,True
Tamil Nadu,Tiruchirappalli,Lalgudi,Papaya,Papaya,Local,2026-09-05,4000.0,4000.0,4000.0,4000.0,quintal,4000.0,₹/quintal,True
Tamil Nadu,Tiruchirappalli,Lalgudi,Potato,Other,Local,2026-09-05,3000.0,3000.0,3000.0,3000.0,quintal,3000.0,₹/quintal,True
Tamil Nadu,Tiruchirappalli,Lalgudi,Pumpkin,Pumpkin,Local,2026-09-05,2000.0,2000.0,2000.0,2000.0,quintal,2000.0,₹/quintal,True
Tamil Nadu,Tiruchirappalli,Lalgudi,Raddish,Raddish,Local,2026-09-05,2000.0,2000.0,2000.0,2000.0,quintal,2000.0,₹/quintal,True
Tamil Nadu,Tiruchirappalli,Lalgudi,Ridgeguard(Tori),Ridgeguard(Tori),Local,2026-09-05,5600.0,5600.0,5600.0,5600.0,quintal,5600.0,₹/quintal,True
Tamil Nadu,Tiruchirappalli,Lalgudi,Snakeguard,Snakeguard,Local,2026-09-05,4600.0,4600.0,4600.0,4600.0,quintal,4600.0,₹/quintal,True
Tamil Nadu,Tiruchirappalli,Lalgudi,Sweet Potato,Hosur Red,Local,2026-09-05,6000.0,6000.0,6000.0,6000.0,quintal,6000.0,₹/quintal,True
Tamil Nadu,Tiruchirappalli,Lalgudi,Tapioca,Tapioca,Local,2026-09-05,4000.0,4000.0,4000.0,4000.0,quintal,4000.0,₹/quintal,True
Tamil Nadu,Tiruchirappalli,Lalgudi,Thondekai,Thondekai,Local,2026-09-05,4600.0,4600.0,4600.0,4600.0,quintal,4600.0,₹/quintal,True
Tamil Nadu,Tiruchirappalli,Lalgudi,Tomato,Local,Local,2026-09-05,3000.0,3000.0,3000.0,3000.0,quintal,3000.0,₹/quintal,True
Tamil Nadu,Tiruchirappalli,Lalgudi,Yam(Ratalu),Yam (Ratalu),Local,2026-09-05,7000.0,7000.0,7000.0,7000.0,quintal,7000.0,₹/quintal,True
Tamil Nadu,Tiruchirappalli,Manachanallur,Amaranthus,Amaranthus,Local,2026-09-05,1500.0,2000.0,1750.0,1750.0,quintal,1750.0,₹/quintal,True
Tamil Nadu,Tiruchirappalli,Manachanallur,Ashgourd,Gouard,Local,2026-09-05,1600.0,2000.0,1800.0,1800.0,quintal,1800.0,₹/quintal,True
Tamil Nadu,Tiruchirappalli,Manachanallur,Banana,Karpura,Local,2026-09-05,5000.0,6000.0,5500.0,5500.0,quintal,5500.0,₹/quintal,True
Tamil Nadu,Tiruchirappalli,Manachanallur,Banana - Green,Banana - Green,Local,2026-09-05,2000.0,2500.0,2250.0,2250.0,quintal,2250.0,₹/quintal,True
Tamil Nadu,Tiruchirappalli,Manachanallur,Beans,Beans (Whole),Local,2026-09-05,7500.0,8500.0,8000.0,8000.0,quintal,8000.0,₹/quintal,True
Tamil Nadu,Tiruchirappalli,Manachanallur,Beetroot,Beetroot,Local,2026-09-05,4200.0,4200.0,4200.0,4200.0,quintal,4200.0,₹/quintal,True
Tamil Nadu,Tiruchirappalli,Manachanallur,Bhindi(Ladies Finger),Bhindi,Local,2026-09-05,3500.0,4000.0,3750.0,3750.0,quintal,3750.0,₹/quintal,True
Tamil Nadu,Tiruchirappalli,Manachanallur,Bitter gourd,Other,Local,2026-09-05,5000.0,5600.0,5300.0,5300.0,quintal,5300.0,₹/quintal,True
Tamil Nadu,Tiruchirappalli,Manachanallur,Bottle gourd,Bottle Gourd,Local,2026-09-05,2500.0,3000.0,2750.0,2750.0,quintal,2750.0,₹/quintal,True
Tamil Nadu,Tiruchirappalli,Manachanallur,Brinjal,Other,Local,2026-09-05,2500.0,3000.0,2750.0,2750.0,quintal,2750.0,₹/quintal,True
Tamil Nadu,Tiruchirappalli,Manachanallur,Cabbage,Cabbage,Local,2026-09-05,2500.0,3000.0,2750.0,2750.0,quintal,2750.0,₹/quintal,True
Tamil Nadu,Tiruchirappalli,Manachanallur,Carrot,Pusakesar,Local,2026-09-05,6000.0,7000.0,6500.0,6500.0,quintal,6500.0,₹/quintal,True
Tamil Nadu,Tiruchirappalli,Manachanallur,Cauliflower,Ranchi,Local,2026-09-05,4500.0,5000.0,4750.0,4750.0,quintal,4750.0,₹/quintal,True
Tamil Nadu,Tiruchirappalli,Manachanallur,Chow Chow,Chow Chow,Local,2026-09-05,3500.0,4000.0,3750.0,3750.0,quintal,3750.0,₹/quintal,True
Tamil Nadu,Tiruchirappalli,Manachanallur,Cluster beans,Cluster Beans,Local,2026-09-05,3000.0,3500.0,3250.0,3250.0,quintal,3250.0,₹/quintal,True
Tamil Nadu,Tiruchirappalli,Manachanallur,Coconut,Coconut,Local,2026-09-05,6000.0,6600.0,6300.0,6300.0,quintal,6300.0,₹/quintal,True
Tamil Nadu,Tiruchirappalli,Manachanallur,Coriander(Leaves),I Sort,Local,2026-09-05,2400.0,2800.0,2600.0,2600.0,quintal,2600.0,₹/quintal,True
Tamil Nadu,Tiruchirappalli,Manachanallur,Cowpea(Veg),Cowpea (Veg),Local,2026-09-05,4000.0,4000.0,4000.0,4000.0,quintal,4000.0,₹/quintal,True
Tamil Nadu,Tiruchirappalli,Manachanallur,Drumstick,Drumstick,Local,2026-09-05,4000.0,4000.0,4000.0,4000.0,quintal,4000.0,₹/quintal,True
Tamil Nadu,Tiruchirappalli,Manachanallur,Garlic,Garlic,Local,2026-09-05,16000.0,18000.0,17000.0,17000.0,quintal,17000.0,₹/quintal,True
Tamil Nadu,Tiruchirappalli,Manachanallur,Ginger(Green),Green Ginger,Local,2026-09-05,15000.0,17000.0,16000.0,16000.0,quintal,16000.0,₹/quintal,True
Tamil Nadu,Tiruchirappalli,Manachanallur,Green Avare(W),Other,Local,2026-09-05,6000.0,6600.0,6300.0,6300.0,quintal,6300.0,₹/quintal,True
Tamil Nadu,Tiruchirappalli,Manachanallur,Green Chilli,Green Chilly,Local,2026-09-05,4200.0,4800.0,4500.0,4500.0,quintal,4500.0,₹/quintal,True
Tamil Nadu,Tiruchirappalli,Manachanallur,Knool Khol,Knool Khol,Local,2026-09-05,3000.0,3500.0,3250.0,3250.0,quintal,3250.0,₹/quintal,True
Tamil Nadu,Tiruchirappalli,Manachanallur,Lemon,Lemon,Local,2026-09-05,13000.0,15000.0,14000.0,14000.0,quintal,14000.0,₹/quintal,True
Tamil Nadu,Tiruchirappalli,Manachanallur,Mango(Raw-Ripe),Mango - Raw-Ripe,Local,2026-09-05,10000.0,10000.0,10000.0,10000.0,quintal,10000.0,₹/quintal,True
Tamil Nadu,Tiruchirappalli,Manachanallur,Mint(Pudina),Mint(Pudina),Local,2026-09-05,5000.0,5600.0,5300.0,5300.0,quintal,5300.0,₹/quintal,True
Tamil Nadu,Tiruchirappalli,Manachanallur,Onion,Bellary,Local,2026-09-05,5000.0,6000.0,5500.0,5500.0,quintal,5500.0,₹/quintal,True
Tamil Nadu,Tiruchirappalli,Manachanallur,Onion Green,Onion Green,Local,2026-09-05,7000.0,8000.0,7500.0,7500.0,quintal,7500.0,₹/quintal,True
Tamil Nadu,Tiruchirappalli,Manachanallur,Papaya,Papaya,Local,2026-09-05,4000.0,4000.0,4000.0,4000.0,quintal,4000.0,₹/quintal,True
Tamil Nadu,Tiruchirappalli,Manachanallur,Potato,Other,Local,2026-09-05,3000.0,3500.0,3250.0,3250.0,quintal,3250.0,₹/quintal,True
Tamil Nadu,Tiruchirappalli,Manachanallur,Pumpkin,Pumpkin,Local,2026-09-05,1600.0,2000.0,1800.0,1800.0,quintal,1800.0,₹/quintal,True
Tamil Nadu,Tiruchirappalli,Manachanallur,Raddish,Raddish,Local,2026-09-05,3000.0,3500.0,3250.0,3250.0,quintal,3250.0,₹/quintal,True
Tamil Nadu,Tiruchirappalli,Manachanallur,Ridgeguard(Tori),Ridgeguard(Tori),Local,2026-09-05,5000.0,5600.0,5300.0,5300.0,quintal,5300.0,₹/quintal,True
Tamil Nadu,Tiruchirappalli,Manachanallur,Snakeguard,Snakeguard,Local,2026-09-05,3500.0,4000.0,3750.0,3750.0,quintal,3750.0,₹/quintal,True
Tamil Nadu,Tiruchirappalli,Manachanallur,Sweet Potato,Hosur Red,Local,2026-09-05,6000.0,6000.0,6000.0,6000.0,quintal,6000.0,₹/quintal,True
Tamil Nadu,Tiruchirappalli,Manachanallur,Tender Coconut,Tender Coconut,Local,2026-09-05,4000.0,5000.0,4500.0,4500.0,quintal,4500.0,₹/quintal,True
Tamil Nadu,Tiruchirappalli,Manachanallur,Thondekai,Thondekai,Local,2026-09-05,3500.0,4000.0,3750.0,3750.0,quintal,3750.0,₹/quintal,True
Tamil Nadu,Tiruchirappalli,Manachanallur,Tomato,Other,Local,2026-09-05,3000.0,3000.0,3000.0,3000.0,quintal,3000.0,₹/quintal,True
Tamil Nadu,Tiruchirappalli,Manapparai,Amaranthus,Amaranthus,Local,2026-09-05,2000.0,2000.0,2000.0,2000.0,quintal,2000.0,₹/quintal,True
Tamil Nadu,Tiruchirappalli,Manapparai,Ashgourd,Gouard,Local,2026-09-05,2000.0,2000.0,2000.0,2000.0,quintal,2000.0,₹/quintal,True
Tamil Nadu,Tiruchirappalli,Manapparai,Banana,Poovan,Local,2026-09-05,4000.0,5000.0,4500.0,4500.0,quintal,4500.0,₹/quintal,True
Tamil Nadu,Tiruchirappalli,Manapparai,Banana - Green,Banana - Green,Local,2026-09-05,3000.0,3000.0,3000.0,3000.0,quintal,3000.0,₹/quintal,True
Tamil Nadu,Tiruchirappalli,Manapparai,Beans,Beans (Whole),Local,2026-09-05,8500.0,8500.0,8500.0,8500.0,quintal,8500.0,₹/quintal,True
Tamil Nadu,Tiruchirappalli,Manapparai,Beetroot,Beetroot,Local,2026-09-05,6000.0,6000.0,6000.0,6000.0,quintal,6000.0,₹/quintal,True
Tamil Nadu,Tiruchirappalli,Manapparai,Bhindi(Ladies Finger),Bhindi,Local,2026-09-05,3600.0,3600.0,3600.0,3600.0,quintal,3600.0,₹/quintal,True
Tamil Nadu,Tiruchirappalli,Manapparai,Bitter gourd,Other,Local,2026-09-05,5600.0,5600.0,5600.0,5600.0,quintal,5600.0,₹/quintal,True
Tamil Nadu,Tiruchirappalli,Manapparai,Bottle gourd,Bottle Gourd,Local,2026-09-05,2500.0,3000.0,2750.0,2750.0,quintal,2750.0,₹/quintal,True
Tamil Nadu,Tiruchirappalli,Manapparai,Brinjal,Other,Local,2026-09-05,3000.0,3000.0,3000.0,3000.0,quintal,3000.0,₹/quintal,True
Tamil Nadu,Tiruchirappalli,Manapparai,Cabbage,Cabbage,Local,2026-09-05,3000.0,3000.0,3000.0,3000.0,quintal,3000.0,₹/quintal,True
Tamil Nadu,Tiruchirappalli,Manapparai,Carrot,Pusakesar,Local,2026-09-05,7000.0,7000.0,7000.0,7000.0,quintal,7000.0,₹/quintal,True
Tamil Nadu,Tiruchirappalli,Manapparai,Cauliflower,Ranchi,Local,2026-09-05,5000.0,5000.0,5000.0,5000.0,quintal,5000.0,₹/quintal,True
Tamil Nadu,Tiruchirappalli,Manapparai,Chikoos(Sapota),Sapota,Local,2026-09-05,4000.0,4000.0,4000.0,4000.0,quintal,4000.0,₹/quintal,True
Tamil Nadu,Tiruchirappalli,Manapparai,Chow Chow,Chow Chow,Local,2026-09-05,4000.0,4000.0,4000.0,4000.0,quintal,4000.0,₹/quintal,True
Tamil Nadu,Tiruchirappalli,Manapparai,Cluster beans,Cluster Beans,Local,2026-09-05,3600.0,3600.0,3600.0,3600.0,quintal,3600.0,₹/quintal,True
Tamil Nadu,Tiruchirappalli,Manapparai,Coconut,Coconut,Local,2026-09-05,7000.0,7000.0,7000.0,7000.0,quintal,7000.0,₹/quintal,True
Tamil Nadu,Tiruchirappalli,Manapparai,Coriander(Leaves),I Sort,Local,2026-09-05,2800.0,2800.0,2800.0,2800.0,quintal,2800.0,₹/quintal,True
Tamil Nadu,Tiruchirappalli,Manapparai,Cowpea(Veg),Cowpea (Veg),Local,2026-09-05,4000.0,4000.0,4000.0,4000.0,quintal,4000.0,₹/quintal,True
Tamil Nadu,Tiruchirappalli,Manapparai,Drumstick,Drumstick,Local,2026-09-05,4000.0,4000.0,4000.0,4000.0,quintal,4000.0,₹/quintal,True
Tamil Nadu,Tiruchirappalli,Manapparai,Garlic,Garlic,Local,2026-09-05,25000.0,25000.0,25000.0,25000.0,quintal,25000.0,₹/quintal,True
Tamil Nadu,Tiruchirappalli,Manapparai,Ginger(Green),Green Ginger,Local,2026-09-05,22000.0,22000.0,22000.0,22000.0,quintal,22000.0,₹/quintal,True
Tamil Nadu,Tiruchirappalli,Manapparai,Grapes,Annabesahai,Local,2026-09-05,8000.0,8000.0,8000.0,8000.0,quintal,8000.0,₹/quintal,True
Tamil Nadu,Tiruchirappalli,Manapparai,Green Avare(W),Other,Local,2026-09-05,6000.0,6000.0,6000.0,6000.0,quintal,6000.0,₹/quintal,True
Tamil Nadu,Tiruchirappalli,Manapparai,Green Chilli,Green Chilly,Local,2026-09-05,5000.0,5000.0,5000.0,5000.0,quintal,5000.0,₹/quintal,True
Tamil Nadu,Tiruchirappalli,Manapparai,Guava,Guava Allahabad,Local,2026-09-05,10000.0,10000.0,10000.0,10000.0,quintal,10000.0,₹/quintal,True
Tamil Nadu,Tiruchirappalli,Manapparai,Knool Khol,Knool Khol,Local,2026-09-05,3600.0,3600.0,3600.0,3600.0,quintal,3600.0,₹/quintal,True
Tamil Nadu,Tiruchirappalli,Manapparai,Lemon,Lemon,Local,2026-09-05,15000.0,15000.0,15000.0,15000.0,quintal,15000.0,₹/quintal,True
Tamil Nadu,Tiruchirappalli,Manapparai,Mango(Raw-Ripe),Mango - Raw-Ripe,Local,2026-09-05,10000.0,10000.0,10000.0,10000.0,quintal,10000.0,₹/quintal,True
Tamil Nadu,Tiruchirappalli,Manapparai,Mint(Pudina),Mint(Pudina),Local,2026-09-05,5500.0,5500.0,5500.0,5500.0,quintal,5500.0,₹/quintal,True
Tamil Nadu,Tiruchirappalli,Manapparai,Onion,Bellary,Local,2026-09-05,5000.0,6000.0,5500.0,5500.0,quintal,5500.0,₹/quintal,True
Tamil Nadu,Tiruchirappalli,Manapparai,Onion Green,Onion Green,Local,2026-09-05,7000.0,8000.0,7500.0,7500.0,quintal,7500.0,₹/quintal,True
Tamil Nadu,Tiruchirappalli,Manapparai,Papaya,Papaya,Local,2026-09-05,4000.0,4000.0,4000.0,4000.0,quintal,4000.0,₹/quintal,True
Tamil Nadu,Tiruchirappalli,Manapparai,Potato,Other,Local,2026-09-05,3000.0,3000.0,3000.0,3000.0,quintal,3000.0,₹/quintal,True
Tamil Nadu,Tiruchirappalli,Manapparai,Pumpkin,Pumpkin,Local,2026-09-05,2000.0,2000.0,2000.0,2000.0,quintal,2000.0,₹/quintal,True
Tamil Nadu,Tiruchirappalli,Manapparai,Raddish,Raddish,Local,2026-09-05,3000.0,3000.0,3000.0,3000.0,quintal,3000.0,₹/quintal,True
Tamil Nadu,Tiruchirappalli,Manapparai,Ridgeguard(Tori),Ridgeguard(Tori),Local,2026-09-05,5000.0,5000.0,5000.0,5000.0,quintal,5000.0,₹/quintal,True
Tamil Nadu,Tiruchirappalli,Manapparai,Snakeguard,Snakeguard,Local,2026-09-05,4000.0,4000.0,4000.0,4000.0,quintal,4000.0,₹/quintal,True
Tamil Nadu,Tiruchirappalli,Manapparai,Tomato,Other,Local,2026-09-05,3000.0,3000.0,3000.0,3000.0,quintal,3000.0,₹/quintal,True
Tamil Nadu,Tiruchirappalli,Musiri,Amaranthus,Amaranthus,Local,2026-09-05,2000.0,2000.0,2000.0,2000.0,quintal,2000.0,₹/quintal,True
Tamil Nadu,Tiruchirappalli,Musiri,Amla(Nelli Kai),Amla,Local,2026-09-05,7000.0,8000.0,7500.0,7500.0,quintal,7500.0,₹/quintal,True
Tamil Nadu,Tiruchirappalli,Musiri,Ashgourd,Gouard,Local,2026-09-05,1500.0,2000.0,1750.0,1750.0,quintal,1750.0,₹/quintal,True
Tamil Nadu,Tiruchirappalli,Musiri,Banana,Other,Local,2026-09-05,4000.0,5000.0,4500.0,4500.0,quintal,4500.0,₹/quintal,True
Tamil Nadu,Tiruchirappalli,Musiri,Banana - Green,Banana - Green,Local,2026-09-05,2500.0,2500.0,2500.0,2500.0,quintal,2500.0,₹/quintal,True
Tamil Nadu,Tiruchirappalli,Musiri,Beans,Beans (Whole),Local,2026-09-05,7000.0,8000.0,7500.0,7500.0,quintal,7500.0,₹/quintal,True
Tamil Nadu,Tiruchirappalli,Musiri,Beetroot,Beetroot,Local,2026-09-05,4000.0,4500.0,4250.0,4250.0,quintal,4250.0,₹/quintal,True
Tamil Nadu,Tiruchirappalli,Musiri,Betal Leaves,Mysore,Local,2026-09-05,7000.0,8000.0,7500.0,7500.0,quintal,7500.0,₹/quintal,True
Tamil Nadu,Tiruchirappalli,Musiri,Bhindi(Ladies Finger),Bhindi,Local,2026-09-05,3600.0,4000.0,3800.0,3800.0,quintal,3800.0,₹/quintal,True
Tamil Nadu,Tiruchirappalli,Musiri,Bitter gourd,Bitter Gourd,Local,2026-09-05,5000.0,5600.0,5300.0,5300.0,quintal,5300.0,₹/quintal,True
Tamil Nadu,Tiruchirappalli,Musiri,Bottle gourd,Bottle Gourd,Local,2026-09-05,2000.0,2500.0,2250.0,2250.0,quintal,2250.0,₹/quintal,True
Tamil Nadu,Tiruchirappalli,Musiri,Brinjal,Other,Local,2026-09-05,2500.0,3000.0,2750.0,2750.0,quintal,2750.0,₹/quintal,True
Tamil Nadu,Tiruchirappalli,Musiri,Cabbage,Cabbage,Local,2026-09-05,2500.0,3000.0,2750.0,2750.0,quintal,2750.0,₹/quintal,True
Tamil Nadu,Tiruchirappalli,Musiri,Capsicum,Capsicum,Local,2026-09-05,4000.0,5000.0,4500.0,4500.0,quintal,4500.0,₹/quintal,True
Tamil Nadu,Tiruchirappalli,Musiri,Carrot,Pusakesar,Local,2026-09-05,6000.0,6500.0,6250.0,6250.0,quintal,6250.0,₹/quintal,True
Tamil Nadu,Tiruchirappalli,Musiri,Cauliflower,Ranchi,Local,2026-09-05,3000.0,3500.0,3250.0,3250.0,quintal,3250.0,₹/quintal,True
Tamil Nadu,Tiruchirappalli,Musiri,Chow Chow,Chow Chow,Local,2026-09-05,3500.0,4000.0,3750.0,3750.0,quintal,3750.0,₹/quintal,True
Tamil Nadu,Tiruchirappalli,Musiri,Cluster beans,Cluster Beans,Local,2026-09-05,3000.0,3600.0,3300.0,3300.0,quintal,3300.0,₹/quintal,True
Tamil Nadu,Tiruchirappalli,Musiri,Coconut,Coconut,Local,2026-09-05,6000.0,6500.0,6250.0,6250.0,quintal,6250.0,₹/quintal,True
Tamil Nadu,Tiruchirappalli,Musiri,Colacasia,Colacasia,Local,2026-09-05,4500.0,5000.0,4750.0,4750.0,quintal,4750.0,₹/quintal,True
Tamil Nadu,Tiruchirappalli,Musiri,Coriander(Leaves),I Sort,Local,2026-09-05,2500.0,3000.0,2750.0,2750.0,quintal,2750.0,₹/quintal,True
Tamil Nadu,Tiruchirappalli,Musiri,Cowpea(Veg),Cowpea (Veg),Local,2026-09-05,3000.0,3600.0,3300.0,3300.0,quintal,3300.0,₹/quintal,True
Tamil Nadu,Tiruchirappalli,Musiri,Cucumbar(Kheera),Cucumbar,Local,2026-09-05,4000.0,4600.0,4300.0,4300.0,quintal,4300.0,₹/quintal,True
Tamil Nadu,Tiruchirappalli,Musiri,Drumstick,Drumstick,Local,2026-09-05,3000.0,3600.0,3300.0,3300.0,quintal,3300.0,₹/quintal,True
Tamil Nadu,Tiruchirappalli,Musiri,Elephant Yam(Suran)/Amorphophallus,Elephant Yam (Suran),Local,2026-09-05,4000.0,4600.0,4300.0,4300.0,quintal,4300.0,₹/quintal,True
Tamil Nadu,Tiruchirappalli,Musiri,Ginger(Green),Green Ginger,Local,2026-09-05,13000.0,14500.0,13750.0,13750.0,quintal,13750.0,₹/quintal,True
Tamil Nadu,Tiruchirappalli,Musiri,Green Avare(W),Green Avare (W),Local,2026-09-05,6000.0,6500.0,6250.0,6250.0,quintal,6250.0,₹/quintal,True
Tamil Nadu,Tiruchirappalli,Musiri,Green Chilli,Green Chilly,Local,2026-09-05,4000.0,4600.0,4300.0,4300.0,quintal,4300.0,₹/quintal,True
Tamil Nadu,Tiruchirappalli,Musiri,Guava,Guava Allahabad,Local,2026-09-05,4000.0,5000.0,4500.0,4500.0,quintal,4500.0,₹/quintal,True
Tamil Nadu,Tiruchirappalli,Musiri,Indian Beans(Seam),Indian Beans (Seam),Local,2026-09-05,6000.0,7000.0,6500.0,6500.0,quintal,6500.0,₹/quintal,True
Tamil Nadu,Tiruchirappalli,Musiri,Knool Khol,Knool Khol,Local,2026-09-05,2600.0,3000.0,2800.0,2800.0,quintal,2800.0,₹/quintal,True
Tamil Nadu,Tiruchirappalli,Musiri,Lemon,Lemon,Local,2026-09-05,12000.0,14000.0,13000.0,13000.0,quintal,13000.0,₹/quintal,True
Tamil Nadu,Tiruchirappalli,Musiri,Lime,Lime,Local,2026-09-05,4000.0,4000.0,4000.0,4000.0,quintal,4000.0,₹/quintal,True
Tamil Nadu,Tiruchirappalli,Musiri,Mango(Raw-Ripe),Mango - Raw-Ripe,Local,2026-09-05,10000.0,11000.0,10500.0,10500.0,quintal,10500.0,₹/quintal,True
Tamil Nadu,Tiruchirappalli,Musiri,Mashrooms,Mashrooms,Local,2026-09-05,18000.0,20000.0,19000.0,19000.0,quintal,19000.0,₹/quintal,True
Tamil Nadu,Tiruchirappalli,Musiri,Mint(Pudina),Mint(Pudina),Local,2026-09-05,5000.0,5600.0,5300.0,5300.0,quintal,5300.0,₹/quintal,True
Tamil Nadu,Tiruchirappalli,Musiri,Onion,Bellary,Local,2026-09-05,5000.0,6500.0,5750.0,5750.0,quintal,5750.0,₹/quintal,True
Tamil Nadu,Tiruchirappalli,Musiri,Onion Green,Onion Green,Local,2026-09-05,5000.0,8000.0,6500.0,6500.0,quintal,6500.0,₹/quintal,True
Tamil Nadu,Tiruchirappalli,Musiri,Papaya,Papaya,Local,2026-09-05,3500.0,4000.0,3750.0,3750.0,quintal,3750.0,₹/quintal,True
Tamil Nadu,Tiruchirappalli,Musiri,Potato,Other,Local,2026-09-05,2600.0,3000.0,2800.0,2800.0,quintal,2800.0,₹/quintal,True
Tamil Nadu,Tiruchirappalli,Musiri,Pumpkin,Pumpkin,Local,2026-09-05,1500.0,2000.0,1750.0,1750.0,quintal,1750.0,₹/quintal,True
Tamil Nadu,Tiruchirappalli,Musiri,Raddish,Raddish,Local,2026-09-05,3000.0,3600.0,3300.0,3300.0,quintal,3300.0,₹/quintal,True
Tamil Nadu,Tiruchirappalli,Musiri,Ridgeguard(Tori),Ridgeguard(Tori),Local,2026-09-05,4500.0,5000.0,4750.0,4750.0,quintal,4750.0,₹/quintal,True
Tamil Nadu,Tiruchirappalli,Musiri,Snakeguard,Snakeguard,Local,2026-09-05,3600.0,4000.0,3800.0,3800.0,quintal,3800.0,₹/quintal,True
Tamil Nadu,Tiruchirappalli,Musiri,Sweet Corn ,Sweet Corn ,Local,2026-09-05,3500.0,4000.0,3750.0,3750.0,quintal,3750.0,₹/quintal,True
Tamil Nadu,Tiruchirappalli,Musiri,Sweet Potato,Hosur Red,Local,2026-09-05,4000.0,5000.0,4500.0,4500.0,quintal,4500.0,₹/quintal,True
Tamil Nadu,Tiruchirappalli,Musiri,Tapioca,Tapioca,Local,2026-09-05,3000.0,3600.0,3300.0,3300.0,quintal,3300.0,₹/quintal,True
Tamil Nadu,Tiruchirappalli,Musiri,Tender Coconut,Tender Coconut,Local,2026-09-05,3500.0,4000.0,3750.0,3750.0,quintal,3750.0,₹/quintal,True
Tamil Nadu,Tiruchirappalli,Musiri,Thondekai,Thondekai,Local,2026-09-05,3500.0,4000.0,3750.0,3750.0,quintal,3750.0,₹/quintal,True
Tamil Nadu,Tiruchirappalli,Musiri,Tomato,Local,Local,2026-09-05,2600.0,3000.0,2800.0,2800.0,quintal,2800.0,₹/quintal,True
Tamil Nadu,Tiruchirappalli,Musiri,Turnip,Turnip,Local,2026-09-05,3000.0,3600.0,3300.0,3300.0,quintal,3300.0,₹/quintal,True
Tamil Nadu,Tiruchirappalli,Musiri,Yam(Ratalu),Yam (Ratalu),Local,2026-09-05,6000.0,7000.0,6500.0,6500.0,quintal,6500.0,₹/quintal,True
Tamil Nadu,Tiruchirappalli,Thiruverumbur,Amaranthus,Amaranthus,Local,2026-09-05,2000.0,2000.0,2000.0,2000.0,quintal,2000.0,₹/quintal,True
Tamil Nadu,Tiruchirappalli,Thiruverumbur,Ashgourd,Gouard,Local,2026-09-05,2000.0,2000.0,2000.0,2000.0,quintal,2000.0,₹/quintal,True
Tamil Nadu,Tiruchirappalli,Thiruverumbur,Banana,Karpura,Local,2026-09-05,4000.0,5000.0,4500.0,4500.0,quintal,4500.0,₹/quintal,True
Tamil Nadu,Tiruchirappalli,Thiruverumbur,Banana - Green,Banana - Green,Local,2026-09-05,2500.0,2500.0,2500.0,2500.0,quintal,2500.0,₹/quintal,True
Tamil Nadu,Tiruchirappalli,Thiruverumbur,Beans,Beans (Whole),Local,2026-09-05,8400.0,8400.0,8400.0,8400.0,quintal,8400.0,₹/quintal,True
Tamil Nadu,Tiruchirappalli,Thiruverumbur,Beetroot,Beetroot,Local,2026-09-05,4400.0,4400.0,4400.0,4400.0,quintal,4400.0,₹/quintal,True
Tamil Nadu,Tiruchirappalli,Thiruverumbur,Bhindi(Ladies Finger),Bhindi,Local,2026-09-05,3600.0,3600.0,3600.0,3600.0,quintal,3600.0,₹/quintal,True
Tamil Nadu,Tiruchirappalli,Thiruverumbur,Bitter gourd,Other,Local,2026-09-05,5600.0,6000.0,5800.0,5800.0,quintal,5800.0,₹/quintal,True
Tamil Nadu,Tiruchirappalli,Thiruverumbur,Bottle gourd,Bottle Gourd,Local,2026-09-05,3000.0,3000.0,3000.0,3000.0,quintal,3000.0,₹/quintal,True
Tamil Nadu,Tiruchirappalli,Thiruverumbur,Brinjal,Other,Local,2026-09-05,5000.0,5000.0,5000.0,5000.0,quintal,5000.0,₹/quintal,True
Tamil Nadu,Tiruchirappalli,Thiruverumbur,Cabbage,Cabbage,Local,2026-09-05,3000.0,3000.0,3000.0,3000.0,quintal,3000.0,₹/quintal,True
Tamil Nadu,Tiruchirappalli,Thiruverumbur,Capsicum,Capsicum,Local,2026-09-05,4600.0,4600.0,4600.0,4600.0,quintal,4600.0,₹/quintal,True
Tamil Nadu,Tiruchirappalli,Thiruverumbur,Carrot,Pusakesar,Local,2026-09-05,7000.0,7000.0,7000.0,7000.0,quintal,7000.0,₹/quintal,True
Tamil Nadu,Tiruchirappalli,Thiruverumbur,Cauliflower,Ranchi,Local,2026-09-05,5000.0,5000.0,5000.0,5000.0,quintal,5000.0,₹/quintal,True
Tamil Nadu,Tiruchirappalli,Thiruverumbur,Chow Chow,Chow Chow,Local,2026-09-05,4400.0,4400.0,4400.0,4400.0,quintal,4400.0,₹/quintal,True
Tamil Nadu,Tiruchirappalli,Thiruverumbur,Cluster beans,Cluster Beans,Local,2026-09-05,3600.0,3600.0,3600.0,3600.0,quintal,3600.0,₹/quintal,True
Tamil Nadu,Tiruchirappalli,Thiruverumbur,Coconut,Coconut,Local,2026-09-05,7000.0,7000.0,7000.0,7000.0,quintal,7000.0,₹/quintal,True
Tamil Nadu,Tiruchirappalli,Thiruverumbur,Coriander(Leaves),I Sort,Local,2026-09-05,3000.0,3000.0,3000.0,3000.0,quintal,3000.0,₹/quintal,True
Tamil Nadu,Tiruchirappalli,Thiruverumbur,Cowpea(Veg),Cowpea (Veg),Local,2026-09-05,3600.0,3600.0,3600.0,3600.0,quintal,3600.0,₹/quintal,True
Tamil Nadu,Tiruchirappalli,Thiruverumbur,Drumstick,Drumstick,Local,2026-09-05,4000.0,4000.0,4000.0,4000.0,quintal,4000.0,₹/quintal,True
Tamil Nadu,Tiruchirappalli,Thiruverumbur,Garlic,Garlic,Local,2026-09-05,16000.0,26000.0,21000.0,21000.0,quintal,21000.0,₹/quintal,True
Tamil Nadu,Tiruchirappalli,Thiruverumbur,Ginger(Green),Green Ginger,Local,2026-09-05,17000.0,17000.0,17000.0,17000.0,quintal,17000.0,₹/quintal,True
Tamil Nadu,Tiruchirappalli,Thiruverumbur,Green Avare(W),Other,Local,2026-09-05,6000.0,6000.0,6000.0,6000.0,quintal,6000.0,₹/quintal,True
Tamil Nadu,Tiruchirappalli,Thiruverumbur,Green Chilli,Green Chilly,Local,2026-09-05,5000.0,5000.0,5000.0,5000.0,quintal,5000.0,₹/quintal,True
Tamil Nadu,Tiruchirappalli,Thiruverumbur,Indian Beans(Seam),Indian Beans (Seam),Local,2026-09-05,6000.0,6000.0,6000.0,6000.0,quintal,6000.0,₹/quintal,True
Tamil Nadu,Tiruchirappalli,Thiruverumbur,Lemon,Lemon,Local,2026-09-05,20000.0,20000.0,20000.0,20000.0,quintal,20000.0,₹/quintal,True
Tamil Nadu,Tiruchirappalli,Thiruverumbur,Mango(Raw-Ripe),Mango - Raw-Ripe,Local,2026-09-05,8000.0,8000.0,8000.0,8000.0,quintal,8000.0,₹/quintal,True
Tamil Nadu,Tiruchirappalli,Thiruverumbur,Mint(Pudina),Mint(Pudina),Local,2026-09-05,6000.0,6000.0,6000.0,6000.0,quintal,6000.0,₹/quintal,True
Tamil Nadu,Tiruchirappalli,Thiruverumbur,Onion,Bellary,Local,2026-09-05,4600.0,6000.0,5300.0,5300.0,quintal,5300.0,₹/quintal,True
Tamil Nadu,Tiruchirappalli,Thiruverumbur,Onion Green,Onion Green,Local,2026-09-05,7000.0,8000.0,7500.0,7500.0,quintal,7500.0,₹/quintal,True
Tamil Nadu,Tiruchirappalli,Thiruverumbur,Potato,Other,Local,2026-09-05,3000.0,3000.0,3000.0,3000.0,quintal,3000.0,₹/quintal,True
Tamil Nadu,Tiruchirappalli,Thiruverumbur,Pumpkin,Pumpkin,Local,2026-09-05,2000.0,2000.0,2000.0,2000.0,quintal,2000.0,₹/quintal,True
Tamil Nadu,Tiruchirappalli,Thiruverumbur,Raddish,Raddish,Local,2026-09-05,3000.0,3000.0,3000.0,3000.0,quintal,3000.0,₹/quintal,True
Tamil Nadu,Tiruchirappalli,Thiruverumbur,Ridgeguard(Tori),Ridgeguard(Tori),Local,2026-09-05,5000.0,5000.0,5000.0,5000.0,quintal,5000.0,₹/quintal,True
Tamil Nadu,Tiruchirappalli,Thiruverumbur,Snakeguard,Snakeguard,Local,2026-09-05,3600.0,3600.0,3600.0,3600.0,quintal,3600.0,₹/quintal,True
Tamil Nadu,Tiruchirappalli,Thiruverumbur,Sweet Potato,Hosur Red,Local,2026-09-05,5000.0,5000.0,5000.0,5000.0,quintal,5000.0,₹/quintal,True
Tamil Nadu,Tiruchirappalli,Thiruverumbur,Thondekai,Thondekai,Local,2026-09-05,4600.0,4600.0,4600.0,4600.0,quintal,4600.0,₹/quintal,True
Tamil Nadu,Tiruchirappalli,Thiruverumbur,Tomato,Other,Local,2026-09-05,3000.0,3000.0,3000.0,3000.0,quintal,3000.0,₹/quintal,True
Tamil Nadu,Tiruchirappalli,Thuraiyur APMC,Ashgourd,Gouard,Local,2026-09-05,1200.0,1800.0,1500.0,1500.0,quintal,1500.0,₹/quintal,True
Tamil Nadu,Tiruchirappalli,Thuraiyur APMC,Banana - Green,Banana - Green,Local,2026-09-05,2000.0,2500.0,2250.0,2250.0,quintal,2250.0,₹/quintal,True
Tamil Nadu,Tiruchirappalli,Thuraiyur APMC,Beans,Beans (Whole),Local,2026-09-05,7500.0,8500.0,8000.0,8000.0,quintal,8000.0,₹/quintal,True
Tamil Nadu,Tiruchirappalli,Thuraiyur APMC,Beetroot,Beetroot,Local,2026-09-05,4000.0,4500.0,4250.0,4250.0,quintal,4250.0,₹/quintal,True
Tamil Nadu,Tiruchirappalli,Thuraiyur APMC,Betal Leaves,Mysore,Local,2026-09-05,8000.0,9000.0,8500.0,8500.0,quintal,8500.0,₹/quintal,True
Tamil Nadu,Tiruchirappalli,Thuraiyur APMC,Bhindi(Ladies Finger),Bhindi,Local,2026-09-05,3500.0,4000.0,3750.0,3750.0,quintal,3750.0,₹/quintal,True
Tamil Nadu,Tiruchirappalli,Thuraiyur APMC,Bitter gourd,Other,Local,2026-09-05,4000.0,4500.0,4250.0,4250.0,quintal,4250.0,₹/quintal,True
Tamil Nadu,Tiruchirappalli,Thuraiyur APMC,Bottle gourd,Bottle Gourd,Local,2026-09-05,2500.0,3000.0,2750.0,2750.0,quintal,2750.0,₹/quintal,True
Tamil Nadu,Tiruchirappalli,Thuraiyur APMC,Brinjal,Other,Local,2026-09-05,2500.0,3000.0,2750.0,2750.0,quintal,2750.0,₹/quintal,True
Tamil Nadu,Tiruchirappalli,Thuraiyur APMC,Cabbage,Cabbage,Local,2026-09-05,2500.0,3000.0,2750.0,2750.0,quintal,2750.0,₹/quintal,True
Tamil Nadu,Tiruchirappalli,Thuraiyur APMC,Capsicum,Capsicum,Local,2026-09-05,3500.0,4500.0,4000.0,4000.0,quintal,4000.0,₹/quintal,True
Tamil Nadu,Tiruchirappalli,Thuraiyur APMC,Carrot,Pusakesar,Local,2026-09-05,5600.0,6600.0,6100.0,6100.0,quintal,6100.0,₹/quintal,True
Tamil Nadu,Tiruchirappalli,Thuraiyur APMC,Cauliflower,Ranchi,Local,2026-09-05,4000.0,5000.0,4500.0,4500.0,quintal,4500.0,₹/quintal,True
Tamil Nadu,Tiruchirappalli,Thuraiyur APMC,Chow Chow,Chow Chow,Local,2026-09-05,3500.0,4000.0,3750.0,3750.0,quintal,3750.0,₹/quintal,True
Tamil Nadu,Tiruchirappalli,Thuraiyur APMC,Cluster beans,Cluster Beans,Local,2026-09-05,3000.0,3500.0,3250.0,3250.0,quintal,3250.0,₹/quintal,True
Tamil Nadu,Tiruchirappalli,Thuraiyur APMC,Coconut,Coconut,Local,2026-09-05,6000.0,7000.0,6500.0,6500.0,quintal,6500.0,₹/quintal,True
Tamil Nadu,Tiruchirappalli,Thuraiyur APMC,Coriander(Leaves),I Sort,Local,2026-09-05,2200.0,2700.0,2450.0,2450.0,quintal,2450.0,₹/quintal,True
Tamil Nadu,Tiruchirappalli,Thuraiyur APMC,Cowpea(Veg),Cowpea (Veg),Local,2026-09-05,3500.0,4000.0,3750.0,3750.0,quintal,3750.0,₹/quintal,True
Tamil Nadu,Tiruchirappalli,Thuraiyur APMC,Green Avare(W),Green Avare (W),Local,2026-09-05,5600.0,6600.0,6100.0,6100.0,quintal,6100.0,₹/quintal,True
Tamil Nadu,Tiruchirappalli,Thuraiyur APMC,Green Chilli,Green Chilly,Local,2026-09-05,4000.0,4500.0,4250.0,4250.0,quintal,4250.0,₹/quintal,True
Tamil Nadu,Tiruchirappalli,Thuraiyur APMC,Onion,Bellary,Local,2026-09-05,5500.0,6500.0,6000.0,6000.0,quintal,6000.0,₹/quintal,True
Tamil Nadu,Tirunelveli,NGO Colony,Amaranthus,Amaranthus,Local,2026-09-05,1000.0,1500.0,1250.0,1250.0,quintal,1250.0,₹/quintal,True
Tamil Nadu,Tirunelveli,NGO Colony,Ashgourd,Gouard,Local,2026-09-05,1000.0,1200.0,1100.0,1100.0,quintal,1100.0,₹/quintal,True
Tamil Nadu,Tirunelveli,NGO Colony,Banana,Besrai,Local,2026-09-05,5500.0,6000.0,5750.0,5750.0,quintal,5750.0,₹/quintal,True
Tamil Nadu,Tirunelveli,NGO Colony,Banana - Green,Banana - Green,Local,2026-09-05,2200.0,3000.0,2600.0,2600.0,quintal,2600.0,₹/quintal,True
Tamil Nadu,Tirunelveli,NGO Colony,Beans,Beans (Whole),Local,2026-09-05,9000.0,10600.0,9800.0,9800.0,quintal,9800.0,₹/quintal,True
Tamil Nadu,Tirunelveli,NGO Colony,Beetroot,Beetroot,Local,2026-09-05,2800.0,3200.0,3000.0,3000.0,quintal,3000.0,₹/quintal,True
Tamil Nadu,Tirunelveli,NGO Colony,Bhindi(Ladies Finger),Bhindi,Local,2026-09-05,2500.0,3200.0,2850.0,2850.0,quintal,2850.0,₹/quintal,True
Tamil Nadu,Tirunelveli,NGO Colony,Bitter gourd,Bitter Gourd,Local,2026-09-05,4500.0,5000.0,4750.0,4750.0,quintal,4750.0,₹/quintal,True
Tamil Nadu,Tirunelveli,NGO Colony,Bottle gourd,Bottle Gourd,Local,2026-09-05,2200.0,3000.0,2600.0,2600.0,quintal,2600.0,₹/quintal,True
Tamil Nadu,Tirunelveli,NGO Colony,Brinjal,Other,Local,2026-09-05,3500.0,4000.0,3750.0,3750.0,quintal,3750.0,₹/quintal,True
Tamil Nadu,Tirunelveli,NGO Colony,Cabbage,Cabbage,Local,2026-09-05,2500.0,3000.0,2750.0,2750.0,quintal,2750.0,₹/quintal,True
Tamil Nadu,Tirunelveli,NGO Colony,Capsicum,Capsicum,Local,2026-09-05,4500.0,5000.0,4750.0,4750.0,quintal,4750.0,₹/quintal,True
Tamil Nadu,Tirunelveli,NGO Colony,Carrot,Pusakesar,Local,2026-09-05,4500.0,5600.0,5050.0,5050.0,quintal,5050.0,₹/quintal,True
Tamil Nadu,Tirunelveli,NGO Colony,Cauliflower,Ranchi,Local,2026-09-05,4000.0,4600.0,4300.0,4300.0,quintal,4300.0,₹/quintal,True
Tamil Nadu,Tirunelveli,NGO Colony,Chow Chow,Chow Chow,Local,2026-09-05,3000.0,3600.0,3300.0,3300.0,quintal,3300.0,₹/quintal,True
Tamil Nadu,Tirunelveli,NGO Colony,Cluster beans,Cluster Beans,Local,2026-09-05,1200.0,2000.0,1600.0,1600.0,quintal,1600.0,₹/quintal,True
Tamil Nadu,Tirunelveli,NGO Colony,Coconut,Coconut,Local,2026-09-05,5500.0,6200.0,5850.0,5850.0,quintal,5850.0,₹/quintal,True
Tamil Nadu,Tirunelveli,NGO Colony,Coriander(Leaves),I Sort,Local,2026-09-05,3500.0,4000.0,3750.0,3750.0,quintal,3750.0,₹/quintal,True
Tamil Nadu,Tirunelveli,NGO Colony,Drumstick,Drumstick,Local,2026-09-05,2500.0,3200.0,2850.0,2850.0,quintal,2850.0,₹/quintal,True
Tamil Nadu,Tirunelveli,NGO Colony,Ginger(Green),Green Ginger,Local,2026-09-05,15000.0,16000.0,15500.0,15500.0,quintal,15500.0,₹/quintal,True
Tamil Nadu,Tirunelveli,NGO Colony,Green Avare(W),Green Avare (W),Local,2026-09-05,5500.0,6000.0,5750.0,5750.0,quintal,5750.0,₹/quintal,True
Tamil Nadu,Tirunelveli,NGO Colony,Green Chilli,Green Chilly,Local,2026-09-05,3000.0,3600.0,3300.0,3300.0,quintal,3300.0,₹/quintal,True
Tamil Nadu,Tirunelveli,NGO Colony,Lemon,Lemon,Local,2026-09-05,16500.0,17000.0,16750.0,16750.0,quintal,16750.0,₹/quintal,True
Tamil Nadu,Tirunelveli,NGO Colony,Mint(Pudina),Mint(Pudina),Local,2026-09-05,5000.0,5500.0,5250.0,5250.0,quintal,5250.0,₹/quintal,True
Tamil Nadu,Tirunelveli,NGO Colony,Onion,Bellary,Local,2026-09-05,5500.0,6200.0,5850.0,5850.0,quintal,5850.0,₹/quintal,True
Tamil Nadu,Tirunelveli,NGO Colony,Onion Green,Onion Green,Local,2026-09-05,6500.0,7200.0,6850.0,6850.0,quintal,6850.0,₹/quintal,True
Tamil Nadu,Tirunelveli,NGO Colony,Potato,Red Nanital,Local,2026-09-05,2000.0,2800.0,2400.0,2400.0,quintal,2400.0,₹/quintal,True
Tamil Nadu,Tirunelveli,NGO Colony,Pumpkin,Pumpkin,Local,2026-09-05,800.0,1000.0,900.0,900.0,quintal,900.0,₹/quintal,True
Tamil Nadu,Tirunelveli,NGO Colony,Raddish,Raddish,Local,2026-09-05,3000.0,3500.0,3250.0,3250.0,quintal,3250.0,₹/quintal,True
Tamil Nadu,Tirunelveli,NGO Colony,Ridgeguard(Tori),Ridgeguard(Tori),Local,2026-09-05,3500.0,4000.0,3750.0,3750.0,quintal,3750.0,₹/quintal,True
Tamil Nadu,Tirunelveli,NGO Colony,Snakeguard,Snakeguard,Local,2026-09-05,1200.0,2000.0,1600.0,1600.0,quintal,1600.0,₹/quintal,True
Tamil Nadu,Tirunelveli,NGO Colony,Tomato,Deshi,Local,2026-09-05,2000.0,2600.0,2300.0,2300.0,quintal,2300.0,₹/quintal,True
Tamil Nadu,Tirunelveli,Palayamkottai,Amaranthus,Amaranthus,Local,2026-09-05,1000.0,1500.0,1250.0,1250.0,quintal,1250.0,₹/quintal,True
Tamil Nadu,Tirunelveli,Palayamkottai,Amla(Nelli Kai),Amla,Local,2026-09-05,5000.0,5500.0,5250.0,5250.0,quintal,5250.0,₹/quintal,True
Tamil Nadu,Tirunelveli,Palayamkottai,Apple,American,Local,2026-09-05,16000.0,20000.0,18000.0,18000.0,quintal,18000.0,₹/quintal,True
Tamil Nadu,Tirunelveli,Palayamkottai,Ashgourd,Gouard,Local,2026-09-05,1000.0,1200.0,1100.0,1100.0,quintal,1100.0,₹/quintal,True
Tamil Nadu,Tirunelveli,Palayamkottai,Banana,Red Banana,Local,2026-09-05,9000.0,10000.0,9500.0,9500.0,quintal,9500.0,₹/quintal,True
Tamil Nadu,Tirunelveli,Palayamkottai,Banana - Green,Banana - Green,Local,2026-09-05,2500.0,3000.0,2750.0,2750.0,quintal,2750.0,₹/quintal,True
Tamil Nadu,Tirunelveli,Palayamkottai,Beans,Beans (Whole),Local,2026-09-05,9600.0,10600.0,10100.0,10100.0,quintal,10100.0,₹/quintal,True
Tamil Nadu,Tirunelveli,Palayamkottai,Beetroot,Beetroot,Local,2026-09-05,3600.0,5000.0,4300.0,4300.0,quintal,4300.0,₹/quintal,True
Tamil Nadu,Tirunelveli,Palayamkottai,Bhindi(Ladies Finger),Bhindi,Local,2026-09-05,2800.0,3200.0,3000.0,3000.0,quintal,3000.0,₹/quintal,True
Tamil Nadu,Tirunelveli,Palayamkottai,Bitter gourd,Bitter Gourd,Local,2026-09-05,4500.0,5000.0,4750.0,4750.0,quintal,4750.0,₹/quintal,True
Tamil Nadu,Tirunelveli,Palayamkottai,Bottle gourd,Bottle Gourd,Local,2026-09-05,1000.0,3000.0,2000.0,2000.0,quintal,2000.0,₹/quintal,True
Tamil Nadu,Tirunelveli,Palayamkottai,Brinjal,Other,Local,2026-09-05,2000.0,2500.0,2250.0,2250.0,quintal,2250.0,₹/quintal,True
Tamil Nadu,Tirunelveli,Palayamkottai,Cabbage,Cabbage,Local,2026-09-05,2800.0,3000.0,2900.0,2900.0,quintal,2900.0,₹/quintal,True
Tamil Nadu,Tirunelveli,Palayamkottai,Capsicum,Capsicum,Local,2026-09-05,4500.0,5000.0,4750.0,4750.0,quintal,4750.0,₹/quintal,True
Tamil Nadu,Tirunelveli,Palayamkottai,Carrot,Pusakesar,Local,2026-09-05,3200.0,5600.0,4400.0,4400.0,quintal,4400.0,₹/quintal,True
Tamil Nadu,Tirunelveli,Palayamkottai,Cauliflower,Ranchi,Local,2026-09-05,4400.0,4600.0,4500.0,4500.0,quintal,4500.0,₹/quintal,True
Tamil Nadu,Tirunelveli,Palayamkottai,Chikoos(Sapota),Sapota,Local,2026-09-05,4000.0,5000.0,4500.0,4500.0,quintal,4500.0,₹/quintal,True
Tamil Nadu,Tirunelveli,Palayamkottai,Chow Chow,Chow Chow,Local,2026-09-05,3400.0,3600.0,3500.0,3500.0,quintal,3500.0,₹/quintal,True
Tamil Nadu,Tirunelveli,Palayamkottai,Cluster beans,Cluster Beans,Local,2026-09-05,1800.0,2000.0,1900.0,1900.0,quintal,1900.0,₹/quintal,True
Tamil Nadu,Tirunelveli,Palayamkottai,Coconut,Coconut,Local,2026-09-05,5600.0,6000.0,5800.0,5800.0,quintal,5800.0,₹/quintal,True
Tamil Nadu,Tirunelveli,Palayamkottai,Colacasia,Colacasia,Local,2026-09-05,4000.0,5000.0,4500.0,4500.0,quintal,4500.0,₹/quintal,True
Tamil Nadu,Tirunelveli,Palayamkottai,Coriander(Leaves),I Sort,Local,2026-09-05,3500.0,4000.0,3750.0,3750.0,quintal,3750.0,₹/quintal,True
Tamil Nadu,Tirunelveli,Palayamkottai,Cowpea(Veg),Cowpea (Veg),Local,2026-09-05,2000.0,2500.0,2250.0,2250.0,quintal,2250.0,₹/quintal,True
Tamil Nadu,Tirunelveli,Palayamkottai,Cucumbar(Kheera),Cucumbar,Local,2026-09-05,3500.0,5500.0,4500.0,4500.0,quintal,4500.0,₹/quintal,True
Tamil Nadu,Tirunelveli,Palayamkottai,Drumstick,Drumstick,Local,2026-09-05,3000.0,3200.0,3100.0,3100.0,quintal,3100.0,₹/quintal,True
Tamil Nadu,Tirunelveli,Palayamkottai,Elephant Yam(Suran)/Amorphophallus,Elephant Yam (Suran),Local,2026-09-05,3600.0,4000.0,3800.0,3800.0,quintal,3800.0,₹/quintal,True
Tamil Nadu,Tirunelveli,Palayamkottai,Garlic,Garlic,Local,2026-09-05,28000.0,30000.0,29000.0,29000.0,quintal,29000.0,₹/quintal,True
Tamil Nadu,Tirunelveli,Palayamkottai,Ginger(Green),Green Ginger,Local,2026-09-05,15000.0,17000.0,16000.0,16000.0,quintal,16000.0,₹/quintal,True
Tamil Nadu,Tirunelveli,Palayamkottai,Grapes,Annabesahai,Local,2026-09-05,11000.0,12000.0,11500.0,11500.0,quintal,11500.0,₹/quintal,True
Tamil Nadu,Tirunelveli,Palayamkottai,Green Avare(W),Other,Local,2026-09-05,6500.0,7000.0,6750.0,6750.0,quintal,6750.0,₹/quintal,True
Tamil Nadu,Tirunelveli,Palayamkottai,Green Chilli,Green Chilly,Local,2026-09-05,3000.0,3600.0,3300.0,3300.0,quintal,3300.0,₹/quintal,True
Tamil Nadu,Tirunelveli,Palayamkottai,Green Peas,Green Peas,Local,2026-09-05,16000.0,18000.0,17000.0,17000.0,quintal,17000.0,₹/quintal,True
Tamil Nadu,Tirunelveli,Palayamkottai,Guava,Guava Allahabad,Local,2026-09-05,6000.0,8000.0,7000.0,7000.0,quintal,7000.0,₹/quintal,True
Tamil Nadu,Tirunelveli,Palayamkottai,Lemon,Lemon,Local,2026-09-05,15000.0,17000.0,16000.0,16000.0,quintal,16000.0,₹/quintal,True
Tamil Nadu,Tirunelveli,Palayamkottai,Lime,Lime,Local,2026-09-05,15000.0,17000.0,16000.0,16000.0,quintal,16000.0,₹/quintal,True
Tamil Nadu,Tirunelveli,Palayamkottai,Mango(Raw-Ripe),Mango - Raw-Ripe,Local,2026-09-05,6000.0,7000.0,6500.0,6500.0,quintal,6500.0,₹/quintal,True
Tamil Nadu,Tirunelveli,Palayamkottai,Mint(Pudina),Mint(Pudina),Local,2026-09-05,5000.0,5500.0,5250.0,5250.0,quintal,5250.0,₹/quintal,True
Tamil Nadu,Tirunelveli,Palayamkottai,Mousambi(Sweet Lime),Mousambi,Local,2026-09-05,6000.0,7000.0,6500.0,6500.0,quintal,6500.0,₹/quintal,True
Tamil Nadu,Tirunelveli,Palayamkottai,Onion,Bellary,Local,2026-09-05,5000.0,6200.0,5600.0,5600.0,quintal,5600.0,₹/quintal,True
Tamil Nadu,Tirunelveli,Palayamkottai,Onion Green,Onion Green,Local,2026-09-05,7200.0,7600.0,7400.0,7400.0,quintal,7400.0,₹/quintal,True
Tamil Nadu,Tirunelveli,Palayamkottai,Papaya,Papaya,Local,2026-09-05,3500.0,4000.0,3750.0,3750.0,quintal,3750.0,₹/quintal,True
Tamil Nadu,Tirunelveli,Palayamkottai,Pomegranate,Pomogranate,Local,2026-09-05,16000.0,20000.0,18000.0,18000.0,quintal,18000.0,₹/quintal,True
Tamil Nadu,Tirunelveli,Palayamkottai,Potato,Red Nanital,Local,2026-09-05,2600.0,2800.0,2700.0,2700.0,quintal,2700.0,₹/quintal,True
Tamil Nadu,Tirunelveli,Palayamkottai,Pumpkin,Pumpkin,Local,2026-09-05,800.0,1000.0,900.0,900.0,quintal,900.0,₹/quintal,True
Tamil Nadu,Tirunelveli,Palayamkottai,Raddish,Raddish,Local,2026-09-05,3000.0,3500.0,3250.0,3250.0,quintal,3250.0,₹/quintal,True
Tamil Nadu,Tirunelveli,Palayamkottai,Ridgeguard(Tori),Ridgeguard(Tori),Local,2026-09-05,3500.0,4000.0,3750.0,3750.0,quintal,3750.0,₹/quintal,True
Tamil Nadu,Tirunelveli,Palayamkottai,Snakeguard,Snakeguard,Local,2026-09-05,1800.0,2000.0,1900.0,1900.0,quintal,1900.0,₹/quintal,True
Tamil Nadu,Tirunelveli,Palayamkottai,Sweet Potato,Hosur Red,Local,2026-09-05,5500.0,6000.0,5750.0,5750.0,quintal,5750.0,₹/quintal,True
Tamil Nadu,Tirunelveli,Palayamkottai,Thondekai,Thondekai,Local,2026-09-05,4000.0,4500.0,4250.0,4250.0,quintal,4250.0,₹/quintal,True
Tamil Nadu,Tirunelveli,Palayamkottai,Tomato,Deshi,Local,2026-09-05,2400.0,2600.0,2500.0,2500.0,quintal,2500.0,₹/quintal,True
Tamil Nadu,Tiruppur,Dharapuram,Amaranthus,Amaranthus,Local,2026-09-05,2500.0,3000.0,2750.0,2750.0,quintal,2750.0,₹/quintal,True
Tamil Nadu,Tiruppur,Dharapuram,Ashgourd,Gouard,Local,2026-09-05,2000.0,2500.0,2250.0,2250.0,quintal,2250.0,₹/quintal,True
Tamil Nadu,Tiruppur,Dharapuram,Banana,Besrai,Local,2026-09-05,4000.0,5000.0,4500.0,4500.0,quintal,4500.0,₹/quintal,True
Tamil Nadu,Tiruppur,Dharapuram,Banana - Green,Banana - Green,Local,2026-09-05,2500.0,3000.0,2750.0,2750.0,quintal,2750.0,₹/quintal,True
Tamil Nadu,Tiruppur,Dharapuram,Beans,Beans (Whole),Local,2026-09-05,7500.0,8000.0,7750.0,7750.0,quintal,7750.0,₹/quintal,True
Tamil Nadu,Tiruppur,Dharapuram,Beetroot,Beetroot,Local,2026-09-05,3500.0,7000.0,5250.0,5250.0,quintal,5250.0,₹/quintal,True
Tamil Nadu,Tiruppur,Dharapuram,Bhindi(Ladies Finger),Bhindi,Local,2026-09-05,4500.0,5000.0,4750.0,4750.0,quintal,4750.0,₹/quintal,True
Tamil Nadu,Tiruppur,Dharapuram,Bitter gourd,Bitter Gourd,Local,2026-09-05,5500.0,6300.0,5900.0,5900.0,quintal,5900.0,₹/quintal,True
Tamil Nadu,Tiruppur,Dharapuram,Bottle gourd,Bottle Gourd,Local,2026-09-05,1500.0,2000.0,1750.0,1750.0,quintal,1750.0,₹/quintal,True
Tamil Nadu,Tiruppur,Dharapuram,Brinjal,Round,Local,2026-09-05,5000.0,5500.0,5250.0,5250.0,quintal,5250.0,₹/quintal,True
Tamil Nadu,Tiruppur,Dharapuram,Cabbage,Cabbage,Local,2026-09-05,3000.0,3500.0,3250.0,3250.0,quintal,3250.0,₹/quintal,True
Tamil Nadu,Tiruppur,Dharapuram,Carrot,Pusakesar,Local,2026-09-05,6000.0,6500.0,6250.0,6250.0,quintal,6250.0,₹/quintal,True
Tamil Nadu,Tiruppur,Dharapuram,Cauliflower,Ranchi,Local,2026-09-05,3000.0,3500.0,3250.0,3250.0,quintal,3250.0,₹/quintal,True
Tamil Nadu,Tiruppur,Dharapuram,Chow Chow,Chow Chow,Local,2026-09-05,3000.0,3500.0,3250.0,3250.0,quintal,3250.0,₹/quintal,True
Tamil Nadu,Tiruppur,Dharapuram,Cluster beans,Cluster Beans,Local,2026-09-05,4000.0,4500.0,4250.0,4250.0,quintal,4250.0,₹/quintal,True
Tamil Nadu,Tiruppur,Dharapuram,Coconut,Coconut,Local,2026-09-05,5500.0,6200.0,5850.0,5850.0,quintal,5850.0,₹/quintal,True
Tamil Nadu,Tiruppur,Dharapuram,Coriander(Leaves),I Sort,Local,2026-09-05,3500.0,4000.0,3750.0,3750.0,quintal,3750.0,₹/quintal,True
Tamil Nadu,Tiruppur,Dharapuram,Cowpea(Veg),Cowpea (Veg),Local,2026-09-05,3500.0,4000.0,3750.0,3750.0,quintal,3750.0,₹/quintal,True
Tamil Nadu,Tiruppur,Dharapuram,Drumstick,Drumstick,Local,2026-09-05,3000.0,3500.0,3250.0,3250.0,quintal,3250.0,₹/quintal,True
Tamil Nadu,Tiruppur,Dharapuram,Elephant Yam(Suran)/Amorphophallus,Elephant Yam (Suran),Local,2026-09-05,4400.0,4800.0,4600.0,4600.0,quintal,4600.0,₹/quintal,True
Tamil Nadu,Tiruppur,Dharapuram,Ginger(Green),Green Ginger,Local,2026-09-05,15000.0,16000.0,15500.0,15500.0,quintal,15500.0,₹/quintal,True
Tamil Nadu,Tiruppur,Dharapuram,Green Avare(W),Green Avare (W),Local,2026-09-05,6500.0,7000.0,6750.0,6750.0,quintal,6750.0,₹/quintal,True
Tamil Nadu,Tiruppur,Dharapuram,Green Chilli,Green Chilly,Local,2026-09-05,4400.0,4800.0,4600.0,4600.0,quintal,4600.0,₹/quintal,True
Tamil Nadu,Tiruppur,Dharapuram,Guava,Guava Allahabad,Local,2026-09-05,3500.0,4000.0,3750.0,3750.0,quintal,3750.0,₹/quintal,True
Tamil Nadu,Tiruppur,Dharapuram,Lemon,Lemon,Local,2026-09-05,22000.0,24000.0,23000.0,23000.0,quintal,23000.0,₹/quintal,True
Tamil Nadu,Tiruppur,Dharapuram,Mint(Pudina),Mint(Pudina),Local,2026-09-05,2500.0,3000.0,2750.0,2750.0,quintal,2750.0,₹/quintal,True
Tamil Nadu,Tiruppur,Dharapuram,Onion,Bellary,Local,2026-09-05,5500.0,6000.0,5750.0,5750.0,quintal,5750.0,₹/quintal,True
Tamil Nadu,Tiruppur,Dharapuram,Onion Green,Onion Green,Local,2026-09-05,6000.0,7000.0,6500.0,6500.0,quintal,6500.0,₹/quintal,True
Tamil Nadu,Tiruppur,Dharapuram,Papaya,Papaya,Local,2026-09-05,2500.0,3000.0,2750.0,2750.0,quintal,2750.0,₹/quintal,True
Tamil Nadu,Tiruppur,Dharapuram,Potato,Other,Local,2026-09-05,5500.0,6000.0,5750.0,5750.0,quintal,5750.0,₹/quintal,True
Tamil Nadu,Tiruppur,Dharapuram,Pumpkin,Pumpkin,Local,2026-09-05,2000.0,2500.0,2250.0,2250.0,quintal,2250.0,₹/quintal,True
Tamil Nadu,Tiruppur,Dharapuram,Raddish,Raddish,Local,2026-09-05,3000.0,3500.0,3250.0,3250.0,quintal,3250.0,₹/quintal,True
Tamil Nadu,Tiruppur,Dharapuram,Ridgeguard(Tori),Ridgeguard(Tori),Local,2026-09-05,4500.0,5000.0,4750.0,4750.0,quintal,4750.0,₹/quintal,True
Tamil Nadu,Tiruppur,Dharapuram,Snakeguard,Snakeguard,Local,2026-09-05,3500.0,4200.0,3850.0,3850.0,quintal,3850.0,₹/quintal,True
Tamil Nadu,Tiruppur,Dharapuram,Tomato,Local,Local,2026-09-05,1000.0,1500.0,1250.0,1250.0,quintal,1250.0,₹/quintal,True
Tamil Nadu,Tiruppur,Kangayam,Amaranthus,Amaranthus,Local,2026-09-05,2500.0,2700.0,2600.0,2600.0,quintal,2600.0,₹/quintal,True
Tamil Nadu,Tiruppur,Kangayam,Ashgourd,Gouard,Local,2026-09-05,2000.0,2400.0,2200.0,2200.0,quintal,2200.0,₹/quintal,True
Tamil Nadu,Tiruppur,Kangayam,Banana,Besrai,Local,2026-09-05,3500.0,4000.0,3750.0,3750.0,quintal,3750.0,₹/quintal,True
Tamil Nadu,Tiruppur,Kangayam,Banana - Green,Banana - Green,Local,2026-09-05,2400.0,2800.0,2600.0,2600.0,quintal,2600.0,₹/quintal,True
Tamil Nadu,Tiruppur,Kangayam,Beetroot,Beetroot,Local,2026-09-05,2500.0,3000.0,2750.0,2750.0,quintal,2750.0,₹/quintal,True
Tamil Nadu,Tiruppur,Kangayam,Bhindi(Ladies Finger),Bhindi,Local,2026-09-05,4500.0,5000.0,4750.0,4750.0,quintal,4750.0,₹/quintal,True
Tamil Nadu,Tiruppur,Kangayam,Bitter gourd,Bitter Gourd,Local,2026-09-05,5500.0,6200.0,5850.0,5850.0,quintal,5850.0,₹/quintal,True
Tamil Nadu,Tiruppur,Kangayam,Bottle gourd,Bottle Gourd,Local,2026-09-05,1400.0,1800.0,1600.0,1600.0,quintal,1600.0,₹/quintal,True
Tamil Nadu,Tiruppur,Kangayam,Brinjal,Round,Local,2026-09-05,5500.0,6000.0,5750.0,5750.0,quintal,5750.0,₹/quintal,True
Tamil Nadu,Tiruppur,Kangayam,Cauliflower,Ranchi,Local,2026-09-05,3000.0,3500.0,3250.0,3250.0,quintal,3250.0,₹/quintal,True
Tamil Nadu,Tiruppur,Kangayam,Cluster beans,Cluster Beans,Local,2026-09-05,4000.0,4500.0,4250.0,4250.0,quintal,4250.0,₹/quintal,True
Tamil Nadu,Tiruppur,Kangayam,Coconut,Coconut,Local,2026-09-05,5000.0,5200.0,5100.0,5100.0,quintal,5100.0,₹/quintal,True
Tamil Nadu,Tiruppur,Kangayam,Coriander(Leaves),I Sort,Local,2026-09-05,4000.0,4600.0,4300.0,4300.0,quintal,4300.0,₹/quintal,True
Tamil Nadu,Tiruppur,Kangayam,Drumstick,Drumstick,Local,2026-09-05,2500.0,3000.0,2750.0,2750.0,quintal,2750.0,₹/quintal,True
Tamil Nadu,Tiruppur,Kangayam,Green Avare(W),Green Avare (W),Local,2026-09-05,6500.0,7000.0,6750.0,6750.0,quintal,6750.0,₹/quintal,True
Tamil Nadu,Tiruppur,Kangayam,Green Chilli,Green Chilly,Local,2026-09-05,4500.0,5000.0,4750.0,4750.0,quintal,4750.0,₹/quintal,True
Tamil Nadu,Tiruppur,Kangayam,Lemon,Lemon,Local,2026-09-05,14000.0,15000.0,14500.0,14500.0,quintal,14500.0,₹/quintal,True
Tamil Nadu,Tiruppur,Kangayam,Mint(Pudina),Mint(Pudina),Local,2026-09-05,4000.0,4500.0,4250.0,4250.0,quintal,4250.0,₹/quintal,True
Tamil Nadu,Tiruppur,Kangayam,Onion,Bellary,Local,2026-09-05,5000.0,5200.0,5100.0,5100.0,quintal,5100.0,₹/quintal,True
Tamil Nadu,Tiruppur,Kangayam,Onion Green,Onion Green,Local,2026-09-05,6000.0,7200.0,6600.0,6600.0,quintal,6600.0,₹/quintal,True
Tamil Nadu,Tiruppur,Kangayam,Papaya,Papaya,Local,2026-09-05,2000.0,2400.0,2200.0,2200.0,quintal,2200.0,₹/quintal,True
Tamil Nadu,Tiruppur,Kangayam,Pumpkin,Pumpkin,Local,2026-09-05,2000.0,2200.0,2100.0,2100.0,quintal,2100.0,₹/quintal,True
Tamil Nadu,Tiruppur,Kangayam,Raddish,Raddish,Local,2026-09-05,3000.0,3500.0,3250.0,3250.0,quintal,3250.0,₹/quintal,True
Tamil Nadu,Tiruppur,Kangayam,Ridgeguard(Tori),Ridgeguard(Tori),Local,2026-09-05,4800.0,5200.0,5000.0,5000.0,quintal,5000.0,₹/quintal,True
Tamil Nadu,Tiruppur,Kangayam,Snakeguard,Snakeguard,Local,2026-09-05,4000.0,4500.0,4250.0,4250.0,quintal,4250.0,₹/quintal,True
Tamil Nadu,Tiruppur,Kangayam,Tender Coconut,Tender Coconut,Local,2026-09-05,3000.0,3500.0,3250.0,3250.0,quintal,3250.0,₹/quintal,True
Tamil Nadu,Tiruppur,Kangayam,Tomato,Local,Local,2026-09-05,1200.0,1600.0,1400.0,1400.0,quintal,1400.0,₹/quintal,True
Tamil Nadu,Tiruppur,Palladam,Amaranthus,Amaranthus,Local,2026-09-05,2500.0,3000.0,2750.0,2750.0,quintal,2750.0,₹/quintal,True
Tamil Nadu,Tiruppur,Palladam,Ashgourd,Gouard,Local,2026-09-05,2500.0,3000.0,2750.0,2750.0,quintal,2750.0,₹/quintal,True
Tamil Nadu,Tiruppur,Palladam,Banana,Red Banana,Local,2026-09-05,5000.0,6000.0,5500.0,5500.0,quintal,5500.0,₹/quintal,True
Tamil Nadu,Tiruppur,Palladam,Banana - Green,Banana - Green,Local,2026-09-05,2500.0,3000.0,2750.0,2750.0,quintal,2750.0,₹/quintal,True
Tamil Nadu,Tiruppur,Palladam,Beans,Beans (Whole),Local,2026-09-05,7000.0,7400.0,7200.0,7200.0,quintal,7200.0,₹/quintal,True
Tamil Nadu,Tiruppur,Palladam,Beetroot,Beetroot,Local,2026-09-05,2500.0,3000.0,2750.0,2750.0,quintal,2750.0,₹/quintal,True
Tamil Nadu,Tiruppur,Palladam,Bhindi(Ladies Finger),Bhindi,Local,2026-09-05,4000.0,5000.0,4500.0,4500.0,quintal,4500.0,₹/quintal,True
Tamil Nadu,Tiruppur,Palladam,Bitter gourd,Bitter Gourd,Local,2026-09-05,5000.0,6000.0,5500.0,5500.0,quintal,5500.0,₹/quintal,True
Tamil Nadu,Tiruppur,Palladam,Bottle gourd,Bottle Gourd,Local,2026-09-05,1500.0,2000.0,1750.0,1750.0,quintal,1750.0,₹/quintal,True
Tamil Nadu,Tiruppur,Palladam,Brinjal,Round,Local,2026-09-05,3500.0,4000.0,3750.0,3750.0,quintal,3750.0,₹/quintal,True
Tamil Nadu,Tiruppur,Palladam,Cabbage,Cabbage,Local,2026-09-05,2500.0,3000.0,2750.0,2750.0,quintal,2750.0,₹/quintal,True
Tamil Nadu,Tiruppur,Palladam,Carrot,Pusakesar,Local,2026-09-05,5500.0,6000.0,5750.0,5750.0,quintal,5750.0,₹/quintal,True
Tamil Nadu,Tiruppur,Palladam,Cauliflower,Ranchi,Local,2026-09-05,3000.0,3500.0,3250.0,3250.0,quintal,3250.0,₹/quintal,True
Tamil Nadu,Tiruppur,Palladam,Chow Chow,Chow Chow,Local,2026-09-05,2500.0,3000.0,2750.0,2750.0,quintal,2750.0,₹/quintal,True
Tamil Nadu,Tiruppur,Palladam,Cluster beans,Cluster Beans,Local,2026-09-05,3500.0,4000.0,3750.0,3750.0,quintal,3750.0,₹/quintal,True
Tamil Nadu,Tiruppur,Palladam,Coconut,Coconut,Local,2026-09-05,5500.0,5800.0,5650.0,5650.0,quintal,5650.0,₹/quintal,True
Tamil Nadu,Tiruppur,Palladam,Coriander(Leaves),I Sort,Local,2026-09-05,3500.0,4000.0,3750.0,3750.0,quintal,3750.0,₹/quintal,True
Tamil Nadu,Tiruppur,Palladam,Cowpea(Veg),Cowpea (Veg),Local,2026-09-05,3500.0,4000.0,3750.0,3750.0,quintal,3750.0,₹/quintal,True
Tamil Nadu,Tiruppur,Palladam,Drumstick,Drumstick,Local,2026-09-05,2500.0,3000.0,2750.0,2750.0,quintal,2750.0,₹/quintal,True
Tamil Nadu,Tiruppur,Palladam,Ginger(Green),Green Ginger,Local,2026-09-05,15000.0,16000.0,15500.0,15500.0,quintal,15500.0,₹/quintal,True
Tamil Nadu,Tiruppur,Palladam,Green Avare(W),Green Avare (W),Local,2026-09-05,5000.0,6000.0,5500.0,5500.0,quintal,5500.0,₹/quintal,True
Tamil Nadu,Tiruppur,Palladam,Green Chilli,Green Chilly,Local,2026-09-05,3500.0,4000.0,3750.0,3750.0,quintal,3750.0,₹/quintal,True
Tamil Nadu,Tiruppur,Palladam,Guava,Guava Allahabad,Local,2026-09-05,4000.0,5000.0,4500.0,4500.0,quintal,4500.0,₹/quintal,True
Tamil Nadu,Tiruppur,Palladam,Mint(Pudina),Mint(Pudina),Local,2026-09-05,2500.0,3000.0,2750.0,2750.0,quintal,2750.0,₹/quintal,True
Tamil Nadu,Tiruppur,Palladam,Onion Green,Onion Green,Local,2026-09-05,6000.0,7000.0,6500.0,6500.0,quintal,6500.0,₹/quintal,True
Tamil Nadu,Tiruppur,Palladam,Papaya,Papaya,Local,2026-09-05,2500.0,3000.0,2750.0,2750.0,quintal,2750.0,₹/quintal,True
Tamil Nadu,Tiruppur,Palladam,Potato,Other,Local,2026-09-05,2500.0,3000.0,2750.0,2750.0,quintal,2750.0,₹/quintal,True
Tamil Nadu,Tiruppur,Palladam,Pumpkin,Pumpkin,Local,2026-09-05,1500.0,2000.0,1750.0,1750.0,quintal,1750.0,₹/quintal,True
Tamil Nadu,Tiruppur,Palladam,Raddish,Raddish,Local,2026-09-05,2500.0,3000.0,2750.0,2750.0,quintal,2750.0,₹/quintal,True
Tamil Nadu,Tiruppur,Palladam,Ridgeguard(Tori),Ridgeguard(Tori),Local,2026-09-05,4000.0,5000.0,4500.0,4500.0,quintal,4500.0,₹/quintal,True
Tamil Nadu,Tiruppur,Palladam,Snakeguard,Snakeguard,Local,2026-09-05,3500.0,4000.0,3750.0,3750.0,quintal,3750.0,₹/quintal,True
Tamil Nadu,Tiruppur,Palladam,Thondekai,Thondekai,Local,2026-09-05,3500.0,4000.0,3750.0,3750.0,quintal,3750.0,₹/quintal,True
Tamil Nadu,Tiruppur,Palladam,Tomato,Local,Local,2026-09-05,1400.0,1800.0,1600.0,1600.0,quintal,1600.0,₹/quintal,True
Tamil Nadu,Tiruppur,Tiruppur (North),Amaranthus,Amaranthus,Local,2026-09-05,2000.0,2600.0,2300.0,2300.0,quintal,2300.0,₹/quintal,True
Tamil Nadu,Tiruppur,Tiruppur (North),Ashgourd,Gouard,Local,2026-09-05,1500.0,2000.0,1750.0,1750.0,quintal,1750.0,₹/quintal,True
Tamil Nadu,Tiruppur,Tiruppur (North),Banana,Red Banana,Local,2026-09-05,6000.0,6500.0,6250.0,6250.0,quintal,6250.0,₹/quintal,True
Tamil Nadu,Tiruppur,Tiruppur (North),Banana - Green,Banana - Green,Local,2026-09-05,2500.0,3000.0,2750.0,2750.0,quintal,2750.0,₹/quintal,True
Tamil Nadu,Tiruppur,Tiruppur (North),Beans,Beans (Whole),Local,2026-09-05,7000.0,8000.0,7500.0,7500.0,quintal,7500.0,₹/quintal,True
Tamil Nadu,Tiruppur,Tiruppur (North),Beetroot,Beetroot,Local,2026-09-05,5000.0,6000.0,5500.0,5500.0,quintal,5500.0,₹/quintal,True
Tamil Nadu,Tiruppur,Tiruppur (North),Bhindi(Ladies Finger),Bhindi,Local,2026-09-05,3500.0,4000.0,3750.0,3750.0,quintal,3750.0,₹/quintal,True
Tamil Nadu,Tiruppur,Tiruppur (North),Bitter gourd,Other,Local,2026-09-05,4500.0,5500.0,5000.0,5000.0,quintal,5000.0,₹/quintal,True
Tamil Nadu,Tiruppur,Tiruppur (North),Bottle gourd,Bottle Gourd,Local,2026-09-05,1500.0,2000.0,1750.0,1750.0,quintal,1750.0,₹/quintal,True
Tamil Nadu,Tiruppur,Tiruppur (North),Brinjal,Other,Local,2026-09-05,2000.0,2500.0,2250.0,2250.0,quintal,2250.0,₹/quintal,True
Tamil Nadu,Tiruppur,Tiruppur (North),Cabbage,Cabbage,Local,2026-09-05,2500.0,3000.0,2750.0,2750.0,quintal,2750.0,₹/quintal,True
Tamil Nadu,Tiruppur,Tiruppur (North),Carrot,Pusakesar,Local,2026-09-05,6000.0,7000.0,6500.0,6500.0,quintal,6500.0,₹/quintal,True
Tamil Nadu,Tiruppur,Tiruppur (North),Cauliflower,Ranchi,Local,2026-09-05,3500.0,4000.0,3750.0,3750.0,quintal,3750.0,₹/quintal,True
Tamil Nadu,Tiruppur,Tiruppur (North),Chow Chow,Chow Chow,Local,2026-09-05,2500.0,3000.0,2750.0,2750.0,quintal,2750.0,₹/quintal,True
Tamil Nadu,Tiruppur,Tiruppur (North),Cluster beans,Cluster Beans,Local,2026-09-05,3500.0,4000.0,3750.0,3750.0,quintal,3750.0,₹/quintal,True
Tamil Nadu,Tiruppur,Tiruppur (North),Coconut,Coconut,Local,2026-09-05,5500.0,6000.0,5750.0,5750.0,quintal,5750.0,₹/quintal,True
Tamil Nadu,Tiruppur,Tiruppur (North),Coriander(Leaves),I Sort,Local,2026-09-05,2500.0,3000.0,2750.0,2750.0,quintal,2750.0,₹/quintal,True
Tamil Nadu,Tiruppur,Tiruppur (North),Cowpea(Veg),Cowpea (Veg),Local,2026-09-05,3000.0,3500.0,3250.0,3250.0,quintal,3250.0,₹/quintal,True
Tamil Nadu,Tiruppur,Tiruppur (North),Drumstick,Drumstick,Local,2026-09-05,2500.0,3000.0,2750.0,2750.0,quintal,2750.0,₹/quintal,True
Tamil Nadu,Tiruppur,Tiruppur (North),Elephant Yam(Suran)/Amorphophallus,Elephant Yam (Suran),Local,2026-09-05,4500.0,5000.0,4750.0,4750.0,quintal,4750.0,₹/quintal,True
Tamil Nadu,Tiruppur,Tiruppur (North),Ginger(Green),Green Ginger,Local,2026-09-05,15000.0,16000.0,15500.0,15500.0,quintal,15500.0,₹/quintal,True
Tamil Nadu,Tiruppur,Tiruppur (North),Green Avare(W),Other,Local,2026-09-05,6000.0,6500.0,6250.0,6250.0,quintal,6250.0,₹/quintal,True
Tamil Nadu,Tiruppur,Tiruppur (North),Green Chilli,Green Chilly,Local,2026-09-05,4000.0,4600.0,4300.0,4300.0,quintal,4300.0,₹/quintal,True
Tamil Nadu,Tiruppur,Tiruppur (North),Groundnut,Big (With Shell),Local,2026-09-05,5500.0,6000.0,5750.0,5750.0,quintal,5750.0,₹/quintal,True
Tamil Nadu,Tiruppur,Tiruppur (North),Lemon,Lemon,Local,2026-09-05,20000.0,22000.0,21000.0,21000.0,quintal,21000.0,₹/quintal,True
Tamil Nadu,Tiruppur,Tiruppur (North),Mint(Pudina),Mint(Pudina),Local,2026-09-05,2000.0,2500.0,2250.0,2250.0,quintal,2250.0,₹/quintal,True
Tamil Nadu,Tiruppur,Tiruppur (North),Onion,Bellary,Local,2026-09-05,5500.0,6000.0,5750.0,5750.0,quintal,5750.0,₹/quintal,True
Tamil Nadu,Tiruppur,Tiruppur (North),Onion Green,Onion Green,Local,2026-09-05,7000.0,8000.0,7500.0,7500.0,quintal,7500.0,₹/quintal,True
Tamil Nadu,Tiruppur,Tiruppur (North),Papaya,Papaya,Local,2026-09-05,2500.0,3000.0,2750.0,2750.0,quintal,2750.0,₹/quintal,True
Tamil Nadu,Tiruppur,Tiruppur (North),Potato,Other,Local,2026-09-05,5000.0,6000.0,5500.0,5500.0,quintal,5500.0,₹/quintal,True
Tamil Nadu,Tiruppur,Tiruppur (North),Pumpkin,Pumpkin,Local,2026-09-05,1200.0,1600.0,1400.0,1400.0,quintal,1400.0,₹/quintal,True
Tamil Nadu,Tiruppur,Tiruppur (North),Raddish,Raddish,Local,2026-09-05,3000.0,3500.0,3250.0,3250.0,quintal,3250.0,₹/quintal,True
Tamil Nadu,Tiruppur,Tiruppur (North),Ridgeguard(Tori),Ridgeguard(Tori),Local,2026-09-05,4500.0,5000.0,4750.0,4750.0,quintal,4750.0,₹/quintal,True
Tamil Nadu,Tiruppur,Tiruppur (North),Snakeguard,Snakeguard,Local,2026-09-05,3500.0,4000.0,3750.0,3750.0,quintal,3750.0,₹/quintal,True
Tamil Nadu,Tiruppur,Tiruppur (North),Sweet Corn ,Sweet Corn ,Local,2026-09-05,1500.0,2000.0,1750.0,1750.0,quintal,1750.0,₹/quintal,True
Tamil Nadu,Tiruppur,Tiruppur (North),Sweet Potato,Hosur Red,Local,2026-09-05,3500.0,4000.0,3750.0,3750.0,quintal,3750.0,₹/quintal,True
Tamil Nadu,Tiruppur,Tiruppur (North),Tapioca,Tapioca,Local,2026-09-05,2000.0,2500.0,2250.0,2250.0,quintal,2250.0,₹/quintal,True
Tamil Nadu,Tiruppur,Tiruppur (North),Tender Coconut,Tender Coconut,Local,2026-09-05,3000.0,4000.0,3500.0,3500.0,quintal,3500.0,₹/quintal,True
Tamil Nadu,Tiruppur,Tiruppur (North),Tomato,Local,Local,2026-09-05,1200.0,1600.0,1400.0,1400.0,quintal,1400.0,₹/quintal,True
Tamil Nadu,Tiruppur,Tiruppur (South),Amaranthus,Amaranthus,Local,2026-09-05,2000.0,3000.0,2500.0,2500.0,quintal,2500.0,₹/quintal,True
Tamil Nadu,Tiruppur,Tiruppur (South),Amla(Nelli Kai),Amla,Local,2026-09-05,6500.0,8000.0,7250.0,7250.0,quintal,7250.0,₹/quintal,True
Tamil Nadu,Tiruppur,Tiruppur (South),Ashgourd,Gouard,Local,2026-09-05,1300.0,1500.0,1400.0,1400.0,quintal,1400.0,₹/quintal,True
Tamil Nadu,Tiruppur,Tiruppur (South),Banana,Red Banana,Local,2026-09-05,5000.0,6000.0,5500.0,5500.0,quintal,5500.0,₹/quintal,True
Tamil Nadu,Tiruppur,Tiruppur (South),Banana - Green,Banana - Green,Local,2026-09-05,2500.0,3000.0,2750.0,2750.0,quintal,2750.0,₹/quintal,True
Tamil Nadu,Tiruppur,Tiruppur (South),Beans,Beans (Whole),Local,2026-09-05,6000.0,7000.0,6500.0,6500.0,quintal,6500.0,₹/quintal,True
Tamil Nadu,Tiruppur,Tiruppur (South),Beetroot,Beetroot,Local,2026-09-05,5000.0,6000.0,5500.0,5500.0,quintal,5500.0,₹/quintal,True
Tamil Nadu,Tiruppur,Tiruppur (South),Bhindi(Ladies Finger),Bhindi,Local,2026-09-05,4000.0,5000.0,4500.0,4500.0,quintal,4500.0,₹/quintal,True
Tamil Nadu,Tiruppur,Tiruppur (South),Bitter gourd,Other,Local,2026-09-05,6000.0,7000.0,6500.0,6500.0,quintal,6500.0,₹/quintal,True
Tamil Nadu,Tiruppur,Tiruppur (South),Bottle gourd,Bottle Gourd,Local,2026-09-05,1500.0,2000.0,1750.0,1750.0,quintal,1750.0,₹/quintal,True
Tamil Nadu,Tiruppur,Tiruppur (South),Brinjal,Other,Local,2026-09-05,5000.0,6000.0,5500.0,5500.0,quintal,5500.0,₹/quintal,True
Tamil Nadu,Tiruppur,Tiruppur (South),Cabbage,Cabbage,Local,2026-09-05,1700.0,2000.0,1850.0,1850.0,quintal,1850.0,₹/quintal,True
Tamil Nadu,Tiruppur,Tiruppur (South),Carrot,Pusakesar,Local,2026-09-05,5000.0,6000.0,5500.0,5500.0,quintal,5500.0,₹/quintal,True
Tamil Nadu,Tiruppur,Tiruppur (South),Cauliflower,Ranchi,Local,2026-09-05,3500.0,4000.0,3750.0,3750.0,quintal,3750.0,₹/quintal,True
Tamil Nadu,Tiruppur,Tiruppur (South),Chow Chow,Chow Chow,Local,2026-09-05,2500.0,3000.0,2750.0,2750.0,quintal,2750.0,₹/quintal,True
Tamil Nadu,Tiruppur,Tiruppur (South),Cluster beans,Cluster Beans,Local,2026-09-05,3500.0,4000.0,3750.0,3750.0,quintal,3750.0,₹/quintal,True
Tamil Nadu,Tiruppur,Tiruppur (South),Coconut,Coconut,Local,2026-09-05,5000.0,6000.0,5500.0,5500.0,quintal,5500.0,₹/quintal,True
Tamil Nadu,Tiruppur,Tiruppur (South),Coriander(Leaves),I Sort,Local,2026-09-05,2500.0,3000.0,2750.0,2750.0,quintal,2750.0,₹/quintal,True
Tamil Nadu,Tiruppur,Tiruppur (South),Cowpea(Veg),Cowpea (Veg),Local,2026-09-05,3500.0,4000.0,3750.0,3750.0,quintal,3750.0,₹/quintal,True
Tamil Nadu,Tiruppur,Tiruppur (South),Drumstick,Drumstick,Local,2026-09-05,1800.0,2000.0,1900.0,1900.0,quintal,1900.0,₹/quintal,True
Tamil Nadu,Tiruppur,Tiruppur (South),Garlic,Garlic,Local,2026-09-05,18000.0,21000.0,19500.0,19500.0,quintal,19500.0,₹/quintal,True
Tamil Nadu,Tiruppur,Tiruppur (South),Ginger(Green),Green Ginger,Local,2026-09-05,12000.0,15000.0,13500.0,13500.0,quintal,13500.0,₹/quintal,True
Tamil Nadu,Tiruppur,Tiruppur (South),Green Avare(W),Other,Local,2026-09-05,6000.0,7000.0,6500.0,6500.0,quintal,6500.0,₹/quintal,True
Tamil Nadu,Tiruppur,Tiruppur (South),Green Chilli,Green Chilly,Local,2026-09-05,4000.0,5000.0,4500.0,4500.0,quintal,4500.0,₹/quintal,True
Tamil Nadu,Tiruppur,Tiruppur (South),Lemon,Lemon,Local,2026-09-05,20000.0,28000.0,24000.0,24000.0,quintal,24000.0,₹/quintal,True
Tamil Nadu,Tiruppur,Tiruppur (South),Mint(Pudina),Mint(Pudina),Local,2026-09-05,2000.0,2500.0,2250.0,2250.0,quintal,2250.0,₹/quintal,True
Tamil Nadu,Tiruppur,Tiruppur (South),Onion,Bellary,Local,2026-09-05,4000.0,5000.0,4500.0,4500.0,quintal,4500.0,₹/quintal,True
Tamil Nadu,Tiruppur,Tiruppur (South),Onion Green,Onion Green,Local,2026-09-05,6000.0,7000.0,6500.0,6500.0,quintal,6500.0,₹/quintal,True
Tamil Nadu,Tiruppur,Tiruppur (South),Papaya,Papaya,Local,2026-09-05,2500.0,3000.0,2750.0,2750.0,quintal,2750.0,₹/quintal,True
Tamil Nadu,Tiruppur,Tiruppur (South),Potato,Other,Local,2026-09-05,4000.0,5000.0,4500.0,4500.0,quintal,4500.0,₹/quintal,True
Tamil Nadu,Tiruppur,Tiruppur (South),Pumpkin,Pumpkin,Local,2026-09-05,1500.0,2000.0,1750.0,1750.0,quintal,1750.0,₹/quintal,True
Tamil Nadu,Tiruppur,Tiruppur (South),Raddish,Raddish,Local,2026-09-05,1500.0,2000.0,1750.0,1750.0,quintal,1750.0,₹/quintal,True
Tamil Nadu,Tiruppur,Tiruppur (South),Ridgeguard(Tori),Ridgeguard(Tori),Local,2026-09-05,4500.0,6000.0,5250.0,5250.0,quintal,5250.0,₹/quintal,True
Tamil Nadu,Tiruppur,Tiruppur (South),Snakeguard,Snakeguard,Local,2026-09-05,3500.0,4000.0,3750.0,3750.0,quintal,3750.0,₹/quintal,True
Tamil Nadu,Tiruppur,Tiruppur (South),Tapioca,Tapioca,Local,2026-09-05,2500.0,3000.0,2750.0,2750.0,quintal,2750.0,₹/quintal,True
Tamil Nadu,Tiruppur,Tiruppur (South),Tomato,Local,Local,2026-09-05,1300.0,1600.0,1450.0,1450.0,quintal,1450.0,₹/quintal,True
Tamil Nadu,Tiruvannamalai,Arani,Amaranthus,Amaranthus,Local,2026-09-05,1500.0,2000.0,1750.0,1750.0,quintal,1750.0,₹/quintal,True
Tamil Nadu,Tiruvannamalai,Arani,Ashgourd,Gouard,Local,2026-09-05,2000.0,2500.0,2250.0,2250.0,quintal,2250.0,₹/quintal,True
Tamil Nadu,Tiruvannamalai,Arani,Banana,Other,Local,2026-09-05,5000.0,6000.0,5500.0,5500.0,quintal,5500.0,₹/quintal,True
Tamil Nadu,Tiruvannamalai,Arani,Banana - Green,Banana - Green,Local,2026-09-05,1500.0,2000.0,1750.0,1750.0,quintal,1750.0,₹/quintal,True
Tamil Nadu,Tiruvannamalai,Arani,Beans,Beans (Whole),Local,2026-09-05,8000.0,9600.0,8800.0,8800.0,quintal,8800.0,₹/quintal,True
Tamil Nadu,Tiruvannamalai,Arani,Beetroot,Beetroot,Local,2026-09-05,4000.0,4800.0,4400.0,4400.0,quintal,4400.0,₹/quintal,True
Tamil Nadu,Tiruvannamalai,Arani,Bhindi(Ladies Finger),Bhindi,Local,2026-09-05,3500.0,4200.0,3850.0,3850.0,quintal,3850.0,₹/quintal,True
Tamil Nadu,Tiruvannamalai,Arani,Bitter gourd,Bitter Gourd,Local,2026-09-05,4000.0,4800.0,4400.0,4400.0,quintal,4400.0,₹/quintal,True
Tamil Nadu,Tiruvannamalai,Arani,Bottle gourd,Bottle Gourd,Local,2026-09-05,2000.0,2400.0,2200.0,2200.0,quintal,2200.0,₹/quintal,True
Tamil Nadu,Tiruvannamalai,Arani,Brinjal,Round,Local,2026-09-05,4000.0,4800.0,4400.0,4400.0,quintal,4400.0,₹/quintal,True
Tamil Nadu,Tiruvannamalai,Arani,Cabbage,Cabbage,Local,2026-09-05,2500.0,3000.0,2750.0,2750.0,quintal,2750.0,₹/quintal,True
Tamil Nadu,Tiruvannamalai,Arani,Carrot,Pusakesar,Local,2026-09-05,6000.0,7200.0,6600.0,6600.0,quintal,6600.0,₹/quintal,True
Tamil Nadu,Tiruvannamalai,Arani,Chikoos(Sapota),Sapota,Local,2026-09-05,5000.0,6000.0,5500.0,5500.0,quintal,5500.0,₹/quintal,True
Tamil Nadu,Tiruvannamalai,Arani,Chow Chow,Chow Chow,Local,2026-09-05,2500.0,3000.0,2750.0,2750.0,quintal,2750.0,₹/quintal,True
Tamil Nadu,Tiruvannamalai,Arani,Cluster beans,Cluster Beans,Local,2026-09-05,3500.0,4200.0,3850.0,3850.0,quintal,3850.0,₹/quintal,True
Tamil Nadu,Tiruvannamalai,Arani,Coconut,Coconut,Local,2026-09-05,3800.0,4500.0,4150.0,4150.0,quintal,4150.0,₹/quintal,True
Tamil Nadu,Tiruvannamalai,Arani,Colacasia,Colacasia,Local,2026-09-05,4000.0,4500.0,4250.0,4250.0,quintal,4250.0,₹/quintal,True
Tamil Nadu,Tiruvannamalai,Arani,Coriander(Leaves),I Sort,Local,2026-09-05,4000.0,5000.0,4500.0,4500.0,quintal,4500.0,₹/quintal,True
Tamil Nadu,Tiruvannamalai,Arani,Drumstick,Drumstick,Local,2026-09-05,5000.0,6000.0,5500.0,5500.0,quintal,5500.0,₹/quintal,True
Tamil Nadu,Tiruvannamalai,Arani,Garlic,Garlic,Local,2026-09-05,20000.0,24000.0,22000.0,22000.0,quintal,22000.0,₹/quintal,True
Tamil Nadu,Tiruvannamalai,Arani,Ginger(Green),Green Ginger,Local,2026-09-05,17000.0,20000.0,18500.0,18500.0,quintal,18500.0,₹/quintal,True
Tamil Nadu,Tiruvannamalai,Arani,Green Avare(W),Green Avare (W),Local,2026-09-05,5000.0,6000.0,5500.0,5500.0,quintal,5500.0,₹/quintal,True
Tamil Nadu,Tiruvannamalai,Arani,Green Chilli,Green Chilly,Local,2026-09-05,5000.0,6000.0,5500.0,5500.0,quintal,5500.0,₹/quintal,True
Tamil Nadu,Tiruvannamalai,Arani,Guava,Guava Allahabad,Local,2026-09-05,4000.0,5000.0,4500.0,4500.0,quintal,4500.0,₹/quintal,True
Tamil Nadu,Tiruvannamalai,Arani,Knool Khol,Knool Khol,Local,2026-09-05,2500.0,3000.0,2750.0,2750.0,quintal,2750.0,₹/quintal,True
Tamil Nadu,Tiruvannamalai,Arani,Lemon,Lemon,Local,2026-09-05,10000.0,12000.0,11000.0,11000.0,quintal,11000.0,₹/quintal,True
Tamil Nadu,Tiruvannamalai,Arani,Mango(Raw-Ripe),Mango - Raw-Ripe,Local,2026-09-05,8000.0,9600.0,8800.0,8800.0,quintal,8800.0,₹/quintal,True
Tamil Nadu,Tiruvannamalai,Arani,Mint(Pudina),Mint(Pudina),Local,2026-09-05,4000.0,4500.0,4250.0,4250.0,quintal,4250.0,₹/quintal,True
Tamil Nadu,Tiruvannamalai,Arani,Onion,Bellary,Local,2026-09-05,5000.0,6000.0,5500.0,5500.0,quintal,5500.0,₹/quintal,True
Tamil Nadu,Tiruvannamalai,Arani,Onion Green,Onion Green,Local,2026-09-05,5000.0,6000.0,5500.0,5500.0,quintal,5500.0,₹/quintal,True
Tamil Nadu,Tiruvannamalai,Arani,Papaya,Papaya,Local,2026-09-05,3000.0,4000.0,3500.0,3500.0,quintal,3500.0,₹/quintal,True
Tamil Nadu,Tiruvannamalai,Arani,Potato,Red Nanital,Local,2026-09-05,3500.0,4200.0,3850.0,3850.0,quintal,3850.0,₹/quintal,True
Tamil Nadu,Tiruvannamalai,Arani,Raddish,Raddish,Local,2026-09-05,2500.0,3000.0,2750.0,2750.0,quintal,2750.0,₹/quintal,True
Tamil Nadu,Tiruvannamalai,Arani,Ridgeguard(Tori),Ridgeguard(Tori),Local,2026-09-05,3500.0,4200.0,3850.0,3850.0,quintal,3850.0,₹/quintal,True
Tamil Nadu,Tiruvannamalai,Arani,Snakeguard,Snakeguard,Local,2026-09-05,2500.0,3000.0,2750.0,2750.0,quintal,2750.0,₹/quintal,True
Tamil Nadu,Tiruvannamalai,Arani,Sweet Potato,Hosur Red,Local,2026-09-05,3000.0,4000.0,3500.0,3500.0,quintal,3500.0,₹/quintal,True
Tamil Nadu,Tiruvannamalai,Arani,Tender Coconut,Tender Coconut,Local,2026-09-05,1500.0,2000.0,1750.0,1750.0,quintal,1750.0,₹/quintal,True
Tamil Nadu,Tiruvannamalai,Arani,Thondekai,Thondekai,Local,2026-09-05,3500.0,4000.0,3750.0,3750.0,quintal,3750.0,₹/quintal,True
Tamil Nadu,Tiruvannamalai,Arani,Tomato,Deshi,Local,2026-09-05,2500.0,3000.0,2750.0,2750.0,quintal,2750.0,₹/quintal,True
Tamil Nadu,Tiruvannamalai,Arani,Yam(Ratalu),Yam (Ratalu),Local,2026-09-05,5000.0,6000.0,5500.0,5500.0,quintal,5500.0,₹/quintal,True
Tamil Nadu,Tiruvannamalai,Cheyyar,Amaranthus,Amaranthus,Local,2026-09-05,2000.0,2500.0,2250.0,2250.0,quintal,2250.0,₹/quintal,True
Tamil Nadu,Tiruvannamalai,Cheyyar,Ashgourd,Gouard,Local,2026-09-05,2000.0,2500.0,2250.0,2250.0,quintal,2250.0,₹/quintal,True
Tamil Nadu,Tiruvannamalai,Cheyyar,Banana,Poovan,Local,2026-09-05,4000.0,5000.0,4500.0,4500.0,quintal,4500.0,₹/quintal,True
Tamil Nadu,Tiruvannamalai,Cheyyar,Banana - Green,Banana - Green,Local,2026-09-05,1500.0,2000.0,1750.0,1750.0,quintal,1750.0,₹/quintal,True
Tamil Nadu,Tiruvannamalai,Cheyyar,Beans,Beans (Whole),Local,2026-09-05,8000.0,9600.0,8800.0,8800.0,quintal,8800.0,₹/quintal,True
Tamil Nadu,Tiruvannamalai,Cheyyar,Beetroot,Beetroot,Local,2026-09-05,4000.0,4800.0,4400.0,4400.0,quintal,4400.0,₹/quintal,True
Tamil Nadu,Tiruvannamalai,Cheyyar,Bhindi(Ladies Finger),Bhindi,Local,2026-09-05,3500.0,4200.0,3850.0,3850.0,quintal,3850.0,₹/quintal,True
Tamil Nadu,Tiruvannamalai,Cheyyar,Bitter gourd,Other,Local,2026-09-05,3200.0,4000.0,3600.0,3600.0,quintal,3600.0,₹/quintal,True
Tamil Nadu,Tiruvannamalai,Cheyyar,Bottle gourd,Bottle Gourd,Local,2026-09-05,2000.0,2400.0,2200.0,2200.0,quintal,2200.0,₹/quintal,True
Tamil Nadu,Tiruvannamalai,Cheyyar,Brinjal,Other,Local,2026-09-05,3200.0,4000.0,3600.0,3600.0,quintal,3600.0,₹/quintal,True
Tamil Nadu,Tiruvannamalai,Cheyyar,Cabbage,Cabbage,Local,2026-09-05,2000.0,2400.0,2200.0,2200.0,quintal,2200.0,₹/quintal,True
Tamil Nadu,Tiruvannamalai,Cheyyar,Carrot,Pusakesar,Local,2026-09-05,6000.0,7200.0,6600.0,6600.0,quintal,6600.0,₹/quintal,True
Tamil Nadu,Tiruvannamalai,Cheyyar,Chow Chow,Chow Chow,Local,2026-09-05,2500.0,3000.0,2750.0,2750.0,quintal,2750.0,₹/quintal,True
Tamil Nadu,Tiruvannamalai,Cheyyar,Cluster beans,Cluster Beans,Local,2026-09-05,3500.0,4200.0,3850.0,3850.0,quintal,3850.0,₹/quintal,True
Tamil Nadu,Tiruvannamalai,Cheyyar,Coconut,Coconut,Local,2026-09-05,3700.0,4500.0,4100.0,4100.0,quintal,4100.0,₹/quintal,True
Tamil Nadu,Tiruvannamalai,Cheyyar,Colacasia,Colacasia,Local,2026-09-05,3700.0,4500.0,4100.0,4100.0,quintal,4100.0,₹/quintal,True
Tamil Nadu,Tiruvannamalai,Cheyyar,Coriander(Leaves),I Sort,Local,2026-09-05,4000.0,5000.0,4500.0,4500.0,quintal,4500.0,₹/quintal,True
Tamil Nadu,Tiruvannamalai,Cheyyar,Cucumbar(Kheera),Cucumbar,Local,2026-09-05,2500.0,3000.0,2750.0,2750.0,quintal,2750.0,₹/quintal,True
Tamil Nadu,Tiruvannamalai,Cheyyar,Drumstick,Drumstick,Local,2026-09-05,3500.0,4200.0,3850.0,3850.0,quintal,3850.0,₹/quintal,True
Tamil Nadu,Tiruvannamalai,Cheyyar,Green Avare(W),Other,Local,2026-09-05,4000.0,4800.0,4400.0,4400.0,quintal,4400.0,₹/quintal,True
Tamil Nadu,Tiruvannamalai,Cheyyar,Green Chilli,Green Chilly,Local,2026-09-05,4800.0,6000.0,5400.0,5400.0,quintal,5400.0,₹/quintal,True
Tamil Nadu,Tiruvannamalai,Cheyyar,Knool Khol,Knool Khol,Local,2026-09-05,2500.0,3000.0,2750.0,2750.0,quintal,2750.0,₹/quintal,True
Tamil Nadu,Tiruvannamalai,Cheyyar,Lemon,Lemon,Local,2026-09-05,10000.0,12000.0,11000.0,11000.0,quintal,11000.0,₹/quintal,True
Tamil Nadu,Tiruvannamalai,Cheyyar,Mango(Raw-Ripe),Mango - Raw-Ripe,Local,2026-09-05,6500.0,8000.0,7250.0,7250.0,quintal,7250.0,₹/quintal,True
Tamil Nadu,Tiruvannamalai,Cheyyar,Mint(Pudina),Mint(Pudina),Local,2026-09-05,3700.0,4500.0,4100.0,4100.0,quintal,4100.0,₹/quintal,True
Tamil Nadu,Tiruvannamalai,Cheyyar,Onion,Bellary,Local,2026-09-05,4800.0,6000.0,5400.0,5400.0,quintal,5400.0,₹/quintal,True
Tamil Nadu,Tiruvannamalai,Cheyyar,Onion Green,Onion Green,Local,2026-09-05,4800.0,6000.0,5400.0,5400.0,quintal,5400.0,₹/quintal,True
Tamil Nadu,Tiruvannamalai,Cheyyar,Papaya,Papaya,Local,2026-09-05,3200.0,4000.0,3600.0,3600.0,quintal,3600.0,₹/quintal,True
Tamil Nadu,Tiruvannamalai,Cheyyar,Potato,Other,Local,2026-09-05,3500.0,4200.0,3850.0,3850.0,quintal,3850.0,₹/quintal,True
Tamil Nadu,Tiruvannamalai,Cheyyar,Pumpkin,Pumpkin,Local,2026-09-05,2500.0,3000.0,2750.0,2750.0,quintal,2750.0,₹/quintal,True
Tamil Nadu,Tiruvannamalai,Cheyyar,Raddish,Raddish,Local,2026-09-05,2500.0,3000.0,2750.0,2750.0,quintal,2750.0,₹/quintal,True
Tamil Nadu,Tiruvannamalai,Cheyyar,Ridgeguard(Tori),Ridgeguard(Tori),Local,2026-09-05,3500.0,4200.0,3850.0,3850.0,quintal,3850.0,₹/quintal,True
Tamil Nadu,Tiruvannamalai,Cheyyar,Snakeguard,Snakeguard,Local,2026-09-05,2500.0,3000.0,2750.0,2750.0,quintal,2750.0,₹/quintal,True
Tamil Nadu,Tiruvannamalai,Cheyyar,Tender Coconut,Tender Coconut,Local,2026-09-05,2000.0,2500.0,2250.0,2250.0,quintal,2250.0,₹/quintal,True
Tamil Nadu,Tiruvannamalai,Cheyyar,Thondekai,Thondekai,Local,2026-09-05,3200.0,4000.0,3600.0,3600.0,quintal,3600.0,₹/quintal,True
Tamil Nadu,Tiruvannamalai,Cheyyar,Tomato,Local,Local,2026-09-05,2500.0,3000.0,2750.0,2750.0,quintal,2750.0,₹/quintal,True
Tamil Nadu,Tiruvannamalai,Cheyyar,Yam(Ratalu),Yam (Ratalu),Local,2026-09-05,4800.0,6000.0,5400.0,5400.0,quintal,5400.0,₹/quintal,True
Tamil Nadu,Tiruvannamalai,Polur,Amaranthus,Amaranthus,Local,2026-09-05,1600.0,2000.0,1800.0,1800.0,quintal,1800.0,₹/quintal,True
Tamil Nadu,Tiruvannamalai,Polur,Ashgourd,Gouard,Local,2026-09-05,1600.0,2000.0,1800.0,1800.0,quintal,1800.0,₹/quintal,True
Tamil Nadu,Tiruvannamalai,Polur,Banana,Besrai,Local,2026-09-05,4200.0,5000.0,4600.0,4600.0,quintal,4600.0,₹/quintal,True
Tamil Nadu,Tiruvannamalai,Polur,Banana - Green,Banana - Green,Local,2026-09-05,1600.0,2000.0,1800.0,1800.0,quintal,1800.0,₹/quintal,True
Tamil Nadu,Tiruvannamalai,Polur,Beans,Beans (Whole),Local,2026-09-05,7000.0,8400.0,7700.0,7700.0,quintal,7700.0,₹/quintal,True
Tamil Nadu,Tiruvannamalai,Polur,Beetroot,Beetroot,Local,2026-09-05,4000.0,4800.0,4400.0,4400.0,quintal,4400.0,₹/quintal,True
Tamil Nadu,Tiruvannamalai,Polur,Bhindi(Ladies Finger),Bhindi,Local,2026-09-05,3300.0,4000.0,3650.0,3650.0,quintal,3650.0,₹/quintal,True
Tamil Nadu,Tiruvannamalai,Polur,Bitter gourd,Bitter Gourd,Local,2026-09-05,4000.0,4800.0,4400.0,4400.0,quintal,4400.0,₹/quintal,True
Tamil Nadu,Tiruvannamalai,Polur,Bottle gourd,Bottle Gourd,Local,2026-09-05,1600.0,2000.0,1800.0,1800.0,quintal,1800.0,₹/quintal,True
Tamil Nadu,Tiruvannamalai,Polur,Brinjal,Round,Local,2026-09-05,4000.0,4800.0,4400.0,4400.0,quintal,4400.0,₹/quintal,True
Tamil Nadu,Tiruvannamalai,Polur,Cabbage,Cabbage,Local,2026-09-05,2500.0,3000.0,2750.0,2750.0,quintal,2750.0,₹/quintal,True
Tamil Nadu,Tiruvannamalai,Polur,Carrot,Pusakesar,Local,2026-09-05,6000.0,7200.0,6600.0,6600.0,quintal,6600.0,₹/quintal,True
Tamil Nadu,Tiruvannamalai,Polur,Cauliflower,Ranchi,Local,2026-09-05,2500.0,3000.0,2750.0,2750.0,quintal,2750.0,₹/quintal,True
Tamil Nadu,Tiruvannamalai,Polur,Chow Chow,Chow Chow,Local,2026-09-05,3300.0,4000.0,3650.0,3650.0,quintal,3650.0,₹/quintal,True
Tamil Nadu,Tiruvannamalai,Polur,Cluster beans,Cluster Beans,Local,2026-09-05,4000.0,4800.0,4400.0,4400.0,quintal,4400.0,₹/quintal,True
Tamil Nadu,Tiruvannamalai,Polur,Coconut,Coconut,Local,2026-09-05,4000.0,4500.0,4250.0,4250.0,quintal,4250.0,₹/quintal,True
Tamil Nadu,Tiruvannamalai,Polur,Colacasia,Colacasia,Local,2026-09-05,4000.0,4800.0,4400.0,4400.0,quintal,4400.0,₹/quintal,True
Tamil Nadu,Tiruvannamalai,Polur,Coriander(Leaves),I Sort,Local,2026-09-05,4200.0,5000.0,4600.0,4600.0,quintal,4600.0,₹/quintal,True
Tamil Nadu,Tiruvannamalai,Polur,Cucumbar(Kheera),Cucumbar,Local,2026-09-05,3300.0,4000.0,3650.0,3650.0,quintal,3650.0,₹/quintal,True
Tamil Nadu,Tiruvannamalai,Polur,Custard Apple(Sharifa),Custard Apple(Sharifa),Local,2026-09-05,3300.0,4000.0,3650.0,3650.0,quintal,3650.0,₹/quintal,True
Tamil Nadu,Tiruvannamalai,Polur,Drumstick,Drumstick,Local,2026-09-05,3300.0,4000.0,3650.0,3650.0,quintal,3650.0,₹/quintal,True
Tamil Nadu,Tiruvannamalai,Polur,Garlic,Garlic,Local,2026-09-05,20000.0,24000.0,22000.0,22000.0,quintal,22000.0,₹/quintal,True
Tamil Nadu,Tiruvannamalai,Polur,Ginger(Green),Green Ginger,Local,2026-09-05,16000.0,20000.0,18000.0,18000.0,quintal,18000.0,₹/quintal,True
Tamil Nadu,Tiruvannamalai,Polur,Green Avare(W),Green Avare (W),Local,2026-09-05,5000.0,6000.0,5500.0,5500.0,quintal,5500.0,₹/quintal,True
Tamil Nadu,Tiruvannamalai,Polur,Green Chilli,Green Chilly,Local,2026-09-05,5000.0,6000.0,5500.0,5500.0,quintal,5500.0,₹/quintal,True
Tamil Nadu,Tiruvannamalai,Polur,Groundnut,Big (With Shell),Local,2026-09-05,5000.0,6000.0,5500.0,5500.0,quintal,5500.0,₹/quintal,True
Tamil Nadu,Tiruvannamalai,Polur,Guava,Guava Allahabad,Local,2026-09-05,4200.0,5000.0,4600.0,4600.0,quintal,4600.0,₹/quintal,True
Tamil Nadu,Tiruvannamalai,Polur,Jack Fruit(Ripe),Jack Fruit,Local,2026-09-05,1600.0,2000.0,1800.0,1800.0,quintal,1800.0,₹/quintal,True
Tamil Nadu,Tiruvannamalai,Polur,Knool Khol,Knool Khol,Local,2026-09-05,3300.0,4000.0,3650.0,3650.0,quintal,3650.0,₹/quintal,True
Tamil Nadu,Tiruvannamalai,Polur,Lemon,Lemon,Local,2026-09-05,8000.0,10000.0,9000.0,9000.0,quintal,9000.0,₹/quintal,True
Tamil Nadu,Tiruvannamalai,Polur,Mango,Safeda,Local,2026-09-05,10000.0,12000.0,11000.0,11000.0,quintal,11000.0,₹/quintal,True
Tamil Nadu,Tiruvannamalai,Polur,Mango(Raw-Ripe),Mango - Raw-Ripe,Local,2026-09-05,6000.0,7000.0,6500.0,6500.0,quintal,6500.0,₹/quintal,True
Tamil Nadu,Tiruvannamalai,Polur,Marigold(Calcutta),Marigold(Calcutta),Local,2026-09-05,12000.0,15000.0,13500.0,13500.0,quintal,13500.0,₹/quintal,True
Tamil Nadu,Tiruvannamalai,Polur,Mint(Pudina),Mint(Pudina),Local,2026-09-05,3300.0,4000.0,3650.0,3650.0,quintal,3650.0,₹/quintal,True
Tamil Nadu,Tiruvannamalai,Polur,Onion,Bellary,Local,2026-09-05,5000.0,6000.0,5500.0,5500.0,quintal,5500.0,₹/quintal,True
Tamil Nadu,Tiruvannamalai,Polur,Onion Green,Onion Green,Local,2026-09-05,5000.0,6000.0,5500.0,5500.0,quintal,5500.0,₹/quintal,True
Tamil Nadu,Tiruvannamalai,Polur,Papaya,Papaya,Local,2026-09-05,2500.0,3000.0,2750.0,2750.0,quintal,2750.0,₹/quintal,True
Tamil Nadu,Tiruvannamalai,Polur,Potato,Red Nanital,Local,2026-09-05,3300.0,4000.0,3650.0,3650.0,quintal,3650.0,₹/quintal,True
Tamil Nadu,Tiruvannamalai,Polur,Raddish,Raddish,Local,2026-09-05,2500.0,3000.0,2750.0,2750.0,quintal,2750.0,₹/quintal,True
Tamil Nadu,Tiruvannamalai,Polur,Ridgeguard(Tori),Ridgeguard(Tori),Local,2026-09-05,4000.0,4800.0,4400.0,4400.0,quintal,4400.0,₹/quintal,True
Tamil Nadu,Tiruvannamalai,Polur,Rose(Local),Rose (Local),Local,2026-09-05,12000.0,15000.0,13500.0,13500.0,quintal,13500.0,₹/quintal,True
Tamil Nadu,Tiruvannamalai,Polur,Snakeguard,Snakeguard,Local,2026-09-05,2500.0,3000.0,2750.0,2750.0,quintal,2750.0,₹/quintal,True
Tamil Nadu,Tiruvannamalai,Polur,Tender Coconut,Tender Coconut,Local,2026-09-05,1500.0,2000.0,1750.0,1750.0,quintal,1750.0,₹/quintal,True
Tamil Nadu,Tiruvannamalai,Polur,Thondekai,Thondekai,Local,2026-09-05,3300.0,4000.0,3650.0,3650.0,quintal,3650.0,₹/quintal,True
Tamil Nadu,Tiruvannamalai,Polur,Tomato,Local,Local,2026-09-05,2500.0,3000.0,2750.0,2750.0,quintal,2750.0,₹/quintal,True
Tamil Nadu,Tiruvannamalai,Polur,Yam(Ratalu),Yam (Ratalu),Local,2026-09-05,5000.0,6000.0,5500.0,5500.0,quintal,5500.0,₹/quintal,True
Tamil Nadu,Tiruvannamalai,Tamarainagar,Amaranthus,Amaranthus,Local,2026-09-05,5300.0,6300.0,5800.0,5800.0,quintal,5800.0,₹/quintal,True
Tamil Nadu,Tiruvannamalai,Tamarainagar,Amla(Nelli Kai),Amla,Local,2026-09-05,12000.0,14000.0,13000.0,13000.0,quintal,13000.0,₹/quintal,True
Tamil Nadu,Tiruvannamalai,Tamarainagar,Ashgourd,Gouard,Local,2026-09-05,2000.0,2500.0,2250.0,2250.0,quintal,2250.0,₹/quintal,True
Tamil Nadu,Tiruvannamalai,Tamarainagar,Banana,Besrai,Local,2026-09-05,5000.0,6000.0,5500.0,5500.0,quintal,5500.0,₹/quintal,True
Tamil Nadu,Tiruvannamalai,Tamarainagar,Banana - Green,Banana - Green,Local,2026-09-05,5600.0,6600.0,6100.0,6100.0,quintal,6100.0,₹/quintal,True
Tamil Nadu,Tiruvannamalai,Tamarainagar,Beans,Beans (Whole),Local,2026-09-05,7500.0,9000.0,8250.0,8250.0,quintal,8250.0,₹/quintal,True
Tamil Nadu,Tiruvannamalai,Tamarainagar,Bhindi(Ladies Finger),Bhindi,Local,2026-09-05,2500.0,3000.0,2750.0,2750.0,quintal,2750.0,₹/quintal,True
Tamil Nadu,Tiruvannamalai,Tamarainagar,Bitter gourd,Bitter Gourd,Local,2026-09-05,5000.0,6000.0,5500.0,5500.0,quintal,5500.0,₹/quintal,True
Tamil Nadu,Tiruvannamalai,Tamarainagar,Bottle gourd,Bottle Gourd,Local,2026-09-05,2000.0,2500.0,2250.0,2250.0,quintal,2250.0,₹/quintal,True
Tamil Nadu,Tiruvannamalai,Tamarainagar,Brinjal,Round,Local,2026-09-05,4600.0,5600.0,5100.0,5100.0,quintal,5100.0,₹/quintal,True
Tamil Nadu,Tiruvannamalai,Tamarainagar,Cluster beans,Cluster Beans,Local,2026-09-05,3000.0,3600.0,3300.0,3300.0,quintal,3300.0,₹/quintal,True
Tamil Nadu,Tiruvannamalai,Tamarainagar,Coconut,Coconut,Local,2026-09-05,6000.0,7000.0,6500.0,6500.0,quintal,6500.0,₹/quintal,True
Tamil Nadu,Tiruvannamalai,Tamarainagar,Colacasia,Colacasia,Local,2026-09-05,4000.0,5000.0,4500.0,4500.0,quintal,4500.0,₹/quintal,True
Tamil Nadu,Tiruvannamalai,Tamarainagar,Coriander(Leaves),I Sort,Local,2026-09-05,4000.0,5000.0,4500.0,4500.0,quintal,4500.0,₹/quintal,True
Tamil Nadu,Tiruvannamalai,Tamarainagar,Cucumbar(Kheera),Cucumbar,Local,2026-09-05,3500.0,4000.0,3750.0,3750.0,quintal,3750.0,₹/quintal,True
Tamil Nadu,Tiruvannamalai,Tamarainagar,Drumstick,Drumstick,Local,2026-09-05,3500.0,4000.0,3750.0,3750.0,quintal,3750.0,₹/quintal,True
Tamil Nadu,Tiruvannamalai,Tamarainagar,Elephant Yam(Suran)/Amorphophallus,Elephant Yam (Suran),Local,2026-09-05,5000.0,6000.0,5500.0,5500.0,quintal,5500.0,₹/quintal,True
Tamil Nadu,Tiruvannamalai,Tamarainagar,Fig(Anjura/Anjeer),Anjura,Local,2026-09-05,5000.0,6000.0,5500.0,5500.0,quintal,5500.0,₹/quintal,True
Tamil Nadu,Tiruvannamalai,Tamarainagar,Green Avare(W),Green Avare (W),Local,2026-09-05,5600.0,6600.0,6100.0,6100.0,quintal,6100.0,₹/quintal,True
Tamil Nadu,Tiruvannamalai,Tamarainagar,Green Chilli,Green Chilly,Local,2026-09-05,5000.0,6000.0,5500.0,5500.0,quintal,5500.0,₹/quintal,True
Tamil Nadu,Tiruvannamalai,Tamarainagar,Groundnut,Big (With Shell),Local,2026-09-05,7500.0,9000.0,8250.0,8250.0,quintal,8250.0,₹/quintal,True
Tamil Nadu,Tiruvannamalai,Tamarainagar,Guava,Guava Allahabad,Local,2026-09-05,5000.0,6000.0,5500.0,5500.0,quintal,5500.0,₹/quintal,True
Tamil Nadu,Tiruvannamalai,Tamarainagar,Lemon,Lemon,Local,2026-09-05,25000.0,30000.0,27500.0,27500.0,quintal,27500.0,₹/quintal,True
Tamil Nadu,Tiruvannamalai,Tamarainagar,Lime,Lime,Local,2026-09-05,4000.0,5000.0,4500.0,4500.0,quintal,4500.0,₹/quintal,True
Tamil Nadu,Tiruvannamalai,Tamarainagar,Marigold(Calcutta),Marigold(Calcutta),Local,2026-09-05,20000.0,25000.0,22500.0,22500.0,quintal,22500.0,₹/quintal,True
Tamil Nadu,Tiruvannamalai,Tamarainagar,Mint(Pudina),Mint(Pudina),Local,2026-09-05,4000.0,5000.0,4500.0,4500.0,quintal,4500.0,₹/quintal,True
Tamil Nadu,Tiruvannamalai,Tamarainagar,Onion Green,Onion Green,Local,2026-09-05,8000.0,10000.0,9000.0,9000.0,quintal,9000.0,₹/quintal,True
Tamil Nadu,Tiruvannamalai,Tamarainagar,Papaya,Papaya,Local,2026-09-05,3500.0,4000.0,3750.0,3750.0,quintal,3750.0,₹/quintal,True
Tamil Nadu,Tiruvannamalai,Tamarainagar,Pumpkin,Pumpkin,Local,2026-09-05,2000.0,2500.0,2250.0,2250.0,quintal,2250.0,₹/quintal,True
Tamil Nadu,Tiruvannamalai,Tamarainagar,Raddish,Raddish,Local,2026-09-05,2500.0,3000.0,2750.0,2750.0,quintal,2750.0,₹/quintal,True
Tamil Nadu,Tiruvannamalai,Tamarainagar,Ridgeguard(Tori),Ridgeguard(Tori),Local,2026-09-05,4000.0,5000.0,4500.0,4500.0,quintal,4500.0,₹/quintal,True
Tamil Nadu,Tiruvannamalai,Tamarainagar,Rose(Local),Rose (Local),Local,2026-09-05,15000.0,20000.0,17500.0,17500.0,quintal,17500.0,₹/quintal,True
Tamil Nadu,Tiruvannamalai,Tamarainagar,Snakeguard,Snakeguard,Local,2026-09-05,3500.0,4000.0,3750.0,3750.0,quintal,3750.0,₹/quintal,True
Tamil Nadu,Tiruvannamalai,Tamarainagar,Sweet Corn ,Sweet Corn ,Local,2026-09-05,3500.0,4000.0,3750.0,3750.0,quintal,3750.0,₹/quintal,True
Tamil Nadu,Tiruvannamalai,Tamarainagar,Sweet Potato,Hosur Red,Local,2026-09-05,4500.0,5600.0,5050.0,5050.0,quintal,5050.0,₹/quintal,True
Tamil Nadu,Tiruvannamalai,Tamarainagar,Tamarind Fruit,Tamarind Fruit,Local,2026-09-05,10000.0,12000.0,11000.0,11000.0,quintal,11000.0,₹/quintal,True
Tamil Nadu,Tiruvannamalai,Tamarainagar,Tapioca,Tapioca,Local,2026-09-05,2500.0,3000.0,2750.0,2750.0,quintal,2750.0,₹/quintal,True
Tamil Nadu,Tiruvannamalai,Tamarainagar,Thondekai,Thondekai,Local,2026-09-05,2500.0,3000.0,2750.0,2750.0,quintal,2750.0,₹/quintal,True
Tamil Nadu,Tiruvannamalai,Tamarainagar,Tomato,Deshi,Local,2026-09-05,2000.0,2500.0,2250.0,2250.0,quintal,2250.0,₹/quintal,True
Tamil Nadu,Tiruvannamalai,Tamarainagar,Water Melon,Water Melon,Local,2026-09-05,2000.0,2500.0,2250.0,2250.0,quintal,2250.0,₹/quintal,True
Tamil Nadu,Tiruvannamalai,Vandavasi,Amaranthus,Amaranthus,Local,2026-09-05,2500.0,3000.0,2750.0,2750.0,quintal,2750.0,₹/quintal,True
Tamil Nadu,Tiruvannamalai,Vandavasi,Ashgourd,Gouard,Local,2026-09-05,2000.0,2500.0,2250.0,2250.0,quintal,2250.0,₹/quintal,True
Tamil Nadu,Tiruvannamalai,Vandavasi,Banana,Karpura,Local,2026-09-05,5000.0,6000.0,5500.0,5500.0,quintal,5500.0,₹/quintal,True
Tamil Nadu,Tiruvannamalai,Vandavasi,Banana - Green,Banana - Green,Local,2026-09-05,1600.0,2000.0,1800.0,1800.0,quintal,1800.0,₹/quintal,True
Tamil Nadu,Tiruvannamalai,Vandavasi,Beans,Beans (Whole),Local,2026-09-05,8400.0,9600.0,9000.0,9000.0,quintal,9000.0,₹/quintal,True
Tamil Nadu,Tiruvannamalai,Vandavasi,Beetroot,Beetroot,Local,2026-09-05,4000.0,4800.0,4400.0,4400.0,quintal,4400.0,₹/quintal,True
Tamil Nadu,Tiruvannamalai,Vandavasi,Bhindi(Ladies Finger),Bhindi,Local,2026-09-05,3600.0,4200.0,3900.0,3900.0,quintal,3900.0,₹/quintal,True
Tamil Nadu,Tiruvannamalai,Vandavasi,Bitter gourd,Other,Local,2026-09-05,4000.0,4800.0,4400.0,4400.0,quintal,4400.0,₹/quintal,True
Tamil Nadu,Tiruvannamalai,Vandavasi,Bottle gourd,Bottle Gourd,Local,2026-09-05,2000.0,2400.0,2200.0,2200.0,quintal,2200.0,₹/quintal,True
Tamil Nadu,Tiruvannamalai,Vandavasi,Brinjal,Other,Local,2026-09-05,4000.0,4800.0,4400.0,4400.0,quintal,4400.0,₹/quintal,True
Tamil Nadu,Tiruvannamalai,Vandavasi,Carrot,Pusakesar,Local,2026-09-05,6000.0,7200.0,6600.0,6600.0,quintal,6600.0,₹/quintal,True
Tamil Nadu,Tiruvannamalai,Vandavasi,Chow Chow,Chow Chow,Local,2026-09-05,2500.0,3000.0,2750.0,2750.0,quintal,2750.0,₹/quintal,True
Tamil Nadu,Tiruvannamalai,Vandavasi,Cluster beans,Cluster Beans,Local,2026-09-05,3600.0,4200.0,3900.0,3900.0,quintal,3900.0,₹/quintal,True
Tamil Nadu,Tiruvannamalai,Vandavasi,Coconut,Coconut,Local,2026-09-05,4000.0,5000.0,4500.0,4500.0,quintal,4500.0,₹/quintal,True
Tamil Nadu,Tiruvannamalai,Vandavasi,Colacasia,Colacasia,Local,2026-09-05,3800.0,4500.0,4150.0,4150.0,quintal,4150.0,₹/quintal,True
Tamil Nadu,Tiruvannamalai,Vandavasi,Coriander(Leaves),I Sort,Local,2026-09-05,4000.0,5000.0,4500.0,4500.0,quintal,4500.0,₹/quintal,True
Tamil Nadu,Tiruvannamalai,Vandavasi,Drumstick,Drumstick,Local,2026-09-05,3600.0,4200.0,3900.0,3900.0,quintal,3900.0,₹/quintal,True
Tamil Nadu,Tiruvannamalai,Vandavasi,Green Avare(W),Other,Local,2026-09-05,5000.0,6000.0,5500.0,5500.0,quintal,5500.0,₹/quintal,True
Tamil Nadu,Tiruvannamalai,Vandavasi,Green Chilli,Green Chilly,Local,2026-09-05,5000.0,6000.0,5500.0,5500.0,quintal,5500.0,₹/quintal,True
Tamil Nadu,Tiruvannamalai,Vandavasi,Guava,Guava Allahabad,Local,2026-09-05,4000.0,5000.0,4500.0,4500.0,quintal,4500.0,₹/quintal,True
Tamil Nadu,Tiruvannamalai,Vandavasi,Knool Khol,Knool Khol,Local,2026-09-05,2500.0,3000.0,2750.0,2750.0,quintal,2750.0,₹/quintal,True
Tamil Nadu,Tiruvannamalai,Vandavasi,Lemon,Lemon,Local,2026-09-05,10000.0,12000.0,11000.0,11000.0,quintal,11000.0,₹/quintal,True
Tamil Nadu,Tiruvannamalai,Vandavasi,Mint(Pudina),Mint(Pudina),Local,2026-09-05,3800.0,4500.0,4150.0,4150.0,quintal,4150.0,₹/quintal,True
Tamil Nadu,Tiruvannamalai,Vandavasi,Onion,Bellary,Local,2026-09-05,5000.0,6000.0,5500.0,5500.0,quintal,5500.0,₹/quintal,True
Tamil Nadu,Tiruvannamalai,Vandavasi,Onion Green,Onion Green,Local,2026-09-05,5000.0,6000.0,5500.0,5500.0,quintal,5500.0,₹/quintal,True
Tamil Nadu,Tiruvannamalai,Vandavasi,Papaya,Papaya,Local,2026-09-05,3000.0,4000.0,3500.0,3500.0,quintal,3500.0,₹/quintal,True
Tamil Nadu,Tiruvannamalai,Vandavasi,Potato,Other,Local,2026-09-05,3500.0,4200.0,3850.0,3850.0,quintal,3850.0,₹/quintal,True
Tamil Nadu,Tiruvannamalai,Vandavasi,Pumpkin,Pumpkin,Local,2026-09-05,2500.0,3000.0,2750.0,2750.0,quintal,2750.0,₹/quintal,True
Tamil Nadu,Tiruvannamalai,Vandavasi,Raddish,Raddish,Local,2026-09-05,2500.0,3000.0,2750.0,2750.0,quintal,2750.0,₹/quintal,True
Tamil Nadu,Tiruvannamalai,Vandavasi,Ridgeguard(Tori),Ridgeguard(Tori),Local,2026-09-05,3600.0,4200.0,3900.0,3900.0,quintal,3900.0,₹/quintal,True
Tamil Nadu,Tiruvannamalai,Vandavasi,Snakeguard,Snakeguard,Local,2026-09-05,2500.0,3000.0,2750.0,2750.0,quintal,2750.0,₹/quintal,True
Tamil Nadu,Tiruvannamalai,Vandavasi,Thondekai,Thondekai,Local,2026-09-05,3500.0,4000.0,3750.0,3750.0,quintal,3750.0,₹/quintal,True
Tamil Nadu,Tiruvannamalai,Vandavasi,Tomato,Local,Local,2026-09-05,2500.0,3000.0,2750.0,2750.0,quintal,2750.0,₹/quintal,True
Tamil Nadu,Tiruvannamalai,Vandavasi,Yam(Ratalu),Yam (Ratalu),Local,2026-09-05,5000.0,6000.0,5500.0,5500.0,quintal,5500.0,₹/quintal,True
Tamil Nadu,Tiruvarur,Muthupettai,Amaranthus,Amaranthus,Local,2026-09-05,2000.0,2000.0,2000.0,2000.0,quintal,2000.0,₹/quintal,True
Tamil Nadu,Tiruvarur,Muthupettai,Banana - Green,Banana - Green,Local,2026-09-05,4000.0,4000.0,4000.0,4000.0,quintal,4000.0,₹/quintal,True
Tamil Nadu,Tiruvarur,Muthupettai,Beetroot,Beetroot,Local,2026-09-05,4400.0,4400.0,4400.0,4400.0,quintal,4400.0,₹/quintal,True
Tamil Nadu,Tiruvarur,Muthupettai,Bhindi(Ladies Finger),Bhindi,Local,2026-09-05,3000.0,3000.0,3000.0,3000.0,quintal,3000.0,₹/quintal,True
Tamil Nadu,Tiruvarur,Muthupettai,Bitter gourd,Bitter Gourd,Local,2026-09-05,5400.0,5400.0,5400.0,5400.0,quintal,5400.0,₹/quintal,True
Tamil Nadu,Tiruvarur,Muthupettai,Bottle gourd,Bottle Gourd,Local,2026-09-05,2800.0,2800.0,2800.0,2800.0,quintal,2800.0,₹/quintal,True
Tamil Nadu,Tiruvarur,Muthupettai,Brinjal,Round,Local,2026-09-05,3800.0,3800.0,3800.0,3800.0,quintal,3800.0,₹/quintal,True
Tamil Nadu,Tiruvarur,Muthupettai,Cabbage,Cabbage,Local,2026-09-05,3400.0,3400.0,3400.0,3400.0,quintal,3400.0,₹/quintal,True
Tamil Nadu,Tiruvarur,Muthupettai,Cluster beans,Cluster Beans,Local,2026-09-05,3400.0,3400.0,3400.0,3400.0,quintal,3400.0,₹/quintal,True
Tamil Nadu,Tiruvarur,Muthupettai,Coconut,Coconut,Local,2026-09-05,4000.0,4000.0,4000.0,4000.0,quintal,4000.0,₹/quintal,True
Tamil Nadu,Tiruvarur,Muthupettai,Coriander(Leaves),I Sort,Local,2026-09-05,4000.0,4000.0,4000.0,4000.0,quintal,4000.0,₹/quintal,True
Tamil Nadu,Tiruvarur,Muthupettai,Green Chilli,Green Chilly,Local,2026-09-05,4800.0,4800.0,4800.0,4800.0,quintal,4800.0,₹/quintal,True
Tamil Nadu,Tiruvarur,Muthupettai,Lemon,Lemon,Local,2026-09-05,12000.0,12000.0,12000.0,12000.0,quintal,12000.0,₹/quintal,True
Tamil Nadu,Tiruvarur,Muthupettai,Lime,Lime,Local,2026-09-05,3000.0,3000.0,3000.0,3000.0,quintal,3000.0,₹/quintal,True
Tamil Nadu,Tiruvarur,Muthupettai,Mango(Raw-Ripe),Mango - Raw-Ripe,Local,2026-09-05,9000.0,9000.0,9000.0,9000.0,quintal,9000.0,₹/quintal,True
Tamil Nadu,Tiruvarur,Muthupettai,Mint(Pudina),Mint(Pudina),Local,2026-09-05,5000.0,5000.0,5000.0,5000.0,quintal,5000.0,₹/quintal,True
Tamil Nadu,Tiruvarur,Muthupettai,Onion,Bellary,Local,2026-09-05,6000.0,6000.0,6000.0,6000.0,quintal,6000.0,₹/quintal,True
Tamil Nadu,Tiruvarur,Muthupettai,Onion Green,Onion Green,Local,2026-09-05,8000.0,8000.0,8000.0,8000.0,quintal,8000.0,₹/quintal,True
Tamil Nadu,Tiruvarur,Muthupettai,Potato,Red Nanital,Local,2026-09-05,3000.0,3000.0,3000.0,3000.0,quintal,3000.0,₹/quintal,True
Tamil Nadu,Tiruvarur,Muthupettai,Pumpkin,Pumpkin,Local,2026-09-05,2600.0,2600.0,2600.0,2600.0,quintal,2600.0,₹/quintal,True
Tamil Nadu,Tiruvarur,Muthupettai,Snakeguard,Snakeguard,Local,2026-09-05,3400.0,3400.0,3400.0,3400.0,quintal,3400.0,₹/quintal,True
Tamil Nadu,Tiruvarur,Muthupettai,Tomato,Deshi,Local,2026-09-05,2400.0,2400.0,2400.0,2400.0,quintal,2400.0,₹/quintal,True
Tamil Nadu,Tiruvarur,Valangaiman APMC,Amaranthus,Amaranthus,Local,2026-09-05,2000.0,2000.0,2000.0,2000.0,quintal,2000.0,₹/quintal,True
Tamil Nadu,Tiruvarur,Valangaiman APMC,Ashgourd,Gouard,Local,2026-09-05,2400.0,2400.0,2400.0,2400.0,quintal,2400.0,₹/quintal,True
Tamil Nadu,Tiruvarur,Valangaiman APMC,Banana - Green,Banana - Green,Local,2026-09-05,4000.0,4000.0,4000.0,4000.0,quintal,4000.0,₹/quintal,True
Tamil Nadu,Tiruvarur,Valangaiman APMC,Bhindi(Ladies Finger),Bhindi,Local,2026-09-05,3000.0,3000.0,3000.0,3000.0,quintal,3000.0,₹/quintal,True
Tamil Nadu,Tiruvarur,Valangaiman APMC,Bitter gourd,Bitter Gourd,Local,2026-09-05,5000.0,5000.0,5000.0,5000.0,quintal,5000.0,₹/quintal,True
Tamil Nadu,Tiruvarur,Valangaiman APMC,Bottle gourd,Bottle Gourd,Local,2026-09-05,3000.0,3000.0,3000.0,3000.0,quintal,3000.0,₹/quintal,True
Tamil Nadu,Tiruvarur,Valangaiman APMC,Brinjal,Round,Local,2026-09-05,4000.0,4000.0,4000.0,4000.0,quintal,4000.0,₹/quintal,True
Tamil Nadu,Tiruvarur,Valangaiman APMC,Cluster beans,Cluster Beans,Local,2026-09-05,4000.0,4000.0,4000.0,4000.0,quintal,4000.0,₹/quintal,True
Tamil Nadu,Tiruvarur,Valangaiman APMC,Coconut,Coconut,Local,2026-09-05,5000.0,5000.0,5000.0,5000.0,quintal,5000.0,₹/quintal,True
Tamil Nadu,Tiruvarur,Valangaiman APMC,Green Avare(W),Green Avare (W),Local,2026-09-05,6000.0,6000.0,6000.0,6000.0,quintal,6000.0,₹/quintal,True
Tamil Nadu,Tiruvarur,Valangaiman APMC,Green Chilli,Green Chilly,Local,2026-09-05,6000.0,6000.0,6000.0,6000.0,quintal,6000.0,₹/quintal,True
Tamil Nadu,Tiruvarur,Valangaiman APMC,Mango(Raw-Ripe),Mango - Raw-Ripe,Local,2026-09-05,6000.0,6000.0,6000.0,6000.0,quintal,6000.0,₹/quintal,True
Tamil Nadu,Tiruvarur,Valangaiman APMC,Onion Green,Onion Green,Local,2026-09-05,8000.0,8000.0,8000.0,8000.0,quintal,8000.0,₹/quintal,True
Tamil Nadu,Tiruvarur,Valangaiman APMC,Pumpkin,Pumpkin,Local,2026-09-05,2400.0,2400.0,2400.0,2400.0,quintal,2400.0,₹/quintal,True
Tamil Nadu,Tiruvarur,Valangaiman APMC,Raddish,Raddish,Local,2026-09-05,3000.0,3000.0,3000.0,3000.0,quintal,3000.0,₹/quintal,True
Tamil Nadu,Tiruvarur,Valangaiman APMC,Ridgeguard(Tori),Ridgeguard(Tori),Local,2026-09-05,4000.0,4000.0,4000.0,4000.0,quintal,4000.0,₹/quintal,True
Tamil Nadu,Tiruvarur,Valangaiman APMC,Snakeguard,Snakeguard,Local,2026-09-05,4000.0,4000.0,4000.0,4000.0,quintal,4000.0,₹/quintal,True
Tamil Nadu,Tiruvarur,Valangaiman APMC,Tomato,Deshi,Local,2026-09-05,2600.0,2600.0,2600.0,2600.0,quintal,2600.0,₹/quintal,True
Tamil Nadu,Tuticorin,Kovilpatti,Amaranthus,Amaranthus,Local,2026-09-05,1800.0,2000.0,1900.0,1900.0,quintal,1900.0,₹/quintal,True
Tamil Nadu,Tuticorin,Kovilpatti,Ashgourd,Gouard,Local,2026-09-05,2500.0,3000.0,2750.0,2750.0,quintal,2750.0,₹/quintal,True
Tamil Nadu,Tuticorin,Kovilpatti,Banana,Other,Local,2026-09-05,3500.0,4000.0,3750.0,3750.0,quintal,3750.0,₹/quintal,True
Tamil Nadu,Tuticorin,Kovilpatti,Banana - Green,Banana - Green,Local,2026-09-05,3500.0,4000.0,3750.0,3750.0,quintal,3750.0,₹/quintal,True
Tamil Nadu,Tuticorin,Kovilpatti,Beans,Beans (Whole),Local,2026-09-05,8000.0,8500.0,8250.0,8250.0,quintal,8250.0,₹/quintal,True
Tamil Nadu,Tuticorin,Kovilpatti,Beetroot,Beetroot,Local,2026-09-05,4500.0,5000.0,4750.0,4750.0,quintal,4750.0,₹/quintal,True
Tamil Nadu,Tuticorin,Kovilpatti,Bhindi(Ladies Finger),Bhindi,Local,2026-09-05,3500.0,4000.0,3750.0,3750.0,quintal,3750.0,₹/quintal,True
Tamil Nadu,Tuticorin,Kovilpatti,Bitter gourd,Other,Local,2026-09-05,11000.0,11500.0,11250.0,11250.0,quintal,11250.0,₹/quintal,True
Tamil Nadu,Tuticorin,Kovilpatti,Bottle gourd,Bottle Gourd,Local,2026-09-05,4500.0,5000.0,4750.0,4750.0,quintal,4750.0,₹/quintal,True
Tamil Nadu,Tuticorin,Kovilpatti,Brinjal,Other,Local,2026-09-05,3500.0,4000.0,3750.0,3750.0,quintal,3750.0,₹/quintal,True
Tamil Nadu,Tuticorin,Kovilpatti,Cabbage,Cabbage,Local,2026-09-05,3500.0,4000.0,3750.0,3750.0,quintal,3750.0,₹/quintal,True
Tamil Nadu,Tuticorin,Kovilpatti,Capsicum,Capsicum,Local,2026-09-05,7500.0,8000.0,7750.0,7750.0,quintal,7750.0,₹/quintal,True
Tamil Nadu,Tuticorin,Kovilpatti,Carrot,Pusakesar,Local,2026-09-05,6500.0,7000.0,6750.0,6750.0,quintal,6750.0,₹/quintal,True
Tamil Nadu,Tuticorin,Kovilpatti,Cauliflower,Ranchi,Local,2026-09-05,5000.0,5500.0,5250.0,5250.0,quintal,5250.0,₹/quintal,True
Tamil Nadu,Tuticorin,Kovilpatti,Chikoos(Sapota),Sapota,Local,2026-09-05,5000.0,5500.0,5250.0,5250.0,quintal,5250.0,₹/quintal,True
Tamil Nadu,Tuticorin,Kovilpatti,Chow Chow,Chow Chow,Local,2026-09-05,4500.0,5000.0,4750.0,4750.0,quintal,4750.0,₹/quintal,True
Tamil Nadu,Tuticorin,Kovilpatti,Cluster beans,Cluster Beans,Local,2026-09-05,3500.0,4000.0,3750.0,3750.0,quintal,3750.0,₹/quintal,True
Tamil Nadu,Tuticorin,Kovilpatti,Coconut,Coconut,Local,2026-09-05,6500.0,7000.0,6750.0,6750.0,quintal,6750.0,₹/quintal,True
Tamil Nadu,Tuticorin,Kovilpatti,Coriander(Leaves),I Sort,Local,2026-09-05,4000.0,4500.0,4250.0,4250.0,quintal,4250.0,₹/quintal,True
Tamil Nadu,Tuticorin,Kovilpatti,Drumstick,Drumstick,Local,2026-09-05,3000.0,3500.0,3250.0,3250.0,quintal,3250.0,₹/quintal,True
Tamil Nadu,Tuticorin,Kovilpatti,Elephant Yam(Suran)/Amorphophallus,Elephant Yam (Suran),Local,2026-09-05,5000.0,5500.0,5250.0,5250.0,quintal,5250.0,₹/quintal,True
Tamil Nadu,Tuticorin,Kovilpatti,Ginger(Green),Green Ginger,Local,2026-09-05,18000.0,18500.0,18250.0,18250.0,quintal,18250.0,₹/quintal,True
Tamil Nadu,Tuticorin,Kovilpatti,Green Avare(W),Other,Local,2026-09-05,6500.0,7000.0,6750.0,6750.0,quintal,6750.0,₹/quintal,True
Tamil Nadu,Tuticorin,Kovilpatti,Green Chilli,Green Chilly,Local,2026-09-05,4500.0,5000.0,4750.0,4750.0,quintal,4750.0,₹/quintal,True
Tamil Nadu,Tuticorin,Kovilpatti,Guava,Guava Allahabad,Local,2026-09-05,5500.0,6000.0,5750.0,5750.0,quintal,5750.0,₹/quintal,True
Tamil Nadu,Tuticorin,Kovilpatti,Indian Beans(Seam),Indian Beans (Seam),Local,2026-09-05,6500.0,7000.0,6750.0,6750.0,quintal,6750.0,₹/quintal,True
Tamil Nadu,Tuticorin,Kovilpatti,Lemon,Lemon,Local,2026-09-05,17000.0,17500.0,17250.0,17250.0,quintal,17250.0,₹/quintal,True
Tamil Nadu,Tuticorin,Kovilpatti,Lime,Lime,Local,2026-09-05,12000.0,12500.0,12250.0,12250.0,quintal,12250.0,₹/quintal,True
Tamil Nadu,Tuticorin,Kovilpatti,Mango(Raw-Ripe),Mango - Raw-Ripe,Local,2026-09-05,7500.0,8500.0,8000.0,8000.0,quintal,8000.0,₹/quintal,True
Tamil Nadu,Tuticorin,Kovilpatti,Mint(Pudina),Mint(Pudina),Local,2026-09-05,5500.0,6000.0,5750.0,5750.0,quintal,5750.0,₹/quintal,True
Tamil Nadu,Tuticorin,Kovilpatti,Onion,Bellary,Local,2026-09-05,6000.0,6500.0,6250.0,6250.0,quintal,6250.0,₹/quintal,True
Tamil Nadu,Tuticorin,Kovilpatti,Onion Green,Onion Green,Local,2026-09-05,7500.0,8000.0,7750.0,7750.0,quintal,7750.0,₹/quintal,True
Tamil Nadu,Tuticorin,Kovilpatti,Papaya,Papaya,Local,2026-09-05,3500.0,4000.0,3750.0,3750.0,quintal,3750.0,₹/quintal,True
Tamil Nadu,Tuticorin,Kovilpatti,Potato,Other,Local,2026-09-05,4500.0,5000.0,4750.0,4750.0,quintal,4750.0,₹/quintal,True
Tamil Nadu,Tuticorin,Kovilpatti,Pumpkin,Pumpkin,Local,2026-09-05,3000.0,3500.0,3250.0,3250.0,quintal,3250.0,₹/quintal,True
Tamil Nadu,Tuticorin,Kovilpatti,Raddish,Raddish,Local,2026-09-05,3000.0,3500.0,3250.0,3250.0,quintal,3250.0,₹/quintal,True
Tamil Nadu,Tuticorin,Kovilpatti,Ridgeguard(Tori),Ridgeguard(Tori),Local,2026-09-05,6000.0,6500.0,6250.0,6250.0,quintal,6250.0,₹/quintal,True
Tamil Nadu,Tuticorin,Kovilpatti,Snakeguard,Snakeguard,Local,2026-09-05,4500.0,5000.0,4750.0,4750.0,quintal,4750.0,₹/quintal,True
Tamil Nadu,Tuticorin,Kovilpatti,Thondekai,Thondekai,Local,2026-09-05,4500.0,5000.0,4750.0,4750.0,quintal,4750.0,₹/quintal,True
Tamil Nadu,Tuticorin,Kovilpatti,Tomato,Local,Local,2026-09-05,2500.0,3000.0,2750.0,2750.0,quintal,2750.0,₹/quintal,True
Tamil Nadu,Tuticorin,Kovilpatti,Yam(Ratalu),Yam (Ratalu),Local,2026-09-05,7000.0,7500.0,7250.0,7250.0,quintal,7250.0,₹/quintal,True
Tamil Nadu,Tuticorin,Tuticorin,Amaranthus,Amaranthus,Local,2026-09-05,800.0,1000.0,900.0,900.0,quintal,900.0,₹/quintal,True
Tamil Nadu,Tuticorin,Tuticorin,Amla(Nelli Kai),Amla,Local,2026-09-05,6500.0,7000.0,6750.0,6750.0,quintal,6750.0,₹/quintal,True
Tamil Nadu,Tuticorin,Tuticorin,Apple,American,Local,2026-09-05,19000.0,20000.0,19500.0,19500.0,quintal,19500.0,₹/quintal,True
Tamil Nadu,Tuticorin,Tuticorin,Ashgourd,Gouard,Local,2026-09-05,1500.0,2000.0,1750.0,1750.0,quintal,1750.0,₹/quintal,True
Tamil Nadu,Tuticorin,Tuticorin,Banana,Besrai,Local,2026-09-05,2500.0,3000.0,2750.0,2750.0,quintal,2750.0,₹/quintal,True
Tamil Nadu,Tuticorin,Tuticorin,Banana - Green,Banana - Green,Local,2026-09-05,2500.0,3000.0,2750.0,2750.0,quintal,2750.0,₹/quintal,True
Tamil Nadu,Tuticorin,Tuticorin,Beans,Beans (Whole),Local,2026-09-05,11000.0,12000.0,11500.0,11500.0,quintal,11500.0,₹/quintal,True
Tamil Nadu,Tuticorin,Tuticorin,Beetroot,Beetroot,Local,2026-09-05,5000.0,5500.0,5250.0,5250.0,quintal,5250.0,₹/quintal,True
Tamil Nadu,Tuticorin,Tuticorin,Bhindi(Ladies Finger),Bhindi,Local,2026-09-05,3000.0,3500.0,3250.0,3250.0,quintal,3250.0,₹/quintal,True
Tamil Nadu,Tuticorin,Tuticorin,Bitter gourd,Other,Local,2026-09-05,5000.0,6000.0,5500.0,5500.0,quintal,5500.0,₹/quintal,True
Tamil Nadu,Tuticorin,Tuticorin,Bottle gourd,Bottle Gourd,Local,2026-09-05,1500.0,2000.0,1750.0,1750.0,quintal,1750.0,₹/quintal,True
Tamil Nadu,Tuticorin,Tuticorin,Brinjal,Round,Local,2026-09-05,3000.0,3500.0,3250.0,3250.0,quintal,3250.0,₹/quintal,True
Tamil Nadu,Tuticorin,Tuticorin,Cabbage,Cabbage,Local,2026-09-05,3000.0,3500.0,3250.0,3250.0,quintal,3250.0,₹/quintal,True
Tamil Nadu,Tuticorin,Tuticorin,Capsicum,Capsicum,Local,2026-09-05,7500.0,8000.0,7750.0,7750.0,quintal,7750.0,₹/quintal,True
Tamil Nadu,Tuticorin,Tuticorin,Carrot,Pusakesar,Local,2026-09-05,7500.0,8000.0,7750.0,7750.0,quintal,7750.0,₹/quintal,True
Tamil Nadu,Tuticorin,Tuticorin,Cauliflower,Ranchi,Local,2026-09-05,4500.0,5000.0,4750.0,4750.0,quintal,4750.0,₹/quintal,True
Tamil Nadu,Tuticorin,Tuticorin,Chikoos(Sapota),Sapota,Local,2026-09-05,5000.0,6000.0,5500.0,5500.0,quintal,5500.0,₹/quintal,True
Tamil Nadu,Tuticorin,Tuticorin,Chow Chow,Chow Chow,Local,2026-09-05,3500.0,4000.0,3750.0,3750.0,quintal,3750.0,₹/quintal,True
Tamil Nadu,Tuticorin,Tuticorin,Cluster beans,Cluster Beans,Local,2026-09-05,3500.0,4000.0,3750.0,3750.0,quintal,3750.0,₹/quintal,True
Tamil Nadu,Tuticorin,Tuticorin,Coconut,Coconut,Local,2026-09-05,6500.0,7000.0,6750.0,6750.0,quintal,6750.0,₹/quintal,True
Tamil Nadu,Tuticorin,Tuticorin,Colacasia,Colacasia,Local,2026-09-05,6500.0,7000.0,6750.0,6750.0,quintal,6750.0,₹/quintal,True
Tamil Nadu,Tuticorin,Tuticorin,Coriander(Leaves),I Sort,Local,2026-09-05,4500.0,5000.0,4750.0,4750.0,quintal,4750.0,₹/quintal,True
Tamil Nadu,Tuticorin,Tuticorin,Cowpea(Veg),Cowpea (Veg),Local,2026-09-05,3000.0,3500.0,3250.0,3250.0,quintal,3250.0,₹/quintal,True
Tamil Nadu,Tuticorin,Tuticorin,Cucumbar(Kheera),Cucumbar,Local,2026-09-05,5000.0,6000.0,5500.0,5500.0,quintal,5500.0,₹/quintal,True
Tamil Nadu,Tuticorin,Tuticorin,Drumstick,Drumstick,Local,2026-09-05,6500.0,7000.0,6750.0,6750.0,quintal,6750.0,₹/quintal,True
Tamil Nadu,Tuticorin,Tuticorin,Elephant Yam(Suran)/Amorphophallus,Elephant Yam (Suran),Local,2026-09-05,4500.0,5000.0,4750.0,4750.0,quintal,4750.0,₹/quintal,True
Tamil Nadu,Tuticorin,Tuticorin,Garlic,Garlic,Local,2026-09-05,21000.0,22000.0,21500.0,21500.0,quintal,21500.0,₹/quintal,True
Tamil Nadu,Tuticorin,Tuticorin,Ginger(Green),Green Ginger,Local,2026-09-05,19000.0,20000.0,19500.0,19500.0,quintal,19500.0,₹/quintal,True
Tamil Nadu,Tuticorin,Tuticorin,Grapes,Annabesahai,Local,2026-09-05,13000.0,14000.0,13500.0,13500.0,quintal,13500.0,₹/quintal,True
Tamil Nadu,Tuticorin,Tuticorin,Green Avare(W),Other,Local,2026-09-05,5000.0,6000.0,5500.0,5500.0,quintal,5500.0,₹/quintal,True
Tamil Nadu,Tuticorin,Tuticorin,Green Chilli,Green Chilly,Local,2026-09-05,6500.0,7000.0,6750.0,6750.0,quintal,6750.0,₹/quintal,True
Tamil Nadu,Tuticorin,Tuticorin,Green Peas,Green Peas,Local,2026-09-05,15000.0,16000.0,15500.0,15500.0,quintal,15500.0,₹/quintal,True
Tamil Nadu,Tuticorin,Tuticorin,Guava,Guava Allahabad,Local,2026-09-05,5000.0,6000.0,5500.0,5500.0,quintal,5500.0,₹/quintal,True
Tamil Nadu,Tuticorin,Tuticorin,Jack Fruit(Ripe),Jack Fruit,Local,2026-09-05,5000.0,6000.0,5500.0,5500.0,quintal,5500.0,₹/quintal,True
Tamil Nadu,Tuticorin,Tuticorin,Lemon,Lemon,Local,2026-09-05,27000.0,28000.0,27500.0,27500.0,quintal,27500.0,₹/quintal,True
Tamil Nadu,Tuticorin,Tuticorin,Mango(Raw-Ripe),Mango - Raw-Ripe,Local,2026-09-05,9000.0,10000.0,9500.0,9500.0,quintal,9500.0,₹/quintal,True
Tamil Nadu,Tuticorin,Tuticorin,Mashrooms,Mashrooms,Local,2026-09-05,24000.0,25000.0,24500.0,24500.0,quintal,24500.0,₹/quintal,True
Tamil Nadu,Tuticorin,Tuticorin,Mint(Pudina),Mint(Pudina),Local,2026-09-05,4500.0,5000.0,4750.0,4750.0,quintal,4750.0,₹/quintal,True
Tamil Nadu,Tuticorin,Tuticorin,Onion,Bellary,Local,2026-09-05,5000.0,6000.0,5500.0,5500.0,quintal,5500.0,₹/quintal,True
Tamil Nadu,Tuticorin,Tuticorin,Onion Green,Onion Green,Local,2026-09-05,7500.0,8000.0,7750.0,7750.0,quintal,7750.0,₹/quintal,True
Tamil Nadu,Tuticorin,Tuticorin,Orange,Darjeeling,Local,2026-09-05,14000.0,15000.0,14500.0,14500.0,quintal,14500.0,₹/quintal,True
Tamil Nadu,Tuticorin,Tuticorin,Papaya,Papaya,Local,2026-09-05,4500.0,5000.0,4750.0,4750.0,quintal,4750.0,₹/quintal,True
Tamil Nadu,Tuticorin,Tuticorin,Pomegranate,Pomogranate,Local,2026-09-05,21000.0,22000.0,21500.0,21500.0,quintal,21500.0,₹/quintal,True
Tamil Nadu,Tuticorin,Tuticorin,Potato,Other,Local,2026-09-05,3000.0,3500.0,3250.0,3250.0,quintal,3250.0,₹/quintal,True
Tamil Nadu,Tuticorin,Tuticorin,Pumpkin,Pumpkin,Local,2026-09-05,1500.0,2000.0,1750.0,1750.0,quintal,1750.0,₹/quintal,True
Tamil Nadu,Tuticorin,Tuticorin,Raddish,Raddish,Local,2026-09-05,3000.0,3500.0,3250.0,3250.0,quintal,3250.0,₹/quintal,True
Tamil Nadu,Tuticorin,Tuticorin,Ridgeguard(Tori),Ridgeguard(Tori),Local,2026-09-05,4500.0,5000.0,4750.0,4750.0,quintal,4750.0,₹/quintal,True
Tamil Nadu,Tuticorin,Tuticorin,Snakeguard,Snakeguard,Local,2026-09-05,4500.0,5000.0,4750.0,4750.0,quintal,4750.0,₹/quintal,True
Tamil Nadu,Tuticorin,Tuticorin,Sweet Corn ,Sweet Corn ,Local,2026-09-05,5000.0,6000.0,5500.0,5500.0,quintal,5500.0,₹/quintal,True
Tamil Nadu,Tuticorin,Tuticorin,Sweet Potato,Hosur Red,Local,2026-09-05,7500.0,8000.0,7750.0,7750.0,quintal,7750.0,₹/quintal,True
Tamil Nadu,Tuticorin,Tuticorin,Tapioca,Tapioca,Local,2026-09-05,3000.0,3500.0,3250.0,3250.0,quintal,3250.0,₹/quintal,True
Tamil Nadu,Tuticorin,Tuticorin,Thondekai,Thondekai,Local,2026-09-05,4500.0,5000.0,4750.0,4750.0,quintal,4750.0,₹/quintal,True
Tamil Nadu,Tuticorin,Tuticorin,Tomato,Local,Local,2026-09-05,2500.0,3000.0,2750.0,2750.0,quintal,2750.0,₹/quintal,True
Tamil Nadu,Tuticorin,Tuticorin,Water Melon,Water Melon,Local,2026-09-05,1500.0,2000.0,1750.0,1750.0,quintal,1750.0,₹/quintal,True
Tamil Nadu,Tuticorin,Tuticorin,Yam(Ratalu),Yam (Ratalu),Local,2026-09-05,9000.0,10000.0,9500.0,9500.0,quintal,9500.0,₹/quintal,True
Tamil Nadu,Vellore,Gudiyatham,Amaranthus,Amaranthus,Local,2026-09-05,4000.0,4000.0,4000.0,4000.0,quintal,4000.0,₹/quintal,True
Tamil Nadu,Vellore,Gudiyatham,Ashgourd,Gouard,Local,2026-09-05,2400.0,2400.0,2400.0,2400.0,quintal,2400.0,₹/quintal,True
Tamil Nadu,Vellore,Gudiyatham,Banana,Red Banana,Local,2026-09-05,8500.0,8500.0,8500.0,8500.0,quintal,8500.0,₹/quintal,True
Tamil Nadu,Vellore,Gudiyatham,Banana - Green,Banana - Green,Local,2026-09-05,4000.0,4000.0,4000.0,4000.0,quintal,4000.0,₹/quintal,True
Tamil Nadu,Vellore,Gudiyatham,Beans,Beans (Whole),Local,2026-09-05,6600.0,7600.0,7100.0,7100.0,quintal,7100.0,₹/quintal,True
Tamil Nadu,Vellore,Gudiyatham,Beetroot,Beetroot,Local,2026-09-05,4600.0,4600.0,4600.0,4600.0,quintal,4600.0,₹/quintal,True
Tamil Nadu,Vellore,Gudiyatham,Bhindi(Ladies Finger),Bhindi,Local,2026-09-05,1800.0,2000.0,1900.0,1900.0,quintal,1900.0,₹/quintal,True
Tamil Nadu,Vellore,Gudiyatham,Bitter gourd,Bitter Gourd,Local,2026-09-05,3600.0,3600.0,3600.0,3600.0,quintal,3600.0,₹/quintal,True
Tamil Nadu,Vellore,Gudiyatham,Bottle gourd,Bottle Gourd,Local,2026-09-05,1800.0,1800.0,1800.0,1800.0,quintal,1800.0,₹/quintal,True
Tamil Nadu,Vellore,Gudiyatham,Brinjal,Other,Local,2026-09-05,3000.0,3000.0,3000.0,3000.0,quintal,3000.0,₹/quintal,True
Tamil Nadu,Vellore,Gudiyatham,Cabbage,Cabbage,Local,2026-09-05,3000.0,3000.0,3000.0,3000.0,quintal,3000.0,₹/quintal,True
Tamil Nadu,Vellore,Gudiyatham,Carrot,Pusakesar,Local,2026-09-05,5600.0,5600.0,5600.0,5600.0,quintal,5600.0,₹/quintal,True
Tamil Nadu,Vellore,Gudiyatham,Chow Chow,Chow Chow,Local,2026-09-05,4600.0,4600.0,4600.0,4600.0,quintal,4600.0,₹/quintal,True
Tamil Nadu,Vellore,Gudiyatham,Cluster beans,Cluster Beans,Local,2026-09-05,2400.0,2400.0,2400.0,2400.0,quintal,2400.0,₹/quintal,True
Tamil Nadu,Vellore,Gudiyatham,Coconut,Coconut,Local,2026-09-05,4000.0,4000.0,4000.0,4000.0,quintal,4000.0,₹/quintal,True
Tamil Nadu,Vellore,Gudiyatham,Colacasia,Colacasia,Local,2026-09-05,5600.0,5600.0,5600.0,5600.0,quintal,5600.0,₹/quintal,True
Tamil Nadu,Vellore,Gudiyatham,Coriander(Leaves),I Sort,Local,2026-09-05,5000.0,5000.0,5000.0,5000.0,quintal,5000.0,₹/quintal,True
Tamil Nadu,Vellore,Gudiyatham,Cowpea(Veg),Cowpea (Veg),Local,2026-09-05,5600.0,5600.0,5600.0,5600.0,quintal,5600.0,₹/quintal,True
Tamil Nadu,Vellore,Gudiyatham,Cucumbar(Kheera),Cucumbar,Local,2026-09-05,3600.0,3600.0,3600.0,3600.0,quintal,3600.0,₹/quintal,True
Tamil Nadu,Vellore,Gudiyatham,Custard Apple(Sharifa),Custard Apple(Sharifa),Local,2026-09-05,4000.0,4000.0,4000.0,4000.0,quintal,4000.0,₹/quintal,True
Tamil Nadu,Vellore,Gudiyatham,Drumstick,Drumstick,Local,2026-09-05,1800.0,2000.0,1900.0,1900.0,quintal,1900.0,₹/quintal,True
Tamil Nadu,Vellore,Gudiyatham,Garlic,Garlic,Local,2026-09-05,23000.0,23000.0,23000.0,23000.0,quintal,23000.0,₹/quintal,True
Tamil Nadu,Vellore,Gudiyatham,Ginger(Green),Green Ginger,Local,2026-09-05,19000.0,19000.0,19000.0,19000.0,quintal,19000.0,₹/quintal,True
Tamil Nadu,Vellore,Gudiyatham,Green Avare(W),Green Avare (W),Local,2026-09-05,5600.0,5600.0,5600.0,5600.0,quintal,5600.0,₹/quintal,True
Tamil Nadu,Vellore,Gudiyatham,Green Chilli,Green Chilly,Local,2026-09-05,5600.0,5600.0,5600.0,5600.0,quintal,5600.0,₹/quintal,True
Tamil Nadu,Vellore,Gudiyatham,Groundnut,Big (With Shell),Local,2026-09-05,7600.0,7600.0,7600.0,7600.0,quintal,7600.0,₹/quintal,True
Tamil Nadu,Vellore,Gudiyatham,Guava,Guava Allahabad,Local,2026-09-05,4500.0,5000.0,4750.0,4750.0,quintal,4750.0,₹/quintal,True
Tamil Nadu,Vellore,Gudiyatham,Indian Beans(Seam),Indian Beans (Seam),Local,2026-09-05,5600.0,5600.0,5600.0,5600.0,quintal,5600.0,₹/quintal,True
Tamil Nadu,Vellore,Gudiyatham,Knool Khol,Knool Khol,Local,2026-09-05,3600.0,3600.0,3600.0,3600.0,quintal,3600.0,₹/quintal,True
Tamil Nadu,Vellore,Gudiyatham,Lemon,Lemon,Local,2026-09-05,13000.0,13000.0,13000.0,13000.0,quintal,13000.0,₹/quintal,True
Tamil Nadu,Vellore,Gudiyatham,Lime,Lime,Local,2026-09-05,6000.0,6000.0,6000.0,6000.0,quintal,6000.0,₹/quintal,True
Tamil Nadu,Vellore,Gudiyatham,Mango(Raw-Ripe),Mango - Raw-Ripe,Local,2026-09-05,6600.0,7600.0,7100.0,7100.0,quintal,7100.0,₹/quintal,True
Tamil Nadu,Vellore,Gudiyatham,Mint(Pudina),Mint(Pudina),Local,2026-09-05,4000.0,4000.0,4000.0,4000.0,quintal,4000.0,₹/quintal,True
Tamil Nadu,Vellore,Gudiyatham,Onion,Bellary,Local,2026-09-05,5000.0,5600.0,5300.0,5300.0,quintal,5300.0,₹/quintal,True
Tamil Nadu,Vellore,Gudiyatham,Onion Green,Onion Green,Local,2026-09-05,8600.0,9000.0,8800.0,8800.0,quintal,8800.0,₹/quintal,True
Tamil Nadu,Vellore,Gudiyatham,Papaya,Papaya,Local,2026-09-05,3500.0,4000.0,3750.0,3750.0,quintal,3750.0,₹/quintal,True
Tamil Nadu,Vellore,Gudiyatham,Potato,Red Nanital,Local,2026-09-05,3600.0,4000.0,3800.0,3800.0,quintal,3800.0,₹/quintal,True
Tamil Nadu,Vellore,Gudiyatham,Pumpkin,Pumpkin,Local,2026-09-05,3000.0,3000.0,3000.0,3000.0,quintal,3000.0,₹/quintal,True
Tamil Nadu,Vellore,Gudiyatham,Raddish,Raddish,Local,2026-09-05,2400.0,2400.0,2400.0,2400.0,quintal,2400.0,₹/quintal,True
Tamil Nadu,Vellore,Gudiyatham,Ridgeguard(Tori),Ridgeguard(Tori),Local,2026-09-05,3600.0,3600.0,3600.0,3600.0,quintal,3600.0,₹/quintal,True
Tamil Nadu,Vellore,Gudiyatham,Snakeguard,Snakeguard,Local,2026-09-05,2400.0,2400.0,2400.0,2400.0,quintal,2400.0,₹/quintal,True
Tamil Nadu,Vellore,Gudiyatham,Sweet Corn ,Sweet Corn ,Local,2026-09-05,2500.0,2500.0,2500.0,2500.0,quintal,2500.0,₹/quintal,True
Tamil Nadu,Vellore,Gudiyatham,Sweet Potato,Hosur Red,Local,2026-09-05,3600.0,3600.0,3600.0,3600.0,quintal,3600.0,₹/quintal,True
Tamil Nadu,Vellore,Gudiyatham,Tamarind Fruit,Tamarind Fruit,Local,2026-09-05,15000.0,15000.0,15000.0,15000.0,quintal,15000.0,₹/quintal,True
Tamil Nadu,Vellore,Gudiyatham,Tapioca,Tapioca,Local,2026-09-05,3000.0,3000.0,3000.0,3000.0,quintal,3000.0,₹/quintal,True
Tamil Nadu,Vellore,Gudiyatham,Tender Coconut,Tender Coconut,Local,2026-09-05,3000.0,3500.0,3250.0,3250.0,quintal,3250.0,₹/quintal,True
Tamil Nadu,Vellore,Gudiyatham,Thondekai,Thondekai,Local,2026-09-05,4600.0,4600.0,4600.0,4600.0,quintal,4600.0,₹/quintal,True
Tamil Nadu,Vellore,Gudiyatham,Tomato,Deshi,Local,2026-09-05,2000.0,2500.0,2250.0,2250.0,quintal,2250.0,₹/quintal,True
Tamil Nadu,Vellore,Gudiyatham,Yam(Ratalu),Yam (Ratalu),Local,2026-09-05,6600.0,6600.0,6600.0,6600.0,quintal,6600.0,₹/quintal,True
Tamil Nadu,Vellore,Kahithapattarai,Amaranthus,Amaranthus,Local,2026-09-05,3000.0,3600.0,3300.0,3300.0,quintal,3300.0,₹/quintal,True
Tamil Nadu,Vellore,Kahithapattarai,Ashgourd,Gouard,Local,2026-09-05,2000.0,2000.0,2000.0,2000.0,quintal,2000.0,₹/quintal,True
Tamil Nadu,Vellore,Kahithapattarai,Banana - Green,Banana - Green,Local,2026-09-05,6000.0,6000.0,6000.0,6000.0,quintal,6000.0,₹/quintal,True
Tamil Nadu,Vellore,Kahithapattarai,Beans,Beans (Whole),Local,2026-09-05,6600.0,8000.0,7300.0,7300.0,quintal,7300.0,₹/quintal,True
Tamil Nadu,Vellore,Kahithapattarai,Beetroot,Beetroot,Local,2026-09-05,4000.0,4000.0,4000.0,4000.0,quintal,4000.0,₹/quintal,True
Tamil Nadu,Vellore,Kahithapattarai,Bhindi(Ladies Finger),Bhindi,Local,2026-09-05,3000.0,3000.0,3000.0,3000.0,quintal,3000.0,₹/quintal,True
Tamil Nadu,Vellore,Kahithapattarai,Bitter gourd,Bitter Gourd,Local,2026-09-05,5000.0,5000.0,5000.0,5000.0,quintal,5000.0,₹/quintal,True
Tamil Nadu,Vellore,Kahithapattarai,Bottle gourd,Bottle Gourd,Local,2026-09-05,1500.0,1500.0,1500.0,1500.0,quintal,1500.0,₹/quintal,True
Tamil Nadu,Vellore,Kahithapattarai,Brinjal,Other,Local,2026-09-05,4000.0,4600.0,4300.0,4300.0,quintal,4300.0,₹/quintal,True
Tamil Nadu,Vellore,Kahithapattarai,Cabbage,Cabbage,Local,2026-09-05,2500.0,2500.0,2500.0,2500.0,quintal,2500.0,₹/quintal,True
Tamil Nadu,Vellore,Kahithapattarai,Capsicum,Capsicum,Local,2026-09-05,4600.0,4600.0,4600.0,4600.0,quintal,4600.0,₹/quintal,True
Tamil Nadu,Vellore,Kahithapattarai,Carrot,Pusakesar,Local,2026-09-05,4600.0,4600.0,4600.0,4600.0,quintal,4600.0,₹/quintal,True
Tamil Nadu,Vellore,Kahithapattarai,Cauliflower,Ranchi,Local,2026-09-05,2500.0,2500.0,2500.0,2500.0,quintal,2500.0,₹/quintal,True
Tamil Nadu,Vellore,Kahithapattarai,Chow Chow,Chow Chow,Local,2026-09-05,3000.0,3000.0,3000.0,3000.0,quintal,3000.0,₹/quintal,True
Tamil Nadu,Vellore,Kahithapattarai,Cluster beans,Cluster Beans,Local,2026-09-05,2500.0,2500.0,2500.0,2500.0,quintal,2500.0,₹/quintal,True
Tamil Nadu,Vellore,Kahithapattarai,Coconut,Coconut,Local,2026-09-05,2500.0,2500.0,2500.0,2500.0,quintal,2500.0,₹/quintal,True
Tamil Nadu,Vellore,Kahithapattarai,Colacasia,Colacasia,Local,2026-09-05,4000.0,4000.0,4000.0,4000.0,quintal,4000.0,₹/quintal,True
Tamil Nadu,Vellore,Kahithapattarai,Coriander(Leaves),I Sort,Local,2026-09-05,3000.0,3000.0,3000.0,3000.0,quintal,3000.0,₹/quintal,True
Tamil Nadu,Vellore,Kahithapattarai,Cowpea(Veg),Cowpea (Veg),Local,2026-09-05,2500.0,2500.0,2500.0,2500.0,quintal,2500.0,₹/quintal,True
Tamil Nadu,Vellore,Kahithapattarai,Cucumbar(Kheera),Cucumbar,Local,2026-09-05,2500.0,2500.0,2500.0,2500.0,quintal,2500.0,₹/quintal,True
Tamil Nadu,Vellore,Kahithapattarai,Drumstick,Drumstick,Local,2026-09-05,3000.0,3000.0,3000.0,3000.0,quintal,3000.0,₹/quintal,True
Tamil Nadu,Vellore,Kahithapattarai,Garlic,Garlic,Local,2026-09-05,22000.0,22000.0,22000.0,22000.0,quintal,22000.0,₹/quintal,True
Tamil Nadu,Vellore,Kahithapattarai,Ginger(Green),Green Ginger,Local,2026-09-05,7000.0,7000.0,7000.0,7000.0,quintal,7000.0,₹/quintal,True
Tamil Nadu,Vellore,Kahithapattarai,Green Avare(W),Other,Local,2026-09-05,5000.0,5000.0,5000.0,5000.0,quintal,5000.0,₹/quintal,True
Tamil Nadu,Vellore,Kahithapattarai,Green Chilli,Green Chilly,Local,2026-09-05,4600.0,4600.0,4600.0,4600.0,quintal,4600.0,₹/quintal,True
Tamil Nadu,Vellore,Kahithapattarai,Groundnut,Big (With Shell),Local,2026-09-05,7000.0,7000.0,7000.0,7000.0,quintal,7000.0,₹/quintal,True
Tamil Nadu,Vellore,Kahithapattarai,Indian Beans(Seam),Indian Beans (Seam),Local,2026-09-05,5000.0,5000.0,5000.0,5000.0,quintal,5000.0,₹/quintal,True
Tamil Nadu,Vellore,Kahithapattarai,Knool Khol,Knool Khol,Local,2026-09-05,2500.0,2500.0,2500.0,2500.0,quintal,2500.0,₹/quintal,True
Tamil Nadu,Vellore,Kahithapattarai,Mango(Raw-Ripe),Mango - Raw-Ripe,Local,2026-09-05,9000.0,9000.0,9000.0,9000.0,quintal,9000.0,₹/quintal,True
Tamil Nadu,Vellore,Kahithapattarai,Mashrooms,Mashrooms,Local,2026-09-05,30000.0,30000.0,30000.0,30000.0,quintal,30000.0,₹/quintal,True
Tamil Nadu,Vellore,Kahithapattarai,Mint(Pudina),Mint(Pudina),Local,2026-09-05,6000.0,6000.0,6000.0,6000.0,quintal,6000.0,₹/quintal,True
Tamil Nadu,Vellore,Kahithapattarai,Onion,Bellary,Local,2026-09-05,6000.0,6000.0,6000.0,6000.0,quintal,6000.0,₹/quintal,True
Tamil Nadu,Vellore,Kahithapattarai,Onion Green,Onion Green,Local,2026-09-05,8500.0,8500.0,8500.0,8500.0,quintal,8500.0,₹/quintal,True
Tamil Nadu,Vellore,Kahithapattarai,Potato,Other,Local,2026-09-05,2400.0,2400.0,2400.0,2400.0,quintal,2400.0,₹/quintal,True
Tamil Nadu,Vellore,Kahithapattarai,Pumpkin,Pumpkin,Local,2026-09-05,2000.0,2000.0,2000.0,2000.0,quintal,2000.0,₹/quintal,True
Tamil Nadu,Vellore,Kahithapattarai,Raddish,Raddish,Local,2026-09-05,2500.0,2500.0,2500.0,2500.0,quintal,2500.0,₹/quintal,True
Tamil Nadu,Vellore,Kahithapattarai,Ridgeguard(Tori),Ridgeguard(Tori),Local,2026-09-05,3500.0,3500.0,3500.0,3500.0,quintal,3500.0,₹/quintal,True
Tamil Nadu,Vellore,Kahithapattarai,Snakeguard,Snakeguard,Local,2026-09-05,2500.0,2500.0,2500.0,2500.0,quintal,2500.0,₹/quintal,True
Tamil Nadu,Vellore,Kahithapattarai,Sweet Corn ,Sweet Corn ,Local,2026-09-05,3000.0,3500.0,3250.0,3250.0,quintal,3250.0,₹/quintal,True
Tamil Nadu,Vellore,Kahithapattarai,Sweet Potato,Hosur Red,Local,2026-09-05,3500.0,3500.0,3500.0,3500.0,quintal,3500.0,₹/quintal,True
Tamil Nadu,Vellore,Kahithapattarai,Tapioca,Tapioca,Local,2026-09-05,3500.0,3500.0,3500.0,3500.0,quintal,3500.0,₹/quintal,True
Tamil Nadu,Vellore,Kahithapattarai,Thondekai,Thondekai,Local,2026-09-05,3500.0,3500.0,3500.0,3500.0,quintal,3500.0,₹/quintal,True
Tamil Nadu,Vellore,Kahithapattarai,Yam(Ratalu),Yam (Ratalu),Local,2026-09-05,5000.0,5000.0,5000.0,5000.0,quintal,5000.0,₹/quintal,True
Tamil Nadu,Vellore,Katpadi,Amaranthus,Amaranthus,Local,2026-09-05,3500.0,3500.0,3500.0,3500.0,quintal,3500.0,₹/quintal,True
Tamil Nadu,Vellore,Katpadi,Apple,American,Local,2026-09-05,25000.0,25000.0,25000.0,25000.0,quintal,25000.0,₹/quintal,True
Tamil Nadu,Vellore,Katpadi,Ashgourd,Gouard,Local,2026-09-05,2500.0,2500.0,2500.0,2500.0,quintal,2500.0,₹/quintal,True
Tamil Nadu,Vellore,Katpadi,Banana,Besrai,Local,2026-09-05,5000.0,6000.0,5500.0,5500.0,quintal,5500.0,₹/quintal,True
Tamil Nadu,Vellore,Katpadi,Banana - Green,Banana - Green,Local,2026-09-05,3000.0,3000.0,3000.0,3000.0,quintal,3000.0,₹/quintal,True
Tamil Nadu,Vellore,Katpadi,Beans,Beans (Whole),Local,2026-09-05,9000.0,9000.0,9000.0,9000.0,quintal,9000.0,₹/quintal,True
Tamil Nadu,Vellore,Katpadi,Beetroot,Beetroot,Local,2026-09-05,4500.0,4500.0,4500.0,4500.0,quintal,4500.0,₹/quintal,True
Tamil Nadu,Vellore,Katpadi,Bhindi(Ladies Finger),Bhindi,Local,2026-09-05,3500.0,3500.0,3500.0,3500.0,quintal,3500.0,₹/quintal,True
Tamil Nadu,Vellore,Katpadi,Bitter gourd,Bitter Gourd,Local,2026-09-05,3500.0,4500.0,4000.0,4000.0,quintal,4000.0,₹/quintal,True
Tamil Nadu,Vellore,Katpadi,Bottle gourd,Bottle Gourd,Local,2026-09-05,2000.0,2500.0,2250.0,2250.0,quintal,2250.0,₹/quintal,True
Tamil Nadu,Vellore,Katpadi,Brinjal,Round,Local,2026-09-05,3000.0,4000.0,3500.0,3500.0,quintal,3500.0,₹/quintal,True
Tamil Nadu,Vellore,Katpadi,Cabbage,Cabbage,Local,2026-09-05,2500.0,2500.0,2500.0,2500.0,quintal,2500.0,₹/quintal,True
Tamil Nadu,Vellore,Katpadi,Capsicum,Capsicum,Local,2026-09-05,5000.0,5000.0,5000.0,5000.0,quintal,5000.0,₹/quintal,True
Tamil Nadu,Vellore,Katpadi,Carrot,Pusakesar,Local,2026-09-05,4500.0,5500.0,5000.0,5000.0,quintal,5000.0,₹/quintal,True
Tamil Nadu,Vellore,Katpadi,Cauliflower,Ranchi,Local,2026-09-05,2500.0,3000.0,2750.0,2750.0,quintal,2750.0,₹/quintal,True
Tamil Nadu,Vellore,Katpadi,Chow Chow,Chow Chow,Local,2026-09-05,3000.0,3000.0,3000.0,3000.0,quintal,3000.0,₹/quintal,True
Tamil Nadu,Vellore,Katpadi,Cluster beans,Cluster Beans,Local,2026-09-05,2500.0,2500.0,2500.0,2500.0,quintal,2500.0,₹/quintal,True
Tamil Nadu,Vellore,Katpadi,Coconut,Coconut,Local,2026-09-05,3000.0,3500.0,3250.0,3250.0,quintal,3250.0,₹/quintal,True
Tamil Nadu,Vellore,Katpadi,Colacasia,Colacasia,Local,2026-09-05,4000.0,4000.0,4000.0,4000.0,quintal,4000.0,₹/quintal,True
Tamil Nadu,Vellore,Katpadi,Coriander(Leaves),I Sort,Local,2026-09-05,3000.0,3000.0,3000.0,3000.0,quintal,3000.0,₹/quintal,True
Tamil Nadu,Vellore,Katpadi,Cowpea(Veg),Cowpea (Veg),Local,2026-09-05,5000.0,5000.0,5000.0,5000.0,quintal,5000.0,₹/quintal,True
Tamil Nadu,Vellore,Katpadi,Cucumbar(Kheera),Cucumbar,Local,2026-09-05,3500.0,4000.0,3750.0,3750.0,quintal,3750.0,₹/quintal,True
Tamil Nadu,Vellore,Katpadi,Drumstick,Drumstick,Local,2026-09-05,2500.0,2500.0,2500.0,2500.0,quintal,2500.0,₹/quintal,True
Tamil Nadu,Vellore,Katpadi,Elephant Yam(Suran)/Amorphophallus,Elephant Yam (Suran),Local,2026-09-05,5000.0,5000.0,5000.0,5000.0,quintal,5000.0,₹/quintal,True
Tamil Nadu,Vellore,Katpadi,Garlic,Garlic,Local,2026-09-05,21000.0,21000.0,21000.0,21000.0,quintal,21000.0,₹/quintal,True
Tamil Nadu,Vellore,Katpadi,Ginger(Green),Green Ginger,Local,2026-09-05,16000.0,16000.0,16000.0,16000.0,quintal,16000.0,₹/quintal,True
Tamil Nadu,Vellore,Katpadi,Green Avare(W),Green Avare (W),Local,2026-09-05,6000.0,6000.0,6000.0,6000.0,quintal,6000.0,₹/quintal,True
Tamil Nadu,Vellore,Katpadi,Green Chilli,Green Chilly,Local,2026-09-05,4000.0,4500.0,4250.0,4250.0,quintal,4250.0,₹/quintal,True
Tamil Nadu,Vellore,Katpadi,Groundnut,Big (With Shell),Local,2026-09-05,8000.0,8000.0,8000.0,8000.0,quintal,8000.0,₹/quintal,True
Tamil Nadu,Vellore,Katpadi,Guava,Guava Allahabad,Local,2026-09-05,4500.0,5000.0,4750.0,4750.0,quintal,4750.0,₹/quintal,True
Tamil Nadu,Vellore,Katpadi,Indian Beans(Seam),Indian Beans (Seam),Local,2026-09-05,5000.0,5000.0,5000.0,5000.0,quintal,5000.0,₹/quintal,True
Tamil Nadu,Vellore,Katpadi,Knool Khol,Knool Khol,Local,2026-09-05,2500.0,2500.0,2500.0,2500.0,quintal,2500.0,₹/quintal,True
Tamil Nadu,Vellore,Katpadi,Lemon,Lemon,Local,2026-09-05,12000.0,12000.0,12000.0,12000.0,quintal,12000.0,₹/quintal,True
Tamil Nadu,Vellore,Katpadi,Marigold(Calcutta),Marigold(Calcutta),Local,2026-09-05,20000.0,20000.0,20000.0,20000.0,quintal,20000.0,₹/quintal,True
Tamil Nadu,Vellore,Katpadi,Mint(Pudina),Mint(Pudina),Local,2026-09-05,3500.0,3500.0,3500.0,3500.0,quintal,3500.0,₹/quintal,True
Tamil Nadu,Vellore,Katpadi,Mousambi(Sweet Lime),Mousambi,Local,2026-09-05,10000.0,10000.0,10000.0,10000.0,quintal,10000.0,₹/quintal,True
Tamil Nadu,Vellore,Katpadi,Onion,Bellary,Local,2026-09-05,6000.0,6000.0,6000.0,6000.0,quintal,6000.0,₹/quintal,True
Tamil Nadu,Vellore,Katpadi,Onion Green,Onion Green,Local,2026-09-05,8000.0,8000.0,8000.0,8000.0,quintal,8000.0,₹/quintal,True
Tamil Nadu,Vellore,Katpadi,Papaya,Papaya,Local,2026-09-05,4000.0,4500.0,4250.0,4250.0,quintal,4250.0,₹/quintal,True
Tamil Nadu,Vellore,Katpadi,Pomegranate,Pomogranate,Local,2026-09-05,18000.0,18000.0,18000.0,18000.0,quintal,18000.0,₹/quintal,True
Tamil Nadu,Vellore,Katpadi,Potato,Red Nanital,Local,2026-09-05,2500.0,3800.0,3150.0,3150.0,quintal,3150.0,₹/quintal,True
Tamil Nadu,Vellore,Katpadi,Pumpkin,Pumpkin,Local,2026-09-05,2500.0,2500.0,2500.0,2500.0,quintal,2500.0,₹/quintal,True
Tamil Nadu,Vellore,Katpadi,Raddish,Raddish,Local,2026-09-05,2000.0,2000.0,2000.0,2000.0,quintal,2000.0,₹/quintal,True
Tamil Nadu,Vellore,Katpadi,Ridgeguard(Tori),Ridgeguard(Tori),Local,2026-09-05,4000.0,4500.0,4250.0,4250.0,quintal,4250.0,₹/quintal,True
Tamil Nadu,Vellore,Katpadi,Rose(Local),Rose (Local),Local,2026-09-05,14000.0,14000.0,14000.0,14000.0,quintal,14000.0,₹/quintal,True
Tamil Nadu,Vellore,Katpadi,Snakeguard,Snakeguard,Local,2026-09-05,3000.0,3000.0,3000.0,3000.0,quintal,3000.0,₹/quintal,True
Tamil Nadu,Vellore,Katpadi,Sweet Corn ,Sweet Corn ,Local,2026-09-05,2500.0,3000.0,2750.0,2750.0,quintal,2750.0,₹/quintal,True
Tamil Nadu,Vellore,Katpadi,Sweet Potato,Hosur Red,Local,2026-09-05,3000.0,3000.0,3000.0,3000.0,quintal,3000.0,₹/quintal,True
Tamil Nadu,Vellore,Katpadi,Tapioca,Tapioca,Local,2026-09-05,3500.0,3500.0,3500.0,3500.0,quintal,3500.0,₹/quintal,True
Tamil Nadu,Vellore,Katpadi,Tender Coconut,Tender Coconut,Local,2026-09-05,2500.0,3000.0,2750.0,2750.0,quintal,2750.0,₹/quintal,True
Tamil Nadu,Vellore,Katpadi,Thondekai,Thondekai,Local,2026-09-05,3500.0,3500.0,3500.0,3500.0,quintal,3500.0,₹/quintal,True
Tamil Nadu,Vellore,Katpadi,Tomato,Deshi,Local,2026-09-05,3000.0,3000.0,3000.0,3000.0,quintal,3000.0,₹/quintal,True
Tamil Nadu,Vellore,Katpadi,Yam(Ratalu),Yam (Ratalu),Local,2026-09-05,4000.0,4000.0,4000.0,4000.0,quintal,4000.0,₹/quintal,True
Tamil Nadu,Vellore,Pallikonda,Ashgourd,Gouard,Local,2026-09-05,2500.0,2500.0,2500.0,2500.0,quintal,2500.0,₹/quintal,True
Tamil Nadu,Vellore,Pallikonda,Banana - Green,Banana - Green,Local,2026-09-05,2500.0,3000.0,2750.0,2750.0,quintal,2750.0,₹/quintal,True
Tamil Nadu,Vellore,Pallikonda,Beans,Beans (Whole),Local,2026-09-05,7000.0,7500.0,7250.0,7250.0,quintal,7250.0,₹/quintal,True
Tamil Nadu,Vellore,Pallikonda,Beetroot,Beetroot,Local,2026-09-05,4000.0,4000.0,4000.0,4000.0,quintal,4000.0,₹/quintal,True
Tamil Nadu,Vellore,Pallikonda,Bhindi(Ladies Finger),Bhindi,Local,2026-09-05,2500.0,3000.0,2750.0,2750.0,quintal,2750.0,₹/quintal,True
Tamil Nadu,Vellore,Pallikonda,Bitter gourd,Bitter Gourd,Local,2026-09-05,4500.0,4500.0,4500.0,4500.0,quintal,4500.0,₹/quintal,True
Tamil Nadu,Vellore,Pallikonda,Bottle gourd,Bottle Gourd,Local,2026-09-05,2000.0,2500.0,2250.0,2250.0,quintal,2250.0,₹/quintal,True
Tamil Nadu,Vellore,Pallikonda,Brinjal,Round,Local,2026-09-05,4000.0,4500.0,4250.0,4250.0,quintal,4250.0,₹/quintal,True
Tamil Nadu,Vellore,Pallikonda,Cabbage,Cabbage,Local,2026-09-05,2500.0,2500.0,2500.0,2500.0,quintal,2500.0,₹/quintal,True
Tamil Nadu,Vellore,Pallikonda,Carrot,Pusakesar,Local,2026-09-05,4000.0,4000.0,4000.0,4000.0,quintal,4000.0,₹/quintal,True
Tamil Nadu,Vellore,Pallikonda,Chow Chow,Chow Chow,Local,2026-09-05,3000.0,3000.0,3000.0,3000.0,quintal,3000.0,₹/quintal,True
Tamil Nadu,Vellore,Pallikonda,Cluster beans,Cluster Beans,Local,2026-09-05,3000.0,3000.0,3000.0,3000.0,quintal,3000.0,₹/quintal,True
Tamil Nadu,Vellore,Pallikonda,Coconut,Coconut,Local,2026-09-05,3500.0,4000.0,3750.0,3750.0,quintal,3750.0,₹/quintal,True
Tamil Nadu,Vellore,Pallikonda,Colacasia,Colacasia,Local,2026-09-05,4000.0,4000.0,4000.0,4000.0,quintal,4000.0,₹/quintal,True
Tamil Nadu,Vellore,Pallikonda,Coriander(Leaves),I Sort,Local,2026-09-05,3000.0,3000.0,3000.0,3000.0,quintal,3000.0,₹/quintal,True
Tamil Nadu,Vellore,Pallikonda,Cucumbar(Kheera),Cucumbar,Local,2026-09-05,4000.0,4000.0,4000.0,4000.0,quintal,4000.0,₹/quintal,True
Tamil Nadu,Vellore,Pallikonda,Drumstick,Drumstick,Local,2026-09-05,3500.0,3500.0,3500.0,3500.0,quintal,3500.0,₹/quintal,True
Tamil Nadu,Vellore,Pallikonda,Green Avare(W),Green Avare (W),Local,2026-09-05,5500.0,6000.0,5750.0,5750.0,quintal,5750.0,₹/quintal,True
Tamil Nadu,Vellore,Pallikonda,Green Chilli,Green Chilly,Local,2026-09-05,3000.0,3500.0,3250.0,3250.0,quintal,3250.0,₹/quintal,True
Tamil Nadu,Vellore,Pallikonda,Onion,Bellary,Local,2026-09-05,5000.0,5500.0,5250.0,5250.0,quintal,5250.0,₹/quintal,True
Tamil Nadu,Vellore,Perampet,Amaranthus,Amaranthus,Local,2026-09-05,4000.0,4000.0,4000.0,4000.0,quintal,4000.0,₹/quintal,True
Tamil Nadu,Vellore,Perampet,Amla(Nelli Kai),Amla,Local,2026-09-05,10000.0,10000.0,10000.0,10000.0,quintal,10000.0,₹/quintal,True
Tamil Nadu,Vellore,Perampet,Ashgourd,Gouard,Local,2026-09-05,2400.0,2400.0,2400.0,2400.0,quintal,2400.0,₹/quintal,True
Tamil Nadu,Vellore,Perampet,Banana,Other,Local,2026-09-05,5500.0,5500.0,5500.0,5500.0,quintal,5500.0,₹/quintal,True
Tamil Nadu,Vellore,Perampet,Banana - Green,Banana - Green,Local,2026-09-05,4000.0,4000.0,4000.0,4000.0,quintal,4000.0,₹/quintal,True
Tamil Nadu,Vellore,Perampet,Beans,Beans (Whole),Local,2026-09-05,7000.0,7000.0,7000.0,7000.0,quintal,7000.0,₹/quintal,True
Tamil Nadu,Vellore,Perampet,Beetroot,Beetroot,Local,2026-09-05,4600.0,4600.0,4600.0,4600.0,quintal,4600.0,₹/quintal,True
Tamil Nadu,Vellore,Perampet,Bhindi(Ladies Finger),Bhindi,Local,2026-09-05,2400.0,2400.0,2400.0,2400.0,quintal,2400.0,₹/quintal,True
Tamil Nadu,Vellore,Perampet,Bitter gourd,Bitter Gourd,Local,2026-09-05,3600.0,3600.0,3600.0,3600.0,quintal,3600.0,₹/quintal,True
Tamil Nadu,Vellore,Perampet,Bottle gourd,Bottle Gourd,Local,2026-09-05,1800.0,1800.0,1800.0,1800.0,quintal,1800.0,₹/quintal,True
Tamil Nadu,Vellore,Perampet,Brinjal,Other,Local,2026-09-05,3600.0,3600.0,3600.0,3600.0,quintal,3600.0,₹/quintal,True
Tamil Nadu,Vellore,Perampet,Cabbage,Cabbage,Local,2026-09-05,3000.0,3000.0,3000.0,3000.0,quintal,3000.0,₹/quintal,True
Tamil Nadu,Vellore,Perampet,Carrot,Pusakesar,Local,2026-09-05,5600.0,5600.0,5600.0,5600.0,quintal,5600.0,₹/quintal,True
Tamil Nadu,Vellore,Perampet,Chow Chow,Chow Chow,Local,2026-09-05,4600.0,4600.0,4600.0,4600.0,quintal,4600.0,₹/quintal,True
Tamil Nadu,Vellore,Perampet,Cluster beans,Cluster Beans,Local,2026-09-05,3000.0,3000.0,3000.0,3000.0,quintal,3000.0,₹/quintal,True
Tamil Nadu,Vellore,Perampet,Coconut,Coconut,Local,2026-09-05,3500.0,3500.0,3500.0,3500.0,quintal,3500.0,₹/quintal,True
Tamil Nadu,Vellore,Perampet,Colacasia,Colacasia,Local,2026-09-05,5600.0,5600.0,5600.0,5600.0,quintal,5600.0,₹/quintal,True
Tamil Nadu,Vellore,Perampet,Coriander(Leaves),I Sort,Local,2026-09-05,5000.0,5000.0,5000.0,5000.0,quintal,5000.0,₹/quintal,True
Tamil Nadu,Vellore,Perampet,Cucumbar(Kheera),Cucumbar,Local,2026-09-05,3600.0,3600.0,3600.0,3600.0,quintal,3600.0,₹/quintal,True
Tamil Nadu,Vellore,Perampet,Custard Apple(Sharifa),Custard Apple(Sharifa),Local,2026-09-05,5000.0,5000.0,5000.0,5000.0,quintal,5000.0,₹/quintal,True
Tamil Nadu,Vellore,Perampet,Drumstick,Drumstick,Local,2026-09-05,2000.0,2000.0,2000.0,2000.0,quintal,2000.0,₹/quintal,True
Tamil Nadu,Vellore,Perampet,Garlic,Garlic,Local,2026-09-05,23000.0,23000.0,23000.0,23000.0,quintal,23000.0,₹/quintal,True
Tamil Nadu,Vellore,Perampet,Ginger(Green),Green Ginger,Local,2026-09-05,20000.0,20000.0,20000.0,20000.0,quintal,20000.0,₹/quintal,True
Tamil Nadu,Vellore,Perampet,Green Avare(W),Green Avare (W),Local,2026-09-05,5600.0,5600.0,5600.0,5600.0,quintal,5600.0,₹/quintal,True
Tamil Nadu,Vellore,Perampet,Green Chilli,Green Chilly,Local,2026-09-05,5600.0,5600.0,5600.0,5600.0,quintal,5600.0,₹/quintal,True
Tamil Nadu,Vellore,Perampet,Groundnut,Big (With Shell),Local,2026-09-05,8000.0,8000.0,8000.0,8000.0,quintal,8000.0,₹/quintal,True
Tamil Nadu,Vellore,Perampet,Guava,Guava Allahabad,Local,2026-09-05,4500.0,4500.0,4500.0,4500.0,quintal,4500.0,₹/quintal,True
Tamil Nadu,Vellore,Perampet,Indian Beans(Seam),Indian Beans (Seam),Local,2026-09-05,5600.0,5600.0,5600.0,5600.0,quintal,5600.0,₹/quintal,True
Tamil Nadu,Vellore,Perampet,Lemon,Lemon,Local,2026-09-05,13000.0,13000.0,13000.0,13000.0,quintal,13000.0,₹/quintal,True
Tamil Nadu,Vellore,Perampet,Mint(Pudina),Mint(Pudina),Local,2026-09-05,4000.0,4000.0,4000.0,4000.0,quintal,4000.0,₹/quintal,True
Tamil Nadu,Vellore,Perampet,Onion,Bellary,Local,2026-09-05,5600.0,5600.0,5600.0,5600.0,quintal,5600.0,₹/quintal,True
Tamil Nadu,Vellore,Perampet,Onion Green,Onion Green,Local,2026-09-05,9000.0,9000.0,9000.0,9000.0,quintal,9000.0,₹/quintal,True
Tamil Nadu,Vellore,Perampet,Papaya,Papaya,Local,2026-09-05,3500.0,3500.0,3500.0,3500.0,quintal,3500.0,₹/quintal,True
Tamil Nadu,Vellore,Perampet,Potato,Red Nanital,Local,2026-09-05,3600.0,3600.0,3600.0,3600.0,quintal,3600.0,₹/quintal,True
Tamil Nadu,Vellore,Perampet,Pumpkin,Pumpkin,Local,2026-09-05,3000.0,3000.0,3000.0,3000.0,quintal,3000.0,₹/quintal,True
Tamil Nadu,Vellore,Perampet,Raddish,Raddish,Local,2026-09-05,2400.0,2400.0,2400.0,2400.0,quintal,2400.0,₹/quintal,True
Tamil Nadu,Vellore,Perampet,Ridgeguard(Tori),Ridgeguard(Tori),Local,2026-09-05,3600.0,3600.0,3600.0,3600.0,quintal,3600.0,₹/quintal,True
Tamil Nadu,Vellore,Perampet,Snakeguard,Snakeguard,Local,2026-09-05,2400.0,2400.0,2400.0,2400.0,quintal,2400.0,₹/quintal,True
Tamil Nadu,Vellore,Perampet,Sweet Corn ,Sweet Corn ,Local,2026-09-05,3000.0,3000.0,3000.0,3000.0,quintal,3000.0,₹/quintal,True
Tamil Nadu,Vellore,Perampet,Tender Coconut,Tender Coconut,Local,2026-09-05,3500.0,3500.0,3500.0,3500.0,quintal,3500.0,₹/quintal,True
Tamil Nadu,Vellore,Perampet,Tomato,Deshi,Local,2026-09-05,2400.0,2400.0,2400.0,2400.0,quintal,2400.0,₹/quintal,True
Tamil Nadu,Vellore,Perampet,Yam(Ratalu),Yam (Ratalu),Local,2026-09-05,6000.0,6000.0,6000.0,6000.0,quintal,6000.0,₹/quintal,True
Tamil Nadu,Vellore,Thirupathur APMC,Amaranthus,Amaranthus,Local,2026-09-05,2000.0,2000.0,2000.0,2000.0,quintal,2000.0,₹/quintal,True
Tamil Nadu,Vellore,Thirupathur APMC,Amla(Nelli Kai),Amla,Local,2026-09-05,8000.0,8000.0,8000.0,8000.0,quintal,8000.0,₹/quintal,True
Tamil Nadu,Vellore,Thirupathur APMC,Banana,Besrai,Local,2026-09-05,4000.0,4000.0,4000.0,4000.0,quintal,4000.0,₹/quintal,True
Tamil Nadu,Vellore,Thirupathur APMC,Chikoos(Sapota),Sapota,Local,2026-09-05,4000.0,4000.0,4000.0,4000.0,quintal,4000.0,₹/quintal,True
Tamil Nadu,Vellore,Thirupathur APMC,Drumstick,Drumstick,Local,2026-09-05,4000.0,4000.0,4000.0,4000.0,quintal,4000.0,₹/quintal,True
Tamil Nadu,Vellore,Thirupathur APMC,Garlic,Garlic,Local,2026-09-05,26000.0,26000.0,26000.0,26000.0,quintal,26000.0,₹/quintal,True
Tamil Nadu,Vellore,Thirupathur APMC,Ginger(Green),Green Ginger,Local,2026-09-05,20000.0,20000.0,20000.0,20000.0,quintal,20000.0,₹/quintal,True
Tamil Nadu,Vellore,Thirupathur APMC,Green Peas,Green Peas,Local,2026-09-05,10000.0,10000.0,10000.0,10000.0,quintal,10000.0,₹/quintal,True
Tamil Nadu,Vellore,Thirupathur APMC,Guava,Guava Allahabad,Local,2026-09-05,5000.0,5000.0,5000.0,5000.0,quintal,5000.0,₹/quintal,True
Tamil Nadu,Vellore,Thirupathur APMC,Indian Beans(Seam),Indian Beans (Seam),Local,2026-09-05,6000.0,6000.0,6000.0,6000.0,quintal,6000.0,₹/quintal,True
Tamil Nadu,Vellore,Thirupathur APMC,Knool Khol,Knool Khol,Local,2026-09-05,4500.0,4500.0,4500.0,4500.0,quintal,4500.0,₹/quintal,True
Tamil Nadu,Vellore,Thirupathur APMC,Lemon,Lemon,Local,2026-09-05,5000.0,5000.0,5000.0,5000.0,quintal,5000.0,₹/quintal,True
Tamil Nadu,Vellore,Thirupathur APMC,Mango,Safeda,Local,2026-09-05,8000.0,8000.0,8000.0,8000.0,quintal,8000.0,₹/quintal,True
Tamil Nadu,Vellore,Thirupathur APMC,Mango(Raw-Ripe),Mango - Raw-Ripe,Local,2026-09-05,8000.0,8000.0,8000.0,8000.0,quintal,8000.0,₹/quintal,True
Tamil Nadu,Vellore,Thirupathur APMC,Mint(Pudina),Mint(Pudina),Local,2026-09-05,5000.0,5000.0,5000.0,5000.0,quintal,5000.0,₹/quintal,True
Tamil Nadu,Vellore,Thirupathur APMC,Onion Green,Onion Green,Local,2026-09-05,7500.0,7500.0,7500.0,7500.0,quintal,7500.0,₹/quintal,True
Tamil Nadu,Vellore,Thirupathur APMC,Papaya,Papaya,Local,2026-09-05,4000.0,4000.0,4000.0,4000.0,quintal,4000.0,₹/quintal,True
Tamil Nadu,Vellore,Thirupathur APMC,Potato,Red Nanital,Local,2026-09-05,3000.0,3000.0,3000.0,3000.0,quintal,3000.0,₹/quintal,True
Tamil Nadu,Vellore,Thirupathur APMC,Pumpkin,Pumpkin,Local,2026-09-05,2000.0,2000.0,2000.0,2000.0,quintal,2000.0,₹/quintal,True
Tamil Nadu,Vellore,Thirupathur APMC,Raddish,Raddish,Local,2026-09-05,2400.0,2400.0,2400.0,2400.0,quintal,2400.0,₹/quintal,True
Tamil Nadu,Vellore,Thirupathur APMC,Ridgeguard(Tori),Ridgeguard(Tori),Local,2026-09-05,4000.0,4000.0,4000.0,4000.0,quintal,4000.0,₹/quintal,True
Tamil Nadu,Vellore,Thirupathur APMC,Snakeguard,Snakeguard,Local,2026-09-05,3000.0,3000.0,3000.0,3000.0,quintal,3000.0,₹/quintal,True
Tamil Nadu,Vellore,Thirupathur APMC,Sweet Corn ,Sweet Corn ,Local,2026-09-05,3000.0,3000.0,3000.0,3000.0,quintal,3000.0,₹/quintal,True
Tamil Nadu,Vellore,Thirupathur APMC,Sweet Potato,Hosur Red,Local,2026-09-05,4000.0,4000.0,4000.0,4000.0,quintal,4000.0,₹/quintal,True
Tamil Nadu,Vellore,Thirupathur APMC,Tapioca,Tapioca,Local,2026-09-05,5000.0,5000.0,5000.0,5000.0,quintal,5000.0,₹/quintal,True
Tamil Nadu,Vellore,Thirupathur APMC,Tender Coconut,Tender Coconut,Local,2026-09-05,3000.0,3000.0,3000.0,3000.0,quintal,3000.0,₹/quintal,True
Tamil Nadu,Vellore,Thirupathur APMC,Thondekai,Thondekai,Local,2026-09-05,4000.0,4000.0,4000.0,4000.0,quintal,4000.0,₹/quintal,True
Tamil Nadu,Vellore,Thirupathur APMC,Tomato,Deshi,Local,2026-09-05,2800.0,2800.0,2800.0,2800.0,quintal,2800.0,₹/quintal,True
Tamil Nadu,Vellore,Thirupathur APMC,Water Melon,Water Melon,Local,2026-09-05,2000.0,2000.0,2000.0,2000.0,quintal,2000.0,₹/quintal,True
Tamil Nadu,Vellore,Thirupathur APMC,Yam(Ratalu),Yam (Ratalu),Local,2026-09-05,4000.0,4000.0,4000.0,4000.0,quintal,4000.0,₹/quintal,True
Tamil Nadu,Vellore,Vellore APMC,Amaranthus,Amaranthus,Local,2026-09-05,2000.0,2500.0,2250.0,2250.0,quintal,2250.0,₹/quintal,True
Tamil Nadu,Vellore,Vellore APMC,Amla(Nelli Kai),Amla,Local,2026-09-05,9000.0,10000.0,9500.0,9500.0,quintal,9500.0,₹/quintal,True
Tamil Nadu,Vellore,Vellore APMC,Apple,American,Local,2026-09-05,26000.0,26000.0,26000.0,26000.0,quintal,26000.0,₹/quintal,True
Tamil Nadu,Vellore,Vellore APMC,Ashgourd,Gouard,Local,2026-09-05,2000.0,2500.0,2250.0,2250.0,quintal,2250.0,₹/quintal,True
Tamil Nadu,Vellore,Vellore APMC,Banana,Red Banana,Local,2026-09-05,8000.0,9000.0,8500.0,8500.0,quintal,8500.0,₹/quintal,True
Tamil Nadu,Vellore,Vellore APMC,Banana - Green,Banana - Green,Local,2026-09-05,3000.0,3000.0,3000.0,3000.0,quintal,3000.0,₹/quintal,True
Tamil Nadu,Vellore,Vellore APMC,Beans,Beans (Whole),Local,2026-09-05,6600.0,7600.0,7100.0,7100.0,quintal,7100.0,₹/quintal,True
Tamil Nadu,Vellore,Vellore APMC,Beetroot,Beetroot,Local,2026-09-05,3600.0,3800.0,3700.0,3700.0,quintal,3700.0,₹/quintal,True
Tamil Nadu,Vellore,Vellore APMC,Betal Leaves,Mysore,Local,2026-09-05,15000.0,15000.0,15000.0,15000.0,quintal,15000.0,₹/quintal,True
Tamil Nadu,Vellore,Vellore APMC,Bhindi(Ladies Finger),Bhindi,Local,2026-09-05,2500.0,3000.0,2750.0,2750.0,quintal,2750.0,₹/quintal,True
Tamil Nadu,Vellore,Vellore APMC,Bitter gourd,Bitter Gourd,Local,2026-09-05,4000.0,4500.0,4250.0,4250.0,quintal,4250.0,₹/quintal,True
Tamil Nadu,Vellore,Vellore APMC,Bottle gourd,Bottle Gourd,Local,2026-09-05,1500.0,2000.0,1750.0,1750.0,quintal,1750.0,₹/quintal,True
Tamil Nadu,Vellore,Vellore APMC,Brinjal,Round,Local,2026-09-05,4000.0,4500.0,4250.0,4250.0,quintal,4250.0,₹/quintal,True
Tamil Nadu,Vellore,Vellore APMC,Cabbage,Cabbage,Local,2026-09-05,2000.0,2500.0,2250.0,2250.0,quintal,2250.0,₹/quintal,True
Tamil Nadu,Vellore,Vellore APMC,Capsicum,Capsicum,Local,2026-09-05,4800.0,4800.0,4800.0,4800.0,quintal,4800.0,₹/quintal,True
Tamil Nadu,Vellore,Vellore APMC,Carrot,Pusakesar,Local,2026-09-05,3500.0,4000.0,3750.0,3750.0,quintal,3750.0,₹/quintal,True
Tamil Nadu,Vellore,Vellore APMC,Chow Chow,Chow Chow,Local,2026-09-05,3000.0,3000.0,3000.0,3000.0,quintal,3000.0,₹/quintal,True
Tamil Nadu,Vellore,Vellore APMC,Cluster beans,Cluster Beans,Local,2026-09-05,2000.0,2000.0,2000.0,2000.0,quintal,2000.0,₹/quintal,True
Tamil Nadu,Vellore,Vellore APMC,Coconut,Coconut,Local,2026-09-05,3000.0,4000.0,3500.0,3500.0,quintal,3500.0,₹/quintal,True
Tamil Nadu,Vellore,Vellore APMC,Colacasia,Colacasia,Local,2026-09-05,3500.0,4000.0,3750.0,3750.0,quintal,3750.0,₹/quintal,True
Tamil Nadu,Vellore,Vellore APMC,Coriander(Leaves),I Sort,Local,2026-09-05,3000.0,3000.0,3000.0,3000.0,quintal,3000.0,₹/quintal,True
Tamil Nadu,Vellore,Vellore APMC,Cucumbar(Kheera),Cucumbar,Local,2026-09-05,4000.0,4500.0,4250.0,4250.0,quintal,4250.0,₹/quintal,True
Tamil Nadu,Vellore,Vellore APMC,Custard Apple(Sharifa),Custard Apple(Sharifa),Local,2026-09-05,4000.0,4500.0,4250.0,4250.0,quintal,4250.0,₹/quintal,True
Tamil Nadu,Vellore,Vellore APMC,Drumstick,Drumstick,Local,2026-09-05,2500.0,3000.0,2750.0,2750.0,quintal,2750.0,₹/quintal,True
Tamil Nadu,Vellore,Vellore APMC,Garlic,Garlic,Local,2026-09-05,20000.0,21000.0,20500.0,20500.0,quintal,20500.0,₹/quintal,True
Tamil Nadu,Vellore,Vellore APMC,Ginger(Green),Green Ginger,Local,2026-09-05,14000.0,16000.0,15000.0,15000.0,quintal,15000.0,₹/quintal,True
Tamil Nadu,Vellore,Vellore APMC,Grapes,Annabesahai,Local,2026-09-05,10000.0,10000.0,10000.0,10000.0,quintal,10000.0,₹/quintal,True
Tamil Nadu,Vellore,Vellore APMC,Green Avare(W),Green Avare (W),Local,2026-09-05,5000.0,5800.0,5400.0,5400.0,quintal,5400.0,₹/quintal,True
Tamil Nadu,Vellore,Vellore APMC,Green Chilli,Green Chilly,Local,2026-09-05,3000.0,3500.0,3250.0,3250.0,quintal,3250.0,₹/quintal,True
Tamil Nadu,Vellore,Vellore APMC,Groundnut,Big (With Shell),Local,2026-09-05,7500.0,8500.0,8000.0,8000.0,quintal,8000.0,₹/quintal,True
Tamil Nadu,Vellore,Vellore APMC,Guava,Guava Allahabad,Local,2026-09-05,4000.0,5000.0,4500.0,4500.0,quintal,4500.0,₹/quintal,True
Tamil Nadu,Vellore,Vellore APMC,Indian Beans(Seam),Indian Beans (Seam),Local,2026-09-05,3500.0,4000.0,3750.0,3750.0,quintal,3750.0,₹/quintal,True
Tamil Nadu,Vellore,Vellore APMC,Jasmine,Jasmine,Local,2026-09-05,55000.0,60000.0,57500.0,57500.0,quintal,57500.0,₹/quintal,True
Tamil Nadu,Vellore,Vellore APMC,Knool Khol,Knool Khol,Local,2026-09-05,1500.0,2000.0,1750.0,1750.0,quintal,1750.0,₹/quintal,True
Tamil Nadu,Vellore,Vellore APMC,Lemon,Lemon,Local,2026-09-05,12000.0,12000.0,12000.0,12000.0,quintal,12000.0,₹/quintal,True
Tamil Nadu,Vellore,Vellore APMC,Mango,Neelam,Local,2026-09-05,15000.0,15000.0,15000.0,15000.0,quintal,15000.0,₹/quintal,True
Tamil Nadu,Vellore,Vellore APMC,Mango(Raw-Ripe),Mango - Raw-Ripe,Local,2026-09-05,8000.0,9000.0,8500.0,8500.0,quintal,8500.0,₹/quintal,True
Tamil Nadu,Vellore,Vellore APMC,Marigold(Calcutta),Marigold(Calcutta),Local,2026-09-05,16000.0,18000.0,17000.0,17000.0,quintal,17000.0,₹/quintal,True
Tamil Nadu,Vellore,Vellore APMC,Mint(Pudina),Mint(Pudina),Local,2026-09-05,3500.0,3500.0,3500.0,3500.0,quintal,3500.0,₹/quintal,True
Tamil Nadu,Vellore,Vellore APMC,Mousambi(Sweet Lime),Mousambi,Local,2026-09-05,7000.0,7000.0,7000.0,7000.0,quintal,7000.0,₹/quintal,True
Tamil Nadu,Vellore,Vellore APMC,Onion,Bellary,Local,2026-09-05,5500.0,5800.0,5650.0,5650.0,quintal,5650.0,₹/quintal,True
Tamil Nadu,Vellore,Vellore APMC,Onion Green,Onion Green,Local,2026-09-05,7000.0,8000.0,7500.0,7500.0,quintal,7500.0,₹/quintal,True
Tamil Nadu,Vellore,Vellore APMC,Papaya,Papaya,Local,2026-09-05,4000.0,4500.0,4250.0,4250.0,quintal,4250.0,₹/quintal,True
Tamil Nadu,Vellore,Vellore APMC,Pomegranate,Pomogranate,Local,2026-09-05,15000.0,15000.0,15000.0,15000.0,quintal,15000.0,₹/quintal,True
Tamil Nadu,Vellore,Vellore APMC,Potato,Red Nanital,Local,2026-09-05,2200.0,2800.0,2500.0,2500.0,quintal,2500.0,₹/quintal,True
Tamil Nadu,Vellore,Vellore APMC,Pumpkin,Pumpkin,Local,2026-09-05,2000.0,2500.0,2250.0,2250.0,quintal,2250.0,₹/quintal,True
Tamil Nadu,Vellore,Vellore APMC,Raddish,Raddish,Local,2026-09-05,2000.0,2000.0,2000.0,2000.0,quintal,2000.0,₹/quintal,True
Tamil Nadu,Vellore,Vellore APMC,Ridgeguard(Tori),Ridgeguard(Tori),Local,2026-09-05,4000.0,4500.0,4250.0,4250.0,quintal,4250.0,₹/quintal,True
Tamil Nadu,Vellore,Vellore APMC,Rose(Local),Rose (Local),Local,2026-09-05,12000.0,13000.0,12500.0,12500.0,quintal,12500.0,₹/quintal,True
Tamil Nadu,Vellore,Vellore APMC,Snakeguard,Snakeguard,Local,2026-09-05,2000.0,2500.0,2250.0,2250.0,quintal,2250.0,₹/quintal,True
Tamil Nadu,Vellore,Vellore APMC,Sweet Corn ,Sweet Corn ,Local,2026-09-05,2000.0,2500.0,2250.0,2250.0,quintal,2250.0,₹/quintal,True
Tamil Nadu,Vellore,Vellore APMC,Sweet Potato,Hosur Red,Local,2026-09-05,2500.0,3000.0,2750.0,2750.0,quintal,2750.0,₹/quintal,True
Tamil Nadu,Vellore,Vellore APMC,Tapioca,Tapioca,Local,2026-09-05,3000.0,3500.0,3250.0,3250.0,quintal,3250.0,₹/quintal,True
Tamil Nadu,Vellore,Vellore APMC,Tender Coconut,Tender Coconut,Local,2026-09-05,2000.0,3000.0,2500.0,2500.0,quintal,2500.0,₹/quintal,True
Tamil Nadu,Vellore,Vellore APMC,Thondekai,Thondekai,Local,2026-09-05,2500.0,3000.0,2750.0,2750.0,quintal,2750.0,₹/quintal,True
Tamil Nadu,Vellore,Vellore APMC,Tomato,Deshi,Local,2026-09-05,2400.0,2600.0,2500.0,2500.0,quintal,2500.0,₹/quintal,True
Tamil Nadu,Vellore,Vellore APMC,Water Melon,Water Melon,Local,2026-09-05,1500.0,2000.0,1750.0,1750.0,quintal,1750.0,₹/quintal,True
Tamil Nadu,Vellore,Vellore APMC,Yam(Ratalu),Yam (Ratalu),Local,2026-09-05,4000.0,5500.0,4750.0,4750.0,quintal,4750.0,₹/quintal,True
Tamil Nadu,Villupuram,Gingee,Amaranthus,Amaranthus,Local,2026-09-05,4000.0,5000.0,4500.0,4500.0,quintal,4500.0,₹/quintal,True
Tamil Nadu,Villupuram,Gingee,Amla(Nelli Kai),Amla,Local,2026-09-05,9000.0,10000.0,9500.0,9500.0,quintal,9500.0,₹/quintal,True
Tamil Nadu,Villupuram,Gingee,Ashgourd,Gouard,Local,2026-09-05,2500.0,2500.0,2500.0,2500.0,quintal,2500.0,₹/quintal,True
Tamil Nadu,Villupuram,Gingee,Banana,Karpura,Local,2026-09-05,5000.0,6000.0,5500.0,5500.0,quintal,5500.0,₹/quintal,True
Tamil Nadu,Villupuram,Gingee,Banana - Green,Banana - Green,Local,2026-09-05,4000.0,4000.0,4000.0,4000.0,quintal,4000.0,₹/quintal,True
Tamil Nadu,Villupuram,Gingee,Beans,Beans (Whole),Local,2026-09-05,8000.0,9000.0,8500.0,8500.0,quintal,8500.0,₹/quintal,True
Tamil Nadu,Villupuram,Gingee,Beetroot,Beetroot,Local,2026-09-05,4500.0,4500.0,4500.0,4500.0,quintal,4500.0,₹/quintal,True
Tamil Nadu,Villupuram,Gingee,Bhindi(Ladies Finger),Bhindi,Local,2026-09-05,2500.0,2500.0,2500.0,2500.0,quintal,2500.0,₹/quintal,True
Tamil Nadu,Villupuram,Gingee,Bitter gourd,Bitter Gourd,Local,2026-09-05,5000.0,6000.0,5500.0,5500.0,quintal,5500.0,₹/quintal,True
Tamil Nadu,Villupuram,Gingee,Bottle gourd,Bottle Gourd,Local,2026-09-05,2500.0,2500.0,2500.0,2500.0,quintal,2500.0,₹/quintal,True
Tamil Nadu,Villupuram,Gingee,Brinjal,Round,Local,2026-09-05,3500.0,3500.0,3500.0,3500.0,quintal,3500.0,₹/quintal,True
Tamil Nadu,Villupuram,Gingee,Cabbage,Cabbage,Local,2026-09-05,4000.0,4000.0,4000.0,4000.0,quintal,4000.0,₹/quintal,True
Tamil Nadu,Villupuram,Gingee,Carrot,Pusakesar,Local,2026-09-05,5500.0,5500.0,5500.0,5500.0,quintal,5500.0,₹/quintal,True
Tamil Nadu,Villupuram,Gingee,Chow Chow,Chow Chow,Local,2026-09-05,4500.0,4500.0,4500.0,4500.0,quintal,4500.0,₹/quintal,True
Tamil Nadu,Villupuram,Gingee,Cluster beans,Cluster Beans,Local,2026-09-05,3500.0,3500.0,3500.0,3500.0,quintal,3500.0,₹/quintal,True
Tamil Nadu,Villupuram,Gingee,Coconut,Coconut,Local,2026-09-05,6000.0,6000.0,6000.0,6000.0,quintal,6000.0,₹/quintal,True
Tamil Nadu,Villupuram,Gingee,Colacasia,Colacasia,Local,2026-09-05,6000.0,6000.0,6000.0,6000.0,quintal,6000.0,₹/quintal,True
Tamil Nadu,Villupuram,Gingee,Coriander(Leaves),I Sort,Local,2026-09-05,4000.0,4000.0,4000.0,4000.0,quintal,4000.0,₹/quintal,True
Tamil Nadu,Villupuram,Gingee,Cucumbar(Kheera),Cucumbar,Local,2026-09-05,4500.0,4500.0,4500.0,4500.0,quintal,4500.0,₹/quintal,True
Tamil Nadu,Villupuram,Gingee,Ginger(Green),Green Ginger,Local,2026-09-05,13000.0,13000.0,13000.0,13000.0,quintal,13000.0,₹/quintal,True
Tamil Nadu,Villupuram,Gingee,Green Avare(W),Green Avare (W),Local,2026-09-05,5500.0,5500.0,5500.0,5500.0,quintal,5500.0,₹/quintal,True
Tamil Nadu,Villupuram,Gingee,Green Chilli,Green Chilly,Local,2026-09-05,5000.0,5000.0,5000.0,5000.0,quintal,5000.0,₹/quintal,True
Tamil Nadu,Villupuram,Gingee,Groundnut,Big (With Shell),Local,2026-09-05,7000.0,7000.0,7000.0,7000.0,quintal,7000.0,₹/quintal,True
Tamil Nadu,Villupuram,Gingee,Guava,Guava Allahabad,Local,2026-09-05,6000.0,7000.0,6500.0,6500.0,quintal,6500.0,₹/quintal,True
Tamil Nadu,Villupuram,Gingee,Knool Khol,Knool Khol,Local,2026-09-05,4000.0,4000.0,4000.0,4000.0,quintal,4000.0,₹/quintal,True
Tamil Nadu,Villupuram,Gingee,Lemon,Lemon,Local,2026-09-05,15000.0,15000.0,15000.0,15000.0,quintal,15000.0,₹/quintal,True
Tamil Nadu,Villupuram,Gingee,Mango(Raw-Ripe),Mango - Raw-Ripe,Local,2026-09-05,9000.0,9000.0,9000.0,9000.0,quintal,9000.0,₹/quintal,True
Tamil Nadu,Villupuram,Gingee,Mint(Pudina),Mint(Pudina),Local,2026-09-05,3000.0,3000.0,3000.0,3000.0,quintal,3000.0,₹/quintal,True
Tamil Nadu,Villupuram,Gingee,Onion,Bellary,Local,2026-09-05,5000.0,6000.0,5500.0,5500.0,quintal,5500.0,₹/quintal,True
Tamil Nadu,Villupuram,Gingee,Onion Green,Onion Green,Local,2026-09-05,7500.0,7500.0,7500.0,7500.0,quintal,7500.0,₹/quintal,True
Tamil Nadu,Villupuram,Gingee,Papaya,Papaya,Local,2026-09-05,5000.0,5000.0,5000.0,5000.0,quintal,5000.0,₹/quintal,True
Tamil Nadu,Villupuram,Gingee,Potato,Red Nanital,Local,2026-09-05,4000.0,4000.0,4000.0,4000.0,quintal,4000.0,₹/quintal,True
Tamil Nadu,Villupuram,Gingee,Pumpkin,Pumpkin,Local,2026-09-05,2500.0,2500.0,2500.0,2500.0,quintal,2500.0,₹/quintal,True
Tamil Nadu,Villupuram,Gingee,Raddish,Raddish,Local,2026-09-05,4000.0,4000.0,4000.0,4000.0,quintal,4000.0,₹/quintal,True
Tamil Nadu,Villupuram,Gingee,Ridgeguard(Tori),Ridgeguard(Tori),Local,2026-09-05,4000.0,4000.0,4000.0,4000.0,quintal,4000.0,₹/quintal,True
Tamil Nadu,Villupuram,Gingee,Snakeguard,Snakeguard,Local,2026-09-05,3000.0,3000.0,3000.0,3000.0,quintal,3000.0,₹/quintal,True
Tamil Nadu,Villupuram,Gingee,Tender Coconut,Tender Coconut,Local,2026-09-05,3500.0,4000.0,3750.0,3750.0,quintal,3750.0,₹/quintal,True
Tamil Nadu,Villupuram,Gingee,Thondekai,Thondekai,Local,2026-09-05,3500.0,3500.0,3500.0,3500.0,quintal,3500.0,₹/quintal,True
Tamil Nadu,Villupuram,Gingee,Tomato,Deshi,Local,2026-09-05,2000.0,2000.0,2000.0,2000.0,quintal,2000.0,₹/quintal,True
Tamil Nadu,Villupuram,Gingee,Yam(Ratalu),Yam (Ratalu),Local,2026-09-05,6000.0,6000.0,6000.0,6000.0,quintal,6000.0,₹/quintal,True
Tamil Nadu,Villupuram,Tindivanam APMC,Amaranthus,Amaranthus,Local,2026-09-05,4000.0,5000.0,4500.0,4500.0,quintal,4500.0,₹/quintal,True
Tamil Nadu,Villupuram,Tindivanam APMC,Banana,Karpura,Local,2026-09-05,6000.0,6000.0,6000.0,6000.0,quintal,6000.0,₹/quintal,True
Tamil Nadu,Villupuram,Tindivanam APMC,Banana - Green,Banana - Green,Local,2026-09-05,5000.0,5000.0,5000.0,5000.0,quintal,5000.0,₹/quintal,True
Tamil Nadu,Villupuram,Tindivanam APMC,Beans,Beans (Whole),Local,2026-09-05,9000.0,9000.0,9000.0,9000.0,quintal,9000.0,₹/quintal,True
Tamil Nadu,Villupuram,Tindivanam APMC,Beetroot,Beetroot,Local,2026-09-05,4500.0,4500.0,4500.0,4500.0,quintal,4500.0,₹/quintal,True
Tamil Nadu,Villupuram,Tindivanam APMC,Bhindi(Ladies Finger),Bhindi,Local,2026-09-05,2500.0,2500.0,2500.0,2500.0,quintal,2500.0,₹/quintal,True
Tamil Nadu,Villupuram,Tindivanam APMC,Bitter gourd,Other,Local,2026-09-05,5000.0,5000.0,5000.0,5000.0,quintal,5000.0,₹/quintal,True
Tamil Nadu,Villupuram,Tindivanam APMC,Bottle gourd,Bottle Gourd,Local,2026-09-05,2000.0,2000.0,2000.0,2000.0,quintal,2000.0,₹/quintal,True
Tamil Nadu,Villupuram,Tindivanam APMC,Brinjal,Other,Local,2026-09-05,3000.0,3000.0,3000.0,3000.0,quintal,3000.0,₹/quintal,True
Tamil Nadu,Villupuram,Tindivanam APMC,Cabbage,Cabbage,Local,2026-09-05,3500.0,3500.0,3500.0,3500.0,quintal,3500.0,₹/quintal,True
Tamil Nadu,Villupuram,Tindivanam APMC,Capsicum,Capsicum,Local,2026-09-05,6000.0,6000.0,6000.0,6000.0,quintal,6000.0,₹/quintal,True
Tamil Nadu,Villupuram,Tindivanam APMC,Carrot,Pusakesar,Local,2026-09-05,5800.0,5800.0,5800.0,5800.0,quintal,5800.0,₹/quintal,True
Tamil Nadu,Villupuram,Tindivanam APMC,Chow Chow,Chow Chow,Local,2026-09-05,4600.0,4600.0,4600.0,4600.0,quintal,4600.0,₹/quintal,True
Tamil Nadu,Villupuram,Tindivanam APMC,Cluster beans,Cluster Beans,Local,2026-09-05,4000.0,4000.0,4000.0,4000.0,quintal,4000.0,₹/quintal,True
Tamil Nadu,Villupuram,Tindivanam APMC,Coconut,Coconut,Local,2026-09-05,6000.0,6000.0,6000.0,6000.0,quintal,6000.0,₹/quintal,True
Tamil Nadu,Villupuram,Tindivanam APMC,Colacasia,Colacasia,Local,2026-09-05,5800.0,5800.0,5800.0,5800.0,quintal,5800.0,₹/quintal,True
Tamil Nadu,Villupuram,Tindivanam APMC,Coriander(Leaves),I Sort,Local,2026-09-05,4000.0,4000.0,4000.0,4000.0,quintal,4000.0,₹/quintal,True
Tamil Nadu,Villupuram,Tindivanam APMC,Cucumbar(Kheera),Cucumbar,Local,2026-09-05,4500.0,4500.0,4500.0,4500.0,quintal,4500.0,₹/quintal,True
Tamil Nadu,Villupuram,Tindivanam APMC,Drumstick,Drumstick,Local,2026-09-05,4000.0,4000.0,4000.0,4000.0,quintal,4000.0,₹/quintal,True
Tamil Nadu,Villupuram,Tindivanam APMC,Elephant Yam(Suran)/Amorphophallus,Elephant Yam (Suran),Local,2026-09-05,6000.0,6000.0,6000.0,6000.0,quintal,6000.0,₹/quintal,True
Tamil Nadu,Villupuram,Tindivanam APMC,Fig(Anjura/Anjeer),Anjura,Local,2026-09-05,16000.0,16000.0,16000.0,16000.0,quintal,16000.0,₹/quintal,True
Tamil Nadu,Villupuram,Tindivanam APMC,Ginger(Green),Green Ginger,Local,2026-09-05,9000.0,9000.0,9000.0,9000.0,quintal,9000.0,₹/quintal,True
Tamil Nadu,Villupuram,Tindivanam APMC,Green Avare(W),Other,Local,2026-09-05,5600.0,5600.0,5600.0,5600.0,quintal,5600.0,₹/quintal,True
Tamil Nadu,Villupuram,Tindivanam APMC,Green Chilli,Green Chilly,Local,2026-09-05,5500.0,5500.0,5500.0,5500.0,quintal,5500.0,₹/quintal,True
Tamil Nadu,Villupuram,Tindivanam APMC,Groundnut,Big (With Shell),Local,2026-09-05,7000.0,7000.0,7000.0,7000.0,quintal,7000.0,₹/quintal,True
Tamil Nadu,Villupuram,Tindivanam APMC,Guava,Guava Allahabad,Local,2026-09-05,6000.0,6000.0,6000.0,6000.0,quintal,6000.0,₹/quintal,True
Tamil Nadu,Villupuram,Tindivanam APMC,Knool Khol,Knool Khol,Local,2026-09-05,4000.0,4000.0,4000.0,4000.0,quintal,4000.0,₹/quintal,True
Tamil Nadu,Villupuram,Tindivanam APMC,Lemon,Lemon,Local,2026-09-05,11000.0,11000.0,11000.0,11000.0,quintal,11000.0,₹/quintal,True
Tamil Nadu,Villupuram,Tindivanam APMC,Mango(Raw-Ripe),Mango - Raw-Ripe,Local,2026-09-05,6000.0,6000.0,6000.0,6000.0,quintal,6000.0,₹/quintal,True
Tamil Nadu,Villupuram,Tindivanam APMC,Marigold(Calcutta),Marigold(Calcutta),Local,2026-09-05,25000.0,25000.0,25000.0,25000.0,quintal,25000.0,₹/quintal,True
Tamil Nadu,Villupuram,Tindivanam APMC,Mint(Pudina),Mint(Pudina),Local,2026-09-05,3000.0,3000.0,3000.0,3000.0,quintal,3000.0,₹/quintal,True
Tamil Nadu,Villupuram,Tindivanam APMC,Mousambi(Sweet Lime),Mousambi,Local,2026-09-05,4500.0,4500.0,4500.0,4500.0,quintal,4500.0,₹/quintal,True
Tamil Nadu,Villupuram,Tindivanam APMC,Onion,Bellary,Local,2026-09-05,5800.0,5800.0,5800.0,5800.0,quintal,5800.0,₹/quintal,True
Tamil Nadu,Villupuram,Tindivanam APMC,Papaya,Papaya,Local,2026-09-05,4000.0,4000.0,4000.0,4000.0,quintal,4000.0,₹/quintal,True
Tamil Nadu,Villupuram,Tindivanam APMC,Potato,Red Nanital,Local,2026-09-05,3800.0,3800.0,3800.0,3800.0,quintal,3800.0,₹/quintal,True
Tamil Nadu,Villupuram,Tindivanam APMC,Pumpkin,Pumpkin,Local,2026-09-05,2000.0,2000.0,2000.0,2000.0,quintal,2000.0,₹/quintal,True
Tamil Nadu,Villupuram,Tindivanam APMC,Raddish,Raddish,Local,2026-09-05,3800.0,3800.0,3800.0,3800.0,quintal,3800.0,₹/quintal,True
Tamil Nadu,Villupuram,Tindivanam APMC,Ridgeguard(Tori),Ridgeguard(Tori),Local,2026-09-05,4000.0,4000.0,4000.0,4000.0,quintal,4000.0,₹/quintal,True
Tamil Nadu,Villupuram,Tindivanam APMC,Rose(Local),Rose (Local),Local,2026-09-05,20000.0,20000.0,20000.0,20000.0,quintal,20000.0,₹/quintal,True
Tamil Nadu,Villupuram,Tindivanam APMC,Snakeguard,Snakeguard,Local,2026-09-05,3000.0,3000.0,3000.0,3000.0,quintal,3000.0,₹/quintal,True
Tamil Nadu,Villupuram,Tindivanam APMC,Sweet Corn ,Sweet Corn ,Local,2026-09-05,4000.0,4000.0,4000.0,4000.0,quintal,4000.0,₹/quintal,True
Tamil Nadu,Villupuram,Tindivanam APMC,Sweet Potato,Hosur Red,Local,2026-09-05,4500.0,4500.0,4500.0,4500.0,quintal,4500.0,₹/quintal,True
Tamil Nadu,Villupuram,Tindivanam APMC,Tapioca,Tapioca,Local,2026-09-05,4500.0,4500.0,4500.0,4500.0,quintal,4500.0,₹/quintal,True
Tamil Nadu,Villupuram,Tindivanam APMC,Tender Coconut,Tender Coconut,Local,2026-09-05,3500.0,4000.0,3750.0,3750.0,quintal,3750.0,₹/quintal,True
Tamil Nadu,Villupuram,Tindivanam APMC,Thondekai,Thondekai,Local,2026-09-05,3500.0,3500.0,3500.0,3500.0,quintal,3500.0,₹/quintal,True
Tamil Nadu,Villupuram,Tindivanam APMC,Tomato,Deshi,Local,2026-09-05,2300.0,2300.0,2300.0,2300.0,quintal,2300.0,₹/quintal,True
Tamil Nadu,Villupuram,Tindivanam APMC,Water Melon,Water Melon,Local,2026-09-05,1500.0,1500.0,1500.0,1500.0,quintal,1500.0,₹/quintal,True
Tamil Nadu,Villupuram,Ulundurpettai APMC,Amaranthus,Amaranthus,Local,2026-09-05,2500.0,2500.0,2500.0,2500.0,quintal,2500.0,₹/quintal,True
Tamil Nadu,Villupuram,Ulundurpettai APMC,Amla(Nelli Kai),Amla,Local,2026-09-05,8000.0,8000.0,8000.0,8000.0,quintal,8000.0,₹/quintal,True
Tamil Nadu,Villupuram,Ulundurpettai APMC,Ashgourd,Gouard,Local,2026-09-05,2000.0,2000.0,2000.0,2000.0,quintal,2000.0,₹/quintal,True
Tamil Nadu,Villupuram,Ulundurpettai APMC,Banana,Besrai,Local,2026-09-05,3000.0,4000.0,3500.0,3500.0,quintal,3500.0,₹/quintal,True
Tamil Nadu,Villupuram,Ulundurpettai APMC,Banana - Green,Banana - Green,Local,2026-09-05,3000.0,3000.0,3000.0,3000.0,quintal,3000.0,₹/quintal,True
Tamil Nadu,Villupuram,Ulundurpettai APMC,Bhindi(Ladies Finger),Bhindi,Local,2026-09-05,3000.0,3000.0,3000.0,3000.0,quintal,3000.0,₹/quintal,True
Tamil Nadu,Villupuram,Ulundurpettai APMC,Bitter gourd,Bitter Gourd,Local,2026-09-05,6000.0,6000.0,6000.0,6000.0,quintal,6000.0,₹/quintal,True
Tamil Nadu,Villupuram,Ulundurpettai APMC,Bottle gourd,Bottle Gourd,Local,2026-09-05,2000.0,2000.0,2000.0,2000.0,quintal,2000.0,₹/quintal,True
Tamil Nadu,Villupuram,Ulundurpettai APMC,Brinjal,Round,Local,2026-09-05,5000.0,5000.0,5000.0,5000.0,quintal,5000.0,₹/quintal,True
Tamil Nadu,Villupuram,Ulundurpettai APMC,Cluster beans,Cluster Beans,Local,2026-09-05,5000.0,5000.0,5000.0,5000.0,quintal,5000.0,₹/quintal,True
Tamil Nadu,Villupuram,Ulundurpettai APMC,Coconut,Coconut,Local,2026-09-05,3000.0,3000.0,3000.0,3000.0,quintal,3000.0,₹/quintal,True
Tamil Nadu,Villupuram,Ulundurpettai APMC,Coriander(Leaves),I Sort,Local,2026-09-05,6000.0,6000.0,6000.0,6000.0,quintal,6000.0,₹/quintal,True
Tamil Nadu,Villupuram,Ulundurpettai APMC,Drumstick,Drumstick,Local,2026-09-05,4000.0,4000.0,4000.0,4000.0,quintal,4000.0,₹/quintal,True
Tamil Nadu,Villupuram,Ulundurpettai APMC,Elephant Yam(Suran)/Amorphophallus,Elephant Yam (Suran),Local,2026-09-05,6000.0,6000.0,6000.0,6000.0,quintal,6000.0,₹/quintal,True
Tamil Nadu,Villupuram,Ulundurpettai APMC,Ginger(Green),Green Ginger,Local,2026-09-05,11000.0,11000.0,11000.0,11000.0,quintal,11000.0,₹/quintal,True
Tamil Nadu,Villupuram,Ulundurpettai APMC,Green Avare(W),Green Avare (W),Local,2026-09-05,8000.0,8000.0,8000.0,8000.0,quintal,8000.0,₹/quintal,True
Tamil Nadu,Villupuram,Ulundurpettai APMC,Green Chilli,Green Chilly,Local,2026-09-05,6000.0,6000.0,6000.0,6000.0,quintal,6000.0,₹/quintal,True
Tamil Nadu,Villupuram,Ulundurpettai APMC,Guava,Guava Allahabad,Local,2026-09-05,5000.0,5000.0,5000.0,5000.0,quintal,5000.0,₹/quintal,True
Tamil Nadu,Villupuram,Ulundurpettai APMC,Lemon,Lemon,Local,2026-09-05,5000.0,5000.0,5000.0,5000.0,quintal,5000.0,₹/quintal,True
Tamil Nadu,Villupuram,Ulundurpettai APMC,Mint(Pudina),Mint(Pudina),Local,2026-09-05,3000.0,3000.0,3000.0,3000.0,quintal,3000.0,₹/quintal,True
Tamil Nadu,Villupuram,Ulundurpettai APMC,Onion,Bellary,Local,2026-09-05,6000.0,6000.0,6000.0,6000.0,quintal,6000.0,₹/quintal,True
Tamil Nadu,Villupuram,Ulundurpettai APMC,Onion Green,Onion Green,Local,2026-09-05,7000.0,7000.0,7000.0,7000.0,quintal,7000.0,₹/quintal,True
Tamil Nadu,Villupuram,Ulundurpettai APMC,Papaya,Papaya,Local,2026-09-05,3000.0,3000.0,3000.0,3000.0,quintal,3000.0,₹/quintal,True
Tamil Nadu,Villupuram,Ulundurpettai APMC,Potato,Red Nanital,Local,2026-09-05,4000.0,4000.0,4000.0,4000.0,quintal,4000.0,₹/quintal,True
Tamil Nadu,Villupuram,Ulundurpettai APMC,Pumpkin,Pumpkin,Local,2026-09-05,2500.0,2500.0,2500.0,2500.0,quintal,2500.0,₹/quintal,True
Tamil Nadu,Villupuram,Ulundurpettai APMC,Raddish,Raddish,Local,2026-09-05,5000.0,5000.0,5000.0,5000.0,quintal,5000.0,₹/quintal,True
Tamil Nadu,Villupuram,Ulundurpettai APMC,Ridgeguard(Tori),Ridgeguard(Tori),Local,2026-09-05,6000.0,6000.0,6000.0,6000.0,quintal,6000.0,₹/quintal,True
Tamil Nadu,Villupuram,Ulundurpettai APMC,Snakeguard,Snakeguard,Local,2026-09-05,4000.0,4000.0,4000.0,4000.0,quintal,4000.0,₹/quintal,True
Tamil Nadu,Villupuram,Ulundurpettai APMC,Tender Coconut,Tender Coconut,Local,2026-09-05,3000.0,3000.0,3000.0,3000.0,quintal,3000.0,₹/quintal,True
Tamil Nadu,Villupuram,Ulundurpettai APMC,Thondekai,Thondekai,Local,2026-09-05,5000.0,5000.0,5000.0,5000.0,quintal,5000.0,₹/quintal,True
Tamil Nadu,Villupuram,Ulundurpettai APMC,Tomato,Deshi,Local,2026-09-05,2000.0,2000.0,2000.0,2000.0,quintal,2000.0,₹/quintal,True
Tamil Nadu,Villupuram,Ulundurpettai APMC,Yam(Ratalu),Yam (Ratalu),Local,2026-09-05,3000.0,3000.0,3000.0,3000.0,quintal,3000.0,₹/quintal,True
Tamil Nadu,Virudhunagar,Kariyapatti,Amaranthus,Amaranthus,Local,2026-09-05,3000.0,3500.0,3250.0,3250.0,quintal,3250.0,₹/quintal,True
Tamil Nadu,Virudhunagar,Kariyapatti,Ashgourd,Gouard,Local,2026-09-05,2000.0,2500.0,2250.0,2250.0,quintal,2250.0,₹/quintal,True
Tamil Nadu,Virudhunagar,Kariyapatti,Banana,Besrai,Local,2026-09-05,3500.0,4000.0,3750.0,3750.0,quintal,3750.0,₹/quintal,True
Tamil Nadu,Virudhunagar,Kariyapatti,Banana - Green,Banana - Green,Local,2026-09-05,3000.0,3500.0,3250.0,3250.0,quintal,3250.0,₹/quintal,True
Tamil Nadu,Virudhunagar,Kariyapatti,Beans,Beans (Whole),Local,2026-09-05,9500.0,10000.0,9750.0,9750.0,quintal,9750.0,₹/quintal,True
Tamil Nadu,Virudhunagar,Kariyapatti,Beetroot,Beetroot,Local,2026-09-05,4500.0,5000.0,4750.0,4750.0,quintal,4750.0,₹/quintal,True
Tamil Nadu,Virudhunagar,Kariyapatti,Bhindi(Ladies Finger),Bhindi,Local,2026-09-05,3500.0,4000.0,3750.0,3750.0,quintal,3750.0,₹/quintal,True
Tamil Nadu,Virudhunagar,Kariyapatti,Bitter gourd,Other,Local,2026-09-05,7500.0,8000.0,7750.0,7750.0,quintal,7750.0,₹/quintal,True
Tamil Nadu,Virudhunagar,Kariyapatti,Bottle gourd,Bottle Gourd,Local,2026-09-05,1800.0,2000.0,1900.0,1900.0,quintal,1900.0,₹/quintal,True
Tamil Nadu,Virudhunagar,Kariyapatti,Brinjal,Round,Local,2026-09-05,4500.0,5000.0,4750.0,4750.0,quintal,4750.0,₹/quintal,True
Tamil Nadu,Virudhunagar,Kariyapatti,Cabbage,Cabbage,Local,2026-09-05,3500.0,4000.0,3750.0,3750.0,quintal,3750.0,₹/quintal,True
Tamil Nadu,Virudhunagar,Kariyapatti,Carrot,Pusakesar,Local,2026-09-05,6500.0,7000.0,6750.0,6750.0,quintal,6750.0,₹/quintal,True
Tamil Nadu,Virudhunagar,Kariyapatti,Cauliflower,Ranchi,Local,2026-09-05,3500.0,4000.0,3750.0,3750.0,quintal,3750.0,₹/quintal,True
Tamil Nadu,Virudhunagar,Kariyapatti,Chikoos(Sapota),Sapota,Local,2026-09-05,3500.0,4000.0,3750.0,3750.0,quintal,3750.0,₹/quintal,True
Tamil Nadu,Virudhunagar,Kariyapatti,Chow Chow,Chow Chow,Local,2026-09-05,3500.0,4000.0,3750.0,3750.0,quintal,3750.0,₹/quintal,True
Tamil Nadu,Virudhunagar,Kariyapatti,Cluster beans,Cluster Beans,Local,2026-09-05,3500.0,4000.0,3750.0,3750.0,quintal,3750.0,₹/quintal,True
Tamil Nadu,Virudhunagar,Kariyapatti,Coconut,Coconut,Local,2026-09-05,5500.0,6000.0,5750.0,5750.0,quintal,5750.0,₹/quintal,True
Tamil Nadu,Virudhunagar,Kariyapatti,Coriander(Leaves),I Sort,Local,2026-09-05,3500.0,4000.0,3750.0,3750.0,quintal,3750.0,₹/quintal,True
Tamil Nadu,Virudhunagar,Kariyapatti,Drumstick,Drumstick,Local,2026-09-05,3500.0,4000.0,3750.0,3750.0,quintal,3750.0,₹/quintal,True
Tamil Nadu,Virudhunagar,Kariyapatti,Elephant Yam(Suran)/Amorphophallus,Elephant Yam (Suran),Local,2026-09-05,4500.0,5000.0,4750.0,4750.0,quintal,4750.0,₹/quintal,True
Tamil Nadu,Virudhunagar,Kariyapatti,Ginger(Green),Green Ginger,Local,2026-09-05,17000.0,18000.0,17500.0,17500.0,quintal,17500.0,₹/quintal,True
Tamil Nadu,Virudhunagar,Kariyapatti,Green Avare(W),Green Avare (W),Local,2026-09-05,6500.0,7000.0,6750.0,6750.0,quintal,6750.0,₹/quintal,True
Tamil Nadu,Virudhunagar,Kariyapatti,Green Chilli,Green Chilly,Local,2026-09-05,4500.0,5000.0,4750.0,4750.0,quintal,4750.0,₹/quintal,True
Tamil Nadu,Virudhunagar,Kariyapatti,Guava,Guava Allahabad,Local,2026-09-05,4500.0,5000.0,4750.0,4750.0,quintal,4750.0,₹/quintal,True
Tamil Nadu,Virudhunagar,Kariyapatti,Lemon,Lemon,Local,2026-09-05,19000.0,20000.0,19500.0,19500.0,quintal,19500.0,₹/quintal,True
Tamil Nadu,Virudhunagar,Kariyapatti,Lime,Lime,Local,2026-09-05,15000.0,16000.0,15500.0,15500.0,quintal,15500.0,₹/quintal,True
Tamil Nadu,Virudhunagar,Kariyapatti,Mint(Pudina),Mint(Pudina),Local,2026-09-05,4500.0,5000.0,4750.0,4750.0,quintal,4750.0,₹/quintal,True
Tamil Nadu,Virudhunagar,Kariyapatti,Onion,Bellary,Local,2026-09-05,5500.0,6000.0,5750.0,5750.0,quintal,5750.0,₹/quintal,True
Tamil Nadu,Virudhunagar,Kariyapatti,Onion Green,Onion Green,Local,2026-09-05,7500.0,8000.0,7750.0,7750.0,quintal,7750.0,₹/quintal,True
Tamil Nadu,Virudhunagar,Kariyapatti,Papaya,Papaya,Local,2026-09-05,3000.0,3500.0,3250.0,3250.0,quintal,3250.0,₹/quintal,True
Tamil Nadu,Virudhunagar,Kariyapatti,Potato,Red Nanital,Local,2026-09-05,3000.0,3500.0,3250.0,3250.0,quintal,3250.0,₹/quintal,True
Tamil Nadu,Virudhunagar,Kariyapatti,Pumpkin,Pumpkin,Local,2026-09-05,2500.0,3000.0,2750.0,2750.0,quintal,2750.0,₹/quintal,True
Tamil Nadu,Virudhunagar,Kariyapatti,Raddish,Raddish,Local,2026-09-05,3000.0,3500.0,3250.0,3250.0,quintal,3250.0,₹/quintal,True
Tamil Nadu,Virudhunagar,Kariyapatti,Ridgeguard(Tori),Ridgeguard(Tori),Local,2026-09-05,5500.0,6000.0,5750.0,5750.0,quintal,5750.0,₹/quintal,True
Tamil Nadu,Virudhunagar,Kariyapatti,Snakeguard,Snakeguard,Local,2026-09-05,3500.0,4000.0,3750.0,3750.0,quintal,3750.0,₹/quintal,True
Tamil Nadu,Virudhunagar,Kariyapatti,Tomato,Deshi,Local,2026-09-05,2000.0,2500.0,2250.0,2250.0,quintal,2250.0,₹/quintal,True
Tamil Nadu,Virudhunagar,Rajapalayam,Amaranthus,Amaranthus,Local,2026-09-05,2500.0,3000.0,2750.0,2750.0,quintal,2750.0,₹/quintal,True
Tamil Nadu,Virudhunagar,Rajapalayam,Ashgourd,Gouard,Local,2026-09-05,2500.0,3000.0,2750.0,2750.0,quintal,2750.0,₹/quintal,True
Tamil Nadu,Virudhunagar,Rajapalayam,Banana,Besrai,Local,2026-09-05,3500.0,4000.0,3750.0,3750.0,quintal,3750.0,₹/quintal,True
Tamil Nadu,Virudhunagar,Rajapalayam,Banana - Green,Banana - Green,Local,2026-09-05,3000.0,3500.0,3250.0,3250.0,quintal,3250.0,₹/quintal,True
Tamil Nadu,Virudhunagar,Rajapalayam,Beans,Beans (Whole),Local,2026-09-05,7000.0,8000.0,7500.0,7500.0,quintal,7500.0,₹/quintal,True
Tamil Nadu,Virudhunagar,Rajapalayam,Beetroot,Beetroot,Local,2026-09-05,4000.0,4500.0,4250.0,4250.0,quintal,4250.0,₹/quintal,True
Tamil Nadu,Virudhunagar,Rajapalayam,Bhindi(Ladies Finger),Bhindi,Local,2026-09-05,3000.0,3500.0,3250.0,3250.0,quintal,3250.0,₹/quintal,True
Tamil Nadu,Virudhunagar,Rajapalayam,Bitter gourd,Bitter Gourd,Local,2026-09-05,8000.0,9000.0,8500.0,8500.0,quintal,8500.0,₹/quintal,True
Tamil Nadu,Virudhunagar,Rajapalayam,Bottle gourd,Bottle Gourd,Local,2026-09-05,1500.0,2000.0,1750.0,1750.0,quintal,1750.0,₹/quintal,True
Tamil Nadu,Virudhunagar,Rajapalayam,Brinjal,Round,Local,2026-09-05,3500.0,4000.0,3750.0,3750.0,quintal,3750.0,₹/quintal,True
Tamil Nadu,Virudhunagar,Rajapalayam,Cabbage,Cabbage,Local,2026-09-05,2800.0,3200.0,3000.0,3000.0,quintal,3000.0,₹/quintal,True
Tamil Nadu,Virudhunagar,Rajapalayam,Carrot,Pusakesar,Local,2026-09-05,4000.0,4500.0,4250.0,4250.0,quintal,4250.0,₹/quintal,True
Tamil Nadu,Virudhunagar,Rajapalayam,Cauliflower,Ranchi,Local,2026-09-05,2500.0,3000.0,2750.0,2750.0,quintal,2750.0,₹/quintal,True
Tamil Nadu,Virudhunagar,Rajapalayam,Chikoos(Sapota),Sapota,Local,2026-09-05,3000.0,3500.0,3250.0,3250.0,quintal,3250.0,₹/quintal,True
Tamil Nadu,Virudhunagar,Rajapalayam,Chow Chow,Chow Chow,Local,2026-09-05,3500.0,4000.0,3750.0,3750.0,quintal,3750.0,₹/quintal,True
Tamil Nadu,Virudhunagar,Rajapalayam,Cluster beans,Cluster Beans,Local,2026-09-05,2500.0,3000.0,2750.0,2750.0,quintal,2750.0,₹/quintal,True
Tamil Nadu,Virudhunagar,Rajapalayam,Coconut,Coconut,Local,2026-09-05,5000.0,6000.0,5500.0,5500.0,quintal,5500.0,₹/quintal,True
Tamil Nadu,Virudhunagar,Rajapalayam,Colacasia,Colacasia,Local,2026-09-05,5000.0,6000.0,5500.0,5500.0,quintal,5500.0,₹/quintal,True
Tamil Nadu,Virudhunagar,Rajapalayam,Coriander(Leaves),I Sort,Local,2026-09-05,4000.0,4500.0,4250.0,4250.0,quintal,4250.0,₹/quintal,True
Tamil Nadu,Virudhunagar,Rajapalayam,Drumstick,Drumstick,Local,2026-09-05,4500.0,5000.0,4750.0,4750.0,quintal,4750.0,₹/quintal,True
Tamil Nadu,Virudhunagar,Rajapalayam,Elephant Yam(Suran)/Amorphophallus,Elephant Yam (Suran),Local,2026-09-05,4500.0,5000.0,4750.0,4750.0,quintal,4750.0,₹/quintal,True
Tamil Nadu,Virudhunagar,Rajapalayam,Ginger(Green),Green Ginger,Local,2026-09-05,10000.0,12000.0,11000.0,11000.0,quintal,11000.0,₹/quintal,True
Tamil Nadu,Virudhunagar,Rajapalayam,Green Avare(W),Green Avare (W),Local,2026-09-05,6000.0,7000.0,6500.0,6500.0,quintal,6500.0,₹/quintal,True
Tamil Nadu,Virudhunagar,Rajapalayam,Green Chilli,Green Chilly,Local,2026-09-05,5000.0,6000.0,5500.0,5500.0,quintal,5500.0,₹/quintal,True
Tamil Nadu,Virudhunagar,Rajapalayam,Guava,Guava Allahabad,Local,2026-09-05,4500.0,5000.0,4750.0,4750.0,quintal,4750.0,₹/quintal,True
Tamil Nadu,Virudhunagar,Rajapalayam,Knool Khol,Knool Khol,Local,2026-09-05,5000.0,6000.0,5500.0,5500.0,quintal,5500.0,₹/quintal,True
Tamil Nadu,Virudhunagar,Rajapalayam,Lemon,Lemon,Local,2026-09-05,20000.0,22000.0,21000.0,21000.0,quintal,21000.0,₹/quintal,True
Tamil Nadu,Virudhunagar,Rajapalayam,Lime,Lime,Local,2026-09-05,10000.0,12000.0,11000.0,11000.0,quintal,11000.0,₹/quintal,True
Tamil Nadu,Virudhunagar,Rajapalayam,Mint(Pudina),Mint(Pudina),Local,2026-09-05,4500.0,5500.0,5000.0,5000.0,quintal,5000.0,₹/quintal,True
Tamil Nadu,Virudhunagar,Rajapalayam,Onion,Bellary,Local,2026-09-05,5500.0,6500.0,6000.0,6000.0,quintal,6000.0,₹/quintal,True
Tamil Nadu,Virudhunagar,Rajapalayam,Onion Green,Onion Green,Local,2026-09-05,6000.0,7000.0,6500.0,6500.0,quintal,6500.0,₹/quintal,True
Tamil Nadu,Virudhunagar,Rajapalayam,Papaya,Papaya,Local,2026-09-05,3000.0,3500.0,3250.0,3250.0,quintal,3250.0,₹/quintal,True
Tamil Nadu,Virudhunagar,Rajapalayam,Potato,Red Nanital,Local,2026-09-05,2500.0,3000.0,2750.0,2750.0,quintal,2750.0,₹/quintal,True
Tamil Nadu,Virudhunagar,Rajapalayam,Pumpkin,Pumpkin,Local,2026-09-05,2000.0,2500.0,2250.0,2250.0,quintal,2250.0,₹/quintal,True
Tamil Nadu,Virudhunagar,Rajapalayam,Raddish,Raddish,Local,2026-09-05,3000.0,3500.0,3250.0,3250.0,quintal,3250.0,₹/quintal,True
Tamil Nadu,Virudhunagar,Rajapalayam,Ridgeguard(Tori),Ridgeguard(Tori),Local,2026-09-05,3000.0,3500.0,3250.0,3250.0,quintal,3250.0,₹/quintal,True
Tamil Nadu,Virudhunagar,Rajapalayam,Snakeguard,Snakeguard,Local,2026-09-05,3000.0,3500.0,3250.0,3250.0,quintal,3250.0,₹/quintal,True
Tamil Nadu,Virudhunagar,Rajapalayam,Tomato,Deshi,Local,2026-09-05,2000.0,2500.0,2250.0,2250.0,quintal,2250.0,₹/quintal,True
Tamil Nadu,Virudhunagar,Rajapalayam,Yam(Ratalu),Yam (Ratalu),Local,2026-09-05,7000.0,8000.0,7500.0,7500.0,quintal,7500.0,₹/quintal,True
Tamil Nadu,Virudhunagar,Sathur,Amaranthus,Amaranthus,Local,2026-09-05,2500.0,3000.0,2750.0,2750.0,quintal,2750.0,₹/quintal,True
Tamil Nadu,Virudhunagar,Sathur,Ashgourd,Gouard,Local,2026-09-05,2200.0,2500.0,2350.0,2350.0,quintal,2350.0,₹/quintal,True
Tamil Nadu,Virudhunagar,Sathur,Banana,Besrai,Local,2026-09-05,3500.0,4000.0,3750.0,3750.0,quintal,3750.0,₹/quintal,True
Tamil Nadu,Virudhunagar,Sathur,Banana - Green,Banana - Green,Local,2026-09-05,3500.0,4000.0,3750.0,3750.0,quintal,3750.0,₹/quintal,True
Tamil Nadu,Virudhunagar,Sathur,Beans,Beans (Whole),Local,2026-09-05,8000.0,9000.0,8500.0,8500.0,quintal,8500.0,₹/quintal,True
Tamil Nadu,Virudhunagar,Sathur,Beetroot,Beetroot,Local,2026-09-05,4500.0,5000.0,4750.0,4750.0,quintal,4750.0,₹/quintal,True
Tamil Nadu,Virudhunagar,Sathur,Bhindi(Ladies Finger),Bhindi,Local,2026-09-05,3500.0,4000.0,3750.0,3750.0,quintal,3750.0,₹/quintal,True
Tamil Nadu,Virudhunagar,Sathur,Bitter gourd,Bitter Gourd,Local,2026-09-05,5500.0,6000.0,5750.0,5750.0,quintal,5750.0,₹/quintal,True
Tamil Nadu,Virudhunagar,Sathur,Bottle gourd,Bottle Gourd,Local,2026-09-05,1800.0,2000.0,1900.0,1900.0,quintal,1900.0,₹/quintal,True
Tamil Nadu,Virudhunagar,Sathur,Brinjal,Round,Local,2026-09-05,3500.0,4000.0,3750.0,3750.0,quintal,3750.0,₹/quintal,True
Tamil Nadu,Virudhunagar,Sathur,Cabbage,Cabbage,Local,2026-09-05,3500.0,4000.0,3750.0,3750.0,quintal,3750.0,₹/quintal,True
Tamil Nadu,Virudhunagar,Sathur,Carrot,Pusakesar,Local,2026-09-05,4500.0,5000.0,4750.0,4750.0,quintal,4750.0,₹/quintal,True
Tamil Nadu,Virudhunagar,Sathur,Cauliflower,Ranchi,Local,2026-09-05,3500.0,4000.0,3750.0,3750.0,quintal,3750.0,₹/quintal,True
Tamil Nadu,Virudhunagar,Sathur,Chikoos(Sapota),Sapota,Local,2026-09-05,2500.0,3000.0,2750.0,2750.0,quintal,2750.0,₹/quintal,True
Tamil Nadu,Virudhunagar,Sathur,Chow Chow,Chow Chow,Local,2026-09-05,3000.0,3500.0,3250.0,3250.0,quintal,3250.0,₹/quintal,True
Tamil Nadu,Virudhunagar,Sathur,Cluster beans,Cluster Beans,Local,2026-09-05,4500.0,5000.0,4750.0,4750.0,quintal,4750.0,₹/quintal,True
Tamil Nadu,Virudhunagar,Sathur,Coconut,Coconut,Local,2026-09-05,5500.0,6000.0,5750.0,5750.0,quintal,5750.0,₹/quintal,True
Tamil Nadu,Virudhunagar,Sathur,Coriander(Leaves),I Sort,Local,2026-09-05,4500.0,5000.0,4750.0,4750.0,quintal,4750.0,₹/quintal,True
Tamil Nadu,Virudhunagar,Sathur,Drumstick,Drumstick,Local,2026-09-05,3500.0,4000.0,3750.0,3750.0,quintal,3750.0,₹/quintal,True
Tamil Nadu,Virudhunagar,Sathur,Green Avare(W),Green Avare (W),Local,2026-09-05,9000.0,10000.0,9500.0,9500.0,quintal,9500.0,₹/quintal,True
Tamil Nadu,Virudhunagar,Sathur,Green Chilli,Green Chilly,Local,2026-09-05,4500.0,5000.0,4750.0,4750.0,quintal,4750.0,₹/quintal,True
Tamil Nadu,Virudhunagar,Sathur,Guava,Guava Allahabad,Local,2026-09-05,4500.0,5000.0,4750.0,4750.0,quintal,4750.0,₹/quintal,True
Tamil Nadu,Virudhunagar,Sathur,Lemon,Lemon,Local,2026-09-05,13000.0,14000.0,13500.0,13500.0,quintal,13500.0,₹/quintal,True
Tamil Nadu,Virudhunagar,Sathur,Mint(Pudina),Mint(Pudina),Local,2026-09-05,3500.0,4000.0,3750.0,3750.0,quintal,3750.0,₹/quintal,True
Tamil Nadu,Virudhunagar,Sathur,Onion,Bellary,Local,2026-09-05,4500.0,5000.0,4750.0,4750.0,quintal,4750.0,₹/quintal,True
Tamil Nadu,Virudhunagar,Sathur,Onion Green,Onion Green,Local,2026-09-05,6500.0,7000.0,6750.0,6750.0,quintal,6750.0,₹/quintal,True
Tamil Nadu,Virudhunagar,Sathur,Papaya,Papaya,Local,2026-09-05,2500.0,3000.0,2750.0,2750.0,quintal,2750.0,₹/quintal,True
Tamil Nadu,Virudhunagar,Sathur,Potato,Red Nanital,Local,2026-09-05,3500.0,4000.0,3750.0,3750.0,quintal,3750.0,₹/quintal,True
Tamil Nadu,Virudhunagar,Sathur,Pumpkin,Pumpkin,Local,2026-09-05,2200.0,2500.0,2350.0,2350.0,quintal,2350.0,₹/quintal,True
Tamil Nadu,Virudhunagar,Sathur,Raddish,Raddish,Local,2026-09-05,3000.0,3500.0,3250.0,3250.0,quintal,3250.0,₹/quintal,True
Tamil Nadu,Virudhunagar,Sathur,Ridgeguard(Tori),Ridgeguard(Tori),Local,2026-09-05,5500.0,6000.0,5750.0,5750.0,quintal,5750.0,₹/quintal,True
Tamil Nadu,Virudhunagar,Sathur,Snakeguard,Snakeguard,Local,2026-09-05,3500.0,4000.0,3750.0,3750.0,quintal,3750.0,₹/quintal,True
Tamil Nadu,Virudhunagar,Sathur,Tomato,Deshi,Local,2026-09-05,2000.0,2500.0,2250.0,2250.0,quintal,2250.0,₹/quintal,True
Tamil Nadu,Virudhunagar,Sivakasi,Amaranthus,Amaranthus,Local,2026-09-05,2500.0,3000.0,2750.0,2750.0,quintal,2750.0,₹/quintal,True
Tamil Nadu,Virudhunagar,Sivakasi,Ashgourd,Gouard,Local,2026-09-05,2000.0,2500.0,2250.0,2250.0,quintal,2250.0,₹/quintal,True
Tamil Nadu,Virudhunagar,Sivakasi,Banana,Besrai,Local,2026-09-05,4500.0,5000.0,4750.0,4750.0,quintal,4750.0,₹/quintal,True
Tamil Nadu,Virudhunagar,Sivakasi,Banana - Green,Banana - Green,Local,2026-09-05,3500.0,4000.0,3750.0,3750.0,quintal,3750.0,₹/quintal,True
Tamil Nadu,Virudhunagar,Sivakasi,Beans,Beans (Whole),Local,2026-09-05,7000.0,8000.0,7500.0,7500.0,quintal,7500.0,₹/quintal,True
Tamil Nadu,Virudhunagar,Sivakasi,Beetroot,Beetroot,Local,2026-09-05,3500.0,4000.0,3750.0,3750.0,quintal,3750.0,₹/quintal,True
Tamil Nadu,Virudhunagar,Sivakasi,Bhindi(Ladies Finger),Bhindi,Local,2026-09-05,4500.0,5000.0,4750.0,4750.0,quintal,4750.0,₹/quintal,True
Tamil Nadu,Virudhunagar,Sivakasi,Bitter gourd,Bitter Gourd,Local,2026-09-05,4500.0,5000.0,4750.0,4750.0,quintal,4750.0,₹/quintal,True
Tamil Nadu,Virudhunagar,Sivakasi,Bottle gourd,Bottle Gourd,Local,2026-09-05,1700.0,2000.0,1850.0,1850.0,quintal,1850.0,₹/quintal,True
Tamil Nadu,Virudhunagar,Sivakasi,Brinjal,Round,Local,2026-09-05,3500.0,4000.0,3750.0,3750.0,quintal,3750.0,₹/quintal,True
Tamil Nadu,Virudhunagar,Sivakasi,Cabbage,Cabbage,Local,2026-09-05,3000.0,3500.0,3250.0,3250.0,quintal,3250.0,₹/quintal,True
Tamil Nadu,Virudhunagar,Sivakasi,Carrot,Pusakesar,Local,2026-09-05,3500.0,4000.0,3750.0,3750.0,quintal,3750.0,₹/quintal,True
Tamil Nadu,Virudhunagar,Sivakasi,Cauliflower,Ranchi,Local,2026-09-05,5000.0,6000.0,5500.0,5500.0,quintal,5500.0,₹/quintal,True
Tamil Nadu,Virudhunagar,Sivakasi,Chikoos(Sapota),Sapota,Local,2026-09-05,3500.0,4000.0,3750.0,3750.0,quintal,3750.0,₹/quintal,True
Tamil Nadu,Virudhunagar,Sivakasi,Chow Chow,Chow Chow,Local,2026-09-05,3500.0,4000.0,3750.0,3750.0,quintal,3750.0,₹/quintal,True
Tamil Nadu,Virudhunagar,Sivakasi,Cluster beans,Cluster Beans,Local,2026-09-05,3500.0,4000.0,3750.0,3750.0,quintal,3750.0,₹/quintal,True
Tamil Nadu,Virudhunagar,Sivakasi,Coconut,Coconut,Local,2026-09-05,6000.0,7000.0,6500.0,6500.0,quintal,6500.0,₹/quintal,True
Tamil Nadu,Virudhunagar,Sivakasi,Coriander(Leaves),I Sort,Local,2026-09-05,4500.0,5000.0,4750.0,4750.0,quintal,4750.0,₹/quintal,True
Tamil Nadu,Virudhunagar,Sivakasi,Drumstick,Drumstick,Local,2026-09-05,2500.0,3000.0,2750.0,2750.0,quintal,2750.0,₹/quintal,True
Tamil Nadu,Virudhunagar,Sivakasi,Elephant Yam(Suran)/Amorphophallus,Elephant Yam (Suran),Local,2026-09-05,3500.0,4000.0,3750.0,3750.0,quintal,3750.0,₹/quintal,True
Tamil Nadu,Virudhunagar,Sivakasi,Ginger(Green),Green Ginger,Local,2026-09-05,14000.0,15000.0,14500.0,14500.0,quintal,14500.0,₹/quintal,True
Tamil Nadu,Virudhunagar,Sivakasi,Green Avare(W),Green Avare (W),Local,2026-09-05,4500.0,5000.0,4750.0,4750.0,quintal,4750.0,₹/quintal,True
Tamil Nadu,Virudhunagar,Sivakasi,Green Chilli,Green Chilly,Local,2026-09-05,4500.0,5000.0,4750.0,4750.0,quintal,4750.0,₹/quintal,True
Tamil Nadu,Virudhunagar,Sivakasi,Guava,Guava Allahabad,Local,2026-09-05,5000.0,6000.0,5500.0,5500.0,quintal,5500.0,₹/quintal,True
Tamil Nadu,Virudhunagar,Sivakasi,Lemon,Lemon,Local,2026-09-05,14000.0,15000.0,14500.0,14500.0,quintal,14500.0,₹/quintal,True
Tamil Nadu,Virudhunagar,Sivakasi,Mint(Pudina),Mint(Pudina),Local,2026-09-05,4500.0,5000.0,4750.0,4750.0,quintal,4750.0,₹/quintal,True
Tamil Nadu,Virudhunagar,Sivakasi,Onion,Bellary,Local,2026-09-05,5000.0,6000.0,5500.0,5500.0,quintal,5500.0,₹/quintal,True
Tamil Nadu,Virudhunagar,Sivakasi,Onion Green,Onion Green,Local,2026-09-05,7000.0,8000.0,7500.0,7500.0,quintal,7500.0,₹/quintal,True
Tamil Nadu,Virudhunagar,Sivakasi,Papaya,Papaya,Local,2026-09-05,2500.0,3000.0,2750.0,2750.0,quintal,2750.0,₹/quintal,True
Tamil Nadu,Virudhunagar,Sivakasi,Potato,Red Nanital,Local,2026-09-05,4500.0,5000.0,4750.0,4750.0,quintal,4750.0,₹/quintal,True
Tamil Nadu,Virudhunagar,Sivakasi,Pumpkin,Pumpkin,Local,2026-09-05,1700.0,2000.0,1850.0,1850.0,quintal,1850.0,₹/quintal,True
Tamil Nadu,Virudhunagar,Sivakasi,Raddish,Raddish,Local,2026-09-05,3500.0,4000.0,3750.0,3750.0,quintal,3750.0,₹/quintal,True
Tamil Nadu,Virudhunagar,Sivakasi,Ridgeguard(Tori),Ridgeguard(Tori),Local,2026-09-05,4500.0,5000.0,4750.0,4750.0,quintal,4750.0,₹/quintal,True
Tamil Nadu,Virudhunagar,Sivakasi,Snakeguard,Snakeguard,Local,2026-09-05,3500.0,4000.0,3750.0,3750.0,quintal,3750.0,₹/quintal,True
Tamil Nadu,Virudhunagar,Sivakasi,Tomato,Deshi,Local,2026-09-05,1700.0,2000.0,1850.0,1850.0,quintal,1850.0,₹/quintal,True
Tamil Nadu,Virudhunagar,Sivakasi,Yam(Ratalu),Yam (Ratalu),Local,2026-09-05,5000.0,6000.0,5500.0,5500.0,quintal,5500.0,₹/quintal,True
Tamil Nadu,Virudhunagar,Srivilliputhur,Amaranthus,Amaranthus,Local,2026-09-05,2500.0,3000.0,2750.0,2750.0,quintal,2750.0,₹/quintal,True
Tamil Nadu,Virudhunagar,Srivilliputhur,Ashgourd,Gouard,Local,2026-09-05,2500.0,3000.0,2750.0,2750.0,quintal,2750.0,₹/quintal,True
Tamil Nadu,Virudhunagar,Srivilliputhur,Banana,Besrai,Local,2026-09-05,3500.0,4000.0,3750.0,3750.0,quintal,3750.0,₹/quintal,True
Tamil Nadu,Virudhunagar,Srivilliputhur,Banana - Green,Banana - Green,Local,2026-09-05,2500.0,3000.0,2750.0,2750.0,quintal,2750.0,₹/quintal,True
Tamil Nadu,Virudhunagar,Srivilliputhur,Beans,Beans (Whole),Local,2026-09-05,7000.0,8000.0,7500.0,7500.0,quintal,7500.0,₹/quintal,True
Tamil Nadu,Virudhunagar,Srivilliputhur,Beetroot,Beetroot,Local,2026-09-05,4000.0,4500.0,4250.0,4250.0,quintal,4250.0,₹/quintal,True
Tamil Nadu,Virudhunagar,Srivilliputhur,Bhindi(Ladies Finger),Bhindi,Local,2026-09-05,3000.0,3500.0,3250.0,3250.0,quintal,3250.0,₹/quintal,True
Tamil Nadu,Virudhunagar,Srivilliputhur,Bitter gourd,Bitter Gourd,Local,2026-09-05,7000.0,8000.0,7500.0,7500.0,quintal,7500.0,₹/quintal,True
Tamil Nadu,Virudhunagar,Srivilliputhur,Bottle gourd,Bottle Gourd,Local,2026-09-05,1700.0,2000.0,1850.0,1850.0,quintal,1850.0,₹/quintal,True
Tamil Nadu,Virudhunagar,Srivilliputhur,Brinjal,Round,Local,2026-09-05,3500.0,4000.0,3750.0,3750.0,quintal,3750.0,₹/quintal,True
Tamil Nadu,Virudhunagar,Srivilliputhur,Cabbage,Cabbage,Local,2026-09-05,3000.0,3500.0,3250.0,3250.0,quintal,3250.0,₹/quintal,True
Tamil Nadu,Virudhunagar,Srivilliputhur,Carrot,Pusakesar,Local,2026-09-05,4000.0,4500.0,4250.0,4250.0,quintal,4250.0,₹/quintal,True
Tamil Nadu,Virudhunagar,Srivilliputhur,Cauliflower,Ranchi,Local,2026-09-05,2500.0,3000.0,2750.0,2750.0,quintal,2750.0,₹/quintal,True
Tamil Nadu,Virudhunagar,Srivilliputhur,Chow Chow,Chow Chow,Local,2026-09-05,3500.0,4000.0,3750.0,3750.0,quintal,3750.0,₹/quintal,True
Tamil Nadu,Virudhunagar,Srivilliputhur,Cluster beans,Cluster Beans,Local,2026-09-05,3500.0,4000.0,3750.0,3750.0,quintal,3750.0,₹/quintal,True
Tamil Nadu,Virudhunagar,Srivilliputhur,Coconut,Coconut,Local,2026-09-05,5000.0,6000.0,5500.0,5500.0,quintal,5500.0,₹/quintal,True
Tamil Nadu,Virudhunagar,Srivilliputhur,Colacasia,Colacasia,Local,2026-09-05,5000.0,6000.0,5500.0,5500.0,quintal,5500.0,₹/quintal,True
Tamil Nadu,Virudhunagar,Srivilliputhur,Coriander(Leaves),I Sort,Local,2026-09-05,3500.0,4000.0,3750.0,3750.0,quintal,3750.0,₹/quintal,True
Tamil Nadu,Virudhunagar,Srivilliputhur,Drumstick,Drumstick,Local,2026-09-05,3500.0,4000.0,3750.0,3750.0,quintal,3750.0,₹/quintal,True
Tamil Nadu,Virudhunagar,Srivilliputhur,Elephant Yam(Suran)/Amorphophallus,Elephant Yam (Suran),Local,2026-09-05,4500.0,5000.0,4750.0,4750.0,quintal,4750.0,₹/quintal,True
Tamil Nadu,Virudhunagar,Srivilliputhur,Ginger(Green),Green Ginger,Local,2026-09-05,17000.0,18000.0,17500.0,17500.0,quintal,17500.0,₹/quintal,True
Tamil Nadu,Virudhunagar,Srivilliputhur,Green Avare(W),Green Avare (W),Local,2026-09-05,5000.0,6000.0,5500.0,5500.0,quintal,5500.0,₹/quintal,True
Tamil Nadu,Virudhunagar,Srivilliputhur,Green Chilli,Green Chilly,Local,2026-09-05,4500.0,5000.0,4750.0,4750.0,quintal,4750.0,₹/quintal,True
Tamil Nadu,Virudhunagar,Srivilliputhur,Guava,Guava Allahabad,Local,2026-09-05,4500.0,5000.0,4750.0,4750.0,quintal,4750.0,₹/quintal,True
Tamil Nadu,Virudhunagar,Srivilliputhur,Lemon,Lemon,Local,2026-09-05,19000.0,20000.0,19500.0,19500.0,quintal,19500.0,₹/quintal,True
Tamil Nadu,Virudhunagar,Srivilliputhur,Mint(Pudina),Mint(Pudina),Local,2026-09-05,4500.0,5000.0,4750.0,4750.0,quintal,4750.0,₹/quintal,True
Tamil Nadu,Virudhunagar,Srivilliputhur,Onion,Bellary,Local,2026-09-05,5000.0,6000.0,5500.0,5500.0,quintal,5500.0,₹/quintal,True
Tamil Nadu,Virudhunagar,Srivilliputhur,Onion Green,Onion Green,Local,2026-09-05,7000.0,8000.0,7500.0,7500.0,quintal,7500.0,₹/quintal,True
Tamil Nadu,Virudhunagar,Srivilliputhur,Papaya,Papaya,Local,2026-09-05,2500.0,3000.0,2750.0,2750.0,quintal,2750.0,₹/quintal,True
Tamil Nadu,Virudhunagar,Srivilliputhur,Potato,Red Nanital,Local,2026-09-05,2500.0,3000.0,2750.0,2750.0,quintal,2750.0,₹/quintal,True
Tamil Nadu,Virudhunagar,Srivilliputhur,Pumpkin,Pumpkin,Local,2026-09-05,2000.0,2500.0,2250.0,2250.0,quintal,2250.0,₹/quintal,True
Tamil Nadu,Virudhunagar,Srivilliputhur,Raddish,Raddish,Local,2026-09-05,3000.0,3500.0,3250.0,3250.0,quintal,3250.0,₹/quintal,True
Tamil Nadu,Virudhunagar,Srivilliputhur,Ridgeguard(Tori),Ridgeguard(Tori),Local,2026-09-05,4500.0,5000.0,4750.0,4750.0,quintal,4750.0,₹/quintal,True
Tamil Nadu,Virudhunagar,Srivilliputhur,Snakeguard,Snakeguard,Local,2026-09-05,3500.0,4000.0,3750.0,3750.0,quintal,3750.0,₹/quintal,True
Tamil Nadu,Virudhunagar,Srivilliputhur,Tender Coconut,Tender Coconut,Local,2026-09-05,2000.0,2500.0,2250.0,2250.0,quintal,2250.0,₹/quintal,True
Tamil Nadu,Virudhunagar,Srivilliputhur,Thondekai,Thondekai,Local,2026-09-05,5000.0,6000.0,5500.0,5500.0,quintal,5500.0,₹/quintal,True
Tamil Nadu,Virudhunagar,Srivilliputhur,Tomato,Deshi,Local,2026-09-05,2000.0,2500.0,2250.0,2250.0,quintal,2250.0,₹/quintal,True
Tamil Nadu,Virudhunagar,Srivilliputhur,Yam(Ratalu),Yam (Ratalu),Local,2026-09-05,7000.0,8000.0,7500.0,7500.0,quintal,7500.0,₹/quintal,True
Tamil Nadu,Virudhunagar,Thalavaipuram,Amaranthus,Amaranthus,Local,2026-09-05,2800.0,3500.0,3150.0,3150.0,quintal,3150.0,₹/quintal,True
Tamil Nadu,Virudhunagar,Thalavaipuram,Ashgourd,Gouard,Local,2026-09-05,2500.0,3000.0,2750.0,2750.0,quintal,2750.0,₹/quintal,True
Tamil Nadu,Virudhunagar,Thalavaipuram,Banana,Besrai,Local,2026-09-05,3200.0,4000.0,3600.0,3600.0,quintal,3600.0,₹/quintal,True
Tamil Nadu,Virudhunagar,Thalavaipuram,Banana - Green,Banana - Green,Local,2026-09-05,2800.0,3500.0,3150.0,3150.0,quintal,3150.0,₹/quintal,True
Tamil Nadu,Virudhunagar,Thalavaipuram,Beans,Beans (Whole),Local,2026-09-05,6500.0,8000.0,7250.0,7250.0,quintal,7250.0,₹/quintal,True
Tamil Nadu,Virudhunagar,Thalavaipuram,Beetroot,Beetroot,Local,2026-09-05,3600.0,4500.0,4050.0,4050.0,quintal,4050.0,₹/quintal,True
Tamil Nadu,Virudhunagar,Thalavaipuram,Bhindi(Ladies Finger),Bhindi,Local,2026-09-05,2800.0,3500.0,3150.0,3150.0,quintal,3150.0,₹/quintal,True
Tamil Nadu,Virudhunagar,Thalavaipuram,Bitter gourd,Other,Local,2026-09-05,7500.0,9000.0,8250.0,8250.0,quintal,8250.0,₹/quintal,True
Tamil Nadu,Virudhunagar,Thalavaipuram,Bottle gourd,Bottle Gourd,Local,2026-09-05,1600.0,2000.0,1800.0,1800.0,quintal,1800.0,₹/quintal,True
Tamil Nadu,Virudhunagar,Thalavaipuram,Brinjal,Round,Local,2026-09-05,3200.0,4000.0,3600.0,3600.0,quintal,3600.0,₹/quintal,True
Tamil Nadu,Virudhunagar,Thalavaipuram,Cabbage,Cabbage,Local,2026-09-05,2600.0,3200.0,2900.0,2900.0,quintal,2900.0,₹/quintal,True
Tamil Nadu,Virudhunagar,Thalavaipuram,Carrot,Pusakesar,Local,2026-09-05,3600.0,4500.0,4050.0,4050.0,quintal,4050.0,₹/quintal,True
Tamil Nadu,Virudhunagar,Thalavaipuram,Cauliflower,Ranchi,Local,2026-09-05,2800.0,3500.0,3150.0,3150.0,quintal,3150.0,₹/quintal,True
Tamil Nadu,Virudhunagar,Thalavaipuram,Chikoos(Sapota),Sapota,Local,2026-09-05,2800.0,3500.0,3150.0,3150.0,quintal,3150.0,₹/quintal,True
Tamil Nadu,Virudhunagar,Thalavaipuram,Chow Chow,Chow Chow,Local,2026-09-05,3200.0,4000.0,3600.0,3600.0,quintal,3600.0,₹/quintal,True
Tamil Nadu,Virudhunagar,Thalavaipuram,Cluster beans,Cluster Beans,Local,2026-09-05,2500.0,3000.0,2750.0,2750.0,quintal,2750.0,₹/quintal,True
Tamil Nadu,Virudhunagar,Thalavaipuram,Coconut,Coconut,Local,2026-09-05,5000.0,6000.0,5500.0,5500.0,quintal,5500.0,₹/quintal,True
Tamil Nadu,Virudhunagar,Thalavaipuram,Colacasia,Colacasia,Local,2026-09-05,5000.0,6000.0,5500.0,5500.0,quintal,5500.0,₹/quintal,True
Tamil Nadu,Virudhunagar,Thalavaipuram,Coriander(Leaves),I Sort,Local,2026-09-05,3600.0,4500.0,4050.0,4050.0,quintal,4050.0,₹/quintal,True
Tamil Nadu,Virudhunagar,Thalavaipuram,Drumstick,Drumstick,Local,2026-09-05,4000.0,5000.0,4500.0,4500.0,quintal,4500.0,₹/quintal,True
Tamil Nadu,Virudhunagar,Thalavaipuram,Elephant Yam(Suran)/Amorphophallus,Elephant Yam (Suran),Local,2026-09-05,4000.0,5000.0,4500.0,4500.0,quintal,4500.0,₹/quintal,True
Tamil Nadu,Virudhunagar,Thalavaipuram,Ginger(Green),Green Ginger,Local,2026-09-05,10000.0,12000.0,11000.0,11000.0,quintal,11000.0,₹/quintal,True
Tamil Nadu,Virudhunagar,Thalavaipuram,Green Avare(W),Green Avare (W),Local,2026-09-05,5500.0,7000.0,6250.0,6250.0,quintal,6250.0,₹/quintal,True
Tamil Nadu,Virudhunagar,Thalavaipuram,Green Chilli,Green Chilly,Local,2026-09-05,5000.0,6000.0,5500.0,5500.0,quintal,5500.0,₹/quintal,True
Tamil Nadu,Virudhunagar,Thalavaipuram,Guava,Guava Allahabad,Local,2026-09-05,3200.0,4000.0,3600.0,3600.0,quintal,3600.0,₹/quintal,True
Tamil Nadu,Virudhunagar,Thalavaipuram,Lemon,Lemon,Local,2026-09-05,18000.0,22000.0,20000.0,20000.0,quintal,20000.0,₹/quintal,True
Tamil Nadu,Virudhunagar,Thalavaipuram,Lime,Lime,Local,2026-09-05,10000.0,12000.0,11000.0,11000.0,quintal,11000.0,₹/quintal,True
Tamil Nadu,Virudhunagar,Thalavaipuram,Mint(Pudina),Mint(Pudina),Local,2026-09-05,4500.0,5500.0,5000.0,5000.0,quintal,5000.0,₹/quintal,True
Tamil Nadu,Virudhunagar,Thalavaipuram,Onion,Bellary,Local,2026-09-05,5500.0,6500.0,6000.0,6000.0,quintal,6000.0,₹/quintal,True
Tamil Nadu,Virudhunagar,Thalavaipuram,Onion Green,Onion Green,Local,2026-09-05,6500.0,8000.0,7250.0,7250.0,quintal,7250.0,₹/quintal,True
Tamil Nadu,Virudhunagar,Thalavaipuram,Papaya,Papaya,Local,2026-09-05,2800.0,3500.0,3150.0,3150.0,quintal,3150.0,₹/quintal,True
Tamil Nadu,Virudhunagar,Thalavaipuram,Potato,Red Nanital,Local,2026-09-05,2500.0,3000.0,2750.0,2750.0,quintal,2750.0,₹/quintal,True
Tamil Nadu,Virudhunagar,Thalavaipuram,Pumpkin,Pumpkin,Local,2026-09-05,2000.0,2500.0,2250.0,2250.0,quintal,2250.0,₹/quintal,True
Tamil Nadu,Virudhunagar,Thalavaipuram,Raddish,Raddish,Local,2026-09-05,2800.0,3500.0,3150.0,3150.0,quintal,3150.0,₹/quintal,True
Tamil Nadu,Virudhunagar,Thalavaipuram,Ridgeguard(Tori),Ridgeguard(Tori),Local,2026-09-05,2800.0,3500.0,3150.0,3150.0,quintal,3150.0,₹/quintal,True
Tamil Nadu,Virudhunagar,Thalavaipuram,Snakeguard,Snakeguard,Local,2026-09-05,2800.0,3500.0,3150.0,3150.0,quintal,3150.0,₹/quintal,True
Tamil Nadu,Virudhunagar,Thalavaipuram,Tomato,Deshi,Local,2026-09-05,2000.0,2500.0,2250.0,2250.0,quintal,2250.0,₹/quintal,True
Tamil Nadu,Virudhunagar,Thalavaipuram,Yam(Ratalu),Yam (Ratalu),Local,2026-09-05,6500.0,8000.0,7250.0,7250.0,quintal,7250.0,₹/quintal,True
Tamil Nadu,Virudhunagar,Virudhunagar,Amaranthus,Amaranthus,Local,2026-09-05,1500.0,1600.0,1550.0,1550.0,quintal,1550.0,₹/quintal,True
Tamil Nadu,Virudhunagar,Virudhunagar,Ashgourd,Gouard,Local,2026-09-05,2100.0,2200.0,2150.0,2150.0,quintal,2150.0,₹/quintal,True
Tamil Nadu,Virudhunagar,Virudhunagar,Banana - Green,Banana - Green,Local,2026-09-05,3100.0,3200.0,3150.0,3150.0,quintal,3150.0,₹/quintal,True
Tamil Nadu,Virudhunagar,Virudhunagar,Beetroot,Beetroot,Local,2026-09-05,4400.0,4500.0,4450.0,4450.0,quintal,4450.0,₹/quintal,True
Tamil Nadu,Virudhunagar,Virudhunagar,Bhindi(Ladies Finger),Bhindi,Local,2026-09-05,2800.0,2900.0,2850.0,2850.0,quintal,2850.0,₹/quintal,True
Tamil Nadu,Virudhunagar,Virudhunagar,Bitter gourd,Bitter Gourd,Local,2026-09-05,5700.0,5800.0,5750.0,5750.0,quintal,5750.0,₹/quintal,True
Tamil Nadu,Virudhunagar,Virudhunagar,Brinjal,Round,Local,2026-09-05,3400.0,3500.0,3450.0,3450.0,quintal,3450.0,₹/quintal,True
Tamil Nadu,Virudhunagar,Virudhunagar,Cabbage,Cabbage,Local,2026-09-05,3500.0,3600.0,3550.0,3550.0,quintal,3550.0,₹/quintal,True
Tamil Nadu,Virudhunagar,Virudhunagar,Carrot,Pusakesar,Local,2026-09-05,6400.0,6500.0,6450.0,6450.0,quintal,6450.0,₹/quintal,True
Tamil Nadu,Virudhunagar,Virudhunagar,Cauliflower,Ranchi,Local,2026-09-05,3400.0,3500.0,3450.0,3450.0,quintal,3450.0,₹/quintal,True
Tamil Nadu,Virudhunagar,Virudhunagar,Chow Chow,Chow Chow,Local,2026-09-05,3400.0,3500.0,3450.0,3450.0,quintal,3450.0,₹/quintal,True
Tamil Nadu,Virudhunagar,Virudhunagar,Coconut,Coconut,Local,2026-09-05,5400.0,5500.0,5450.0,5450.0,quintal,5450.0,₹/quintal,True
Tamil Nadu,Virudhunagar,Virudhunagar,Green Avare(W),Green Avare (W),Local,2026-09-05,6400.0,6500.0,6450.0,6450.0,quintal,6450.0,₹/quintal,True
Tamil Nadu,Virudhunagar,Virudhunagar,Onion,Bellary,Local,2026-09-05,5400.0,5500.0,5450.0,5450.0,quintal,5450.0,₹/quintal,True
Tamil Nadu,Virudhunagar,Virudhunagar,Onion Green,Onion Green,Local,2026-09-05,6300.0,6400.0,6350.0,6350.0,quintal,6350.0,₹/quintal,True
Tamil Nadu,Virudhunagar,Virudhunagar,Potato,Red Nanital,Local,2026-09-05,2700.0,2800.0,2750.0,2750.0,quintal,2750.0,₹/quintal,True
Tamil Nadu,Virudhunagar,Virudhunagar,Tomato,Deshi,Local,2026-09-05,2500.0,2700.0,2600.0,2600.0,quintal,2600.0,₹/quintal,True
Telangana,Bhadradri Kothagudem,Bhadrachalam APMC,Paddy(Common),Samba Masuri,FAQ,2026-09-05,2389.0,2389.0,2389.0,2389.0,quintal,2389.0,₹/quintal,True
Telangana,Bhadradri Kothagudem,Dammapet APMC,Paddy(Common),1001,FAQ,2026-09-05,2409.0,2409.0,2409.0,2409.0,quintal,2409.0,₹/quintal,True
Telangana,Bhadradri Kothagudem,Dammapet APMC,Wood,Eucalyptus,FAQ,2026-09-05,400.0,500.0,450.0,450.0,quintal,450.0,₹/quintal,True
Telangana,Karimnagar,"Weekly Market Area,RBZ APMC",Beetroot,Beetroot,Local,2026-09-05,2000.0,3500.0,2000.0,2000.0,quintal,2000.0,₹/quintal,True
Telangana,Karimnagar,"Weekly Market Area,RBZ APMC",Bhindi(Ladies Finger),Other,Grade C,2026-09-05,2000.0,3500.0,2000.0,2000.0,quintal,2000.0,₹/quintal,True
Telangana,Khammam,"Sattupalli (Ramalayam),RBZ",Tomato,Deshi,FAQ,2026-09-05,2000.0,3000.0,2600.0,2600.0,quintal,2600.0,₹/quintal,True
Telangana,Khammam,Sattupally APMC,Paddy(Common),Samba Masuri,Non-FAQ,2026-09-05,2300.0,2369.0,2350.0,2350.0,quintal,2350.0,₹/quintal,True
Telangana,Ranga Reddy,Shankarapally APMC,Green Chilli,Green Chilly,Local,2026-09-05,5000.0,5000.0,5000.0,5000.0,quintal,5000.0,₹/quintal,True
Telangana,Ranga Reddy,Shankarapally APMC,Potato,Potato,Local,2026-09-05,1800.0,1900.0,1850.0,1850.0,quintal,1850.0,₹/quintal,True
Telangana,Ranga Reddy,Shankarapally APMC,Thondekai,Thondekai,Local,2026-09-05,5000.0,5000.0,5000.0,5000.0,quintal,5000.0,₹/quintal,True
Telangana,Ranga Reddy,Shankarapally APMC,Tomato,Deshi,Local,2026-09-05,1000.0,1000.0,1000.0,1000.0,quintal,1000.0,₹/quintal,True
Telangana,Siddipet,Bejjenki APMC,Maize,Local,FAQ,2026-09-05,2250.0,2250.0,2250.0,2250.0,quintal,2250.0,₹/quintal,True
Tripura,Dhalai,Gondatwisa APMC,Bitter gourd,Bitter Gourd,FAQ,2026-09-05,4000.0,4500.0,4300.0,4300.0,quintal,4300.0,₹/quintal,True
Tripura,Dhalai,Gondatwisa APMC,Brinjal,Round/Long,FAQ,2026-09-05,3500.0,4000.0,3800.0,3800.0,quintal,3800.0,₹/quintal,True
Tripura,Dhalai,Gondatwisa APMC,Cucumbar(Kheera),Cucumbar,FAQ,2026-09-05,6500.0,7000.0,6800.0,6800.0,quintal,6800.0,₹/quintal,True
Tripura,Dhalai,Gondatwisa APMC,Green Chilli,Green Chilly,FAQ,2026-09-05,13000.0,15000.0,14000.0,14000.0,quintal,14000.0,₹/quintal,True
Tripura,Dhalai,Gondatwisa APMC,Onion,Onion,FAQ,2026-09-05,5000.0,5500.0,5300.0,5300.0,quintal,5300.0,₹/quintal,True
Tripura,Dhalai,Gondatwisa APMC,Potato,F.A.Q.,FAQ,2026-09-05,2000.0,2200.0,2100.0,2100.0,quintal,2100.0,₹/quintal,True
Tripura,Dhalai,Gondatwisa APMC,Pumpkin,Pumpkin,FAQ,2026-09-05,3000.0,3500.0,3300.0,3300.0,quintal,3300.0,₹/quintal,True
Tripura,Dhalai,Gondatwisa APMC,Ridgeguard(Tori),Ridgeguard(Tori),FAQ,2026-09-05,4800.0,5000.0,4900.0,4900.0,quintal,4900.0,₹/quintal,True
Tripura,Dhalai,Gondatwisa APMC,Tomato,Hybrid,FAQ,2026-09-05,5500.0,6000.0,5800.0,5800.0,quintal,5800.0,₹/quintal,True
Tripura,Dhalai,Kulai APMC,Bhindi(Ladies Finger),Bhindi,Grade B,2026-09-05,5600.0,6000.0,5800.0,5800.0,quintal,5800.0,₹/quintal,True
Tripura,Dhalai,Kulai APMC,Bitter gourd,Bitter Gourd,Grade B,2026-09-05,8500.0,9000.0,8800.0,8800.0,quintal,8800.0,₹/quintal,True
Tripura,Dhalai,Kulai APMC,Brinjal,Round/Long,Grade B,2026-09-05,5500.0,6000.0,5800.0,5800.0,quintal,5800.0,₹/quintal,True
Tripura,Dhalai,Kulai APMC,Cucumbar(Kheera),Cucumbar,Grade B,2026-09-05,7500.0,8000.0,7700.0,7700.0,quintal,7700.0,₹/quintal,True
Tripura,Dhalai,Kulai APMC,Snakeguard,Other,Grade B,2026-09-05,4500.0,5000.0,4800.0,4800.0,quintal,4800.0,₹/quintal,True
Tripura,Dhalai,Kulai APMC,White Pumpkin,Other,Grade B,2026-09-05,3600.0,4000.0,3800.0,3800.0,quintal,3800.0,₹/quintal,True
Tripura,North Tripura,Dasda APMC,Brinjal,Round/Long,FAQ,2026-09-05,2650.0,2850.0,2750.0,2750.0,quintal,2750.0,₹/quintal,True
Tripura,North Tripura,Dasda APMC,Onion,Onion,FAQ,2026-09-05,4700.0,4900.0,4800.0,4800.0,quintal,4800.0,₹/quintal,True
Tripura,North Tripura,Dasda APMC,Potato,Other,FAQ,2026-09-05,1400.0,1500.0,1450.0,1450.0,quintal,1450.0,₹/quintal,True
Tripura,North Tripura,Dasda APMC,Rice,Other,FAQ,2026-09-05,3250.0,3350.0,3300.0,3300.0,quintal,3300.0,₹/quintal,True
Uttar Pradesh,Jalaun (Orai),Jalaun APMC,Bhindi(Ladies Finger),Bhindi,FAQ,2026-09-05,1500.0,1800.0,1800.0,1800.0,quintal,1800.0,₹/quintal,True
Uttar Pradesh,Jalaun (Orai),Jalaun APMC,Bottle gourd,Bottle Gourd,FAQ,2026-09-05,1000.0,1000.0,1000.0,1000.0,quintal,1000.0,₹/quintal,True
Uttar Pradesh,Jalaun (Orai),Jalaun APMC,Cabbage,Cabbage,FAQ,2026-09-05,1800.0,2000.0,2000.0,2000.0,quintal,2000.0,₹/quintal,True
Uttar Pradesh,Jalaun (Orai),Jalaun APMC,Capsicum,Capsicum,FAQ,2026-09-05,3500.0,3500.0,3500.0,3500.0,quintal,3500.0,₹/quintal,True
Uttar Pradesh,Jalaun (Orai),Jalaun APMC,Cauliflower,Cauliflower,FAQ,2026-09-05,2500.0,2500.0,2500.0,2500.0,quintal,2500.0,₹/quintal,True
Uttar Pradesh,Jalaun (Orai),Jalaun APMC,Colacasia,Arabi,FAQ,2026-09-05,1600.0,1600.0,1600.0,1600.0,quintal,1600.0,₹/quintal,True
Uttar Pradesh,Jalaun (Orai),Jalaun APMC,Cucumbar(Kheera),Cucumbar,FAQ,2026-09-05,1800.0,2000.0,2000.0,2000.0,quintal,2000.0,₹/quintal,True
Uttar Pradesh,Jalaun (Orai),Jalaun APMC,Pumpkin,Pumpkin,FAQ,2026-09-05,1100.0,1100.0,1100.0,1100.0,quintal,1100.0,₹/quintal,True
Uttar Pradesh,Jalaun (Orai),Jalaun APMC,Raddish,Raddish,FAQ,2026-09-05,2000.0,2000.0,2000.0,2000.0,quintal,2000.0,₹/quintal,True
Uttar Pradesh,Jalaun (Orai),Jalaun APMC,Ridgeguard(Tori),Ridgeguard(Tori),FAQ,2026-09-05,2500.0,2500.0,2500.0,2500.0,quintal,2500.0,₹/quintal,True
Uttar Pradesh,Khiri (Lakhimpur),Maigalganj APMC,Banana - Green,Banana - Green,FAQ,2026-09-05,1720.0,1760.0,1740.0,1740.0,quintal,1740.0,₹/quintal,True
Uttar Pradesh,Khiri (Lakhimpur),Maigalganj APMC,Bhindi(Ladies Finger),Bhindi,FAQ,2026-09-05,2180.0,2220.0,2200.0,2200.0,quintal,2200.0,₹/quintal,True
Uttar Pradesh,Khiri (Lakhimpur),Maigalganj APMC,Bottle gourd,Bottle Gourd,FAQ,2026-09-05,950.0,990.0,970.0,970.0,quintal,970.0,₹/quintal,True
Uttar Pradesh,Khiri (Lakhimpur),Maigalganj APMC,Brinjal,Round/Long,FAQ,2026-09-05,1080.0,1120.0,1100.0,1100.0,quintal,1100.0,₹/quintal,True
Uttar Pradesh,Khiri (Lakhimpur),Maigalganj APMC,Cabbage,Cabbage,FAQ,2026-09-05,880.0,920.0,900.0,900.0,quintal,900.0,₹/quintal,True
Uttar Pradesh,Khiri (Lakhimpur),Maigalganj APMC,Carrot,Carrot,FAQ,2026-09-05,1260.0,1300.0,1280.0,1280.0,quintal,1280.0,₹/quintal,True
Uttar Pradesh,Khiri (Lakhimpur),Maigalganj APMC,Cauliflower,Cauliflower,FAQ,2026-09-05,1440.0,1480.0,1460.0,1460.0,quintal,1460.0,₹/quintal,True
Uttar Pradesh,Khiri (Lakhimpur),Maigalganj APMC,Cucumbar(Kheera),Cucumbar,FAQ,2026-09-05,760.0,800.0,780.0,780.0,quintal,780.0,₹/quintal,True
Uttar Pradesh,Khiri (Lakhimpur),Maigalganj APMC,Pointed gourd(Parval),Pointed gourd (Parval),FAQ,2026-09-05,2160.0,2200.0,2180.0,2180.0,quintal,2180.0,₹/quintal,True
Uttar Pradesh,Khiri (Lakhimpur),Maigalganj APMC,Pumpkin,Pumpkin,FAQ,2026-09-05,650.0,690.0,670.0,670.0,quintal,670.0,₹/quintal,True
Uttar Pradesh,Mau(Maunathbhanjan),Kopaganj APMC,Apple,Apple,Grade B,2026-09-05,8999.0,9100.0,9000.0,9000.0,quintal,9000.0,₹/quintal,True
Uttar Pradesh,Mau(Maunathbhanjan),Kopaganj APMC,Banana,Medium,Grade B,2026-09-05,3920.0,4000.0,3980.0,3980.0,quintal,3980.0,₹/quintal,True
Uttar Pradesh,Mau(Maunathbhanjan),Kopaganj APMC,Banana - Green,Banana - Green,FAQ,2026-09-05,1777.0,1800.0,1788.0,1788.0,quintal,1788.0,₹/quintal,True
Uttar Pradesh,Mau(Maunathbhanjan),Kopaganj APMC,Bhindi(Ladies Finger),Bhindi,FAQ,2026-09-05,1590.0,1650.0,1600.0,1600.0,quintal,1600.0,₹/quintal,True
Uttar Pradesh,Mau(Maunathbhanjan),Kopaganj APMC,Bitter gourd,Bitter Gourd,FAQ,2026-09-05,2099.0,2200.0,2100.0,2100.0,quintal,2100.0,₹/quintal,True
Uttar Pradesh,Mau(Maunathbhanjan),Kopaganj APMC,Bottle gourd,Bottle Gourd,FAQ,2026-09-05,1340.0,1400.0,1350.0,1350.0,quintal,1350.0,₹/quintal,True
Uttar Pradesh,Mau(Maunathbhanjan),Kopaganj APMC,Brinjal,Brinjal,FAQ,2026-09-05,1450.0,1550.0,1500.0,1500.0,quintal,1500.0,₹/quintal,True
Uttar Pradesh,Mau(Maunathbhanjan),Kopaganj APMC,Cauliflower,Cauliflower,FAQ,2026-09-05,2380.0,2400.0,2390.0,2390.0,quintal,2390.0,₹/quintal,True
Uttar Pradesh,Mau(Maunathbhanjan),Kopaganj APMC,Cucumbar(Kheera),Cucumbar,FAQ,2026-09-05,1660.0,1750.0,1700.0,1700.0,quintal,1700.0,₹/quintal,True
Uttar Pradesh,Mau(Maunathbhanjan),Kopaganj APMC,Guava,Guava,Grade B,2026-09-05,4488.0,4550.0,4500.0,4500.0,quintal,4500.0,₹/quintal,True
Uttar Pradesh,Mau(Maunathbhanjan),Kopaganj APMC,Raddish,Other,FAQ,2026-09-05,1166.0,1200.0,1180.0,1180.0,quintal,1180.0,₹/quintal,True
Uttarakhand,Haridwar,Roorkee APMC,Banana,Other,Medium,2026-09-05,800.0,1200.0,1000.0,1000.0,quintal,1000.0,₹/quintal,True
Uttarakhand,Haridwar,Roorkee APMC,Bhindi(Ladies Finger),Other,Local,2026-09-05,1000.0,1600.0,1300.0,1300.0,quintal,1300.0,₹/quintal,True
Uttarakhand,Haridwar,Roorkee APMC,Bitter gourd,Other,Local,2026-09-05,650.0,850.0,750.0,750.0,quintal,750.0,₹/quintal,True
Uttarakhand,Haridwar,Roorkee APMC,Bottle gourd,Other,Local,2026-09-05,650.0,850.0,750.0,750.0,quintal,750.0,₹/quintal,True
Uttarakhand,Haridwar,Roorkee APMC,Brinjal,Other,Local,2026-09-05,700.0,1000.0,800.0,800.0,quintal,800.0,₹/quintal,True
Uttarakhand,Haridwar,Roorkee APMC,Cauliflower,Other,Local,2026-09-05,1000.0,1500.0,1200.0,1200.0,quintal,1200.0,₹/quintal,True
Uttarakhand,Haridwar,Roorkee APMC,Cucumbar(Kheera),Other,Local,2026-09-05,800.0,1000.0,900.0,900.0,quintal,900.0,₹/quintal,True
Uttarakhand,Haridwar,Roorkee APMC,Onion,Other,Medium,2026-09-05,2500.0,4500.0,3500.0,3500.0,quintal,3500.0,₹/quintal,True
Uttarakhand,Haridwar,Roorkee APMC,Papaya,Other,Medium,2026-09-05,1500.0,2200.0,2000.0,2000.0,quintal,2000.0,₹/quintal,True
Uttarakhand,Haridwar,Roorkee APMC,Potato,Other,Medium,2026-09-05,800.0,1200.0,1000.0,1000.0,quintal,1000.0,₹/quintal,True
Uttarakhand,Haridwar,Roorkee APMC,Tomato,Other,Medium,2026-09-05,1200.0,2200.0,1600.0,1600.0,quintal,1600.0,₹/quintal,True
